ISO-10303-21;
HEADER;
/* Generated by software containing ST-Developer
 * from STEP Tools, Inc. (www.steptools.com) 
 */
/* OPTION: strings as raw bytes, not using required /X/ escapes */

FILE_DESCRIPTION(
/* description */ ('Unknown'),
/* implementation_level */ '2;1');

FILE_NAME(
/* name */ 'CURIOSITY-PIC64GX1000_Housing_2',
/* time_stamp */ '2026-09-21T15:40:08+02:00',
/* author */ ('Unknown'),
/* organization */ ('Unknown'),
/* preprocessor_version */ 'ST-DEVELOPER v18.102',
/* originating_system */ 'Solid Edge',
/* authorisation */ 'Unknown');

FILE_SCHEMA (('AUTOMOTIVE_DESIGN {1 0 10303 214 3 1 1}'));
ENDSEC;

DATA;
#10=PROPERTY_DEFINITION_REPRESENTATION(#14,#12);
#11=PROPERTY_DEFINITION_REPRESENTATION(#15,#13);
#12=REPRESENTATION('',(#16),#5756);
#13=REPRESENTATION('',(#17),#5756);
#14=PROPERTY_DEFINITION('pmi validation property','',#5761);
#15=PROPERTY_DEFINITION('pmi validation property','',#5761);
#16=VALUE_REPRESENTATION_ITEM('number of annotations',COUNT_MEASURE(0.));
#17=VALUE_REPRESENTATION_ITEM('number of views',COUNT_MEASURE(0.));
#18=SHAPE_REPRESENTATION_RELATIONSHIP('','',#3816,#19);
#19=ADVANCED_BREP_SHAPE_REPRESENTATION('',(#3814),#5756);
#20=ELLIPSE('',#4011,1.4142135623731,1.);
#21=ELLIPSE('',#4012,1.4142135623731,1.);
#22=ELLIPSE('',#4015,1.4142135623731,1.);
#23=ELLIPSE('',#4016,1.4142135623731,1.);
#24=ELLIPSE('',#4019,1.41421356237309,1.);
#25=ELLIPSE('',#4020,1.4142135623731,1.);
#26=ELLIPSE('',#4023,1.4142135623731,1.);
#27=ELLIPSE('',#4024,1.4142135623731,1.);
#28=CONICAL_SURFACE('',#4001,52.5,0.785398163397448);
#29=CONICAL_SURFACE('',#4003,27.5,0.785398163397447);
#30=CONICAL_SURFACE('',#4005,27.5,0.785398163397447);
#31=CONICAL_SURFACE('',#4007,52.5,0.785398163397447);
#32=CONICAL_SURFACE('',#4026,23.,0.785398163397447);
#33=CONICAL_SURFACE('',#4030,23.,0.785398163397447);
#34=CONICAL_SURFACE('',#4034,50.,0.785398163397448);
#35=CONICAL_SURFACE('',#4035,25.5,0.785398163397455);
#36=CONICAL_SURFACE('',#4038,19.5,0.785398163397452);
#37=CONICAL_SURFACE('',#4039,25.5,0.785398163397455);
#38=CONICAL_SURFACE('',#4042,19.5,0.785398163397448);
#39=CONICAL_SURFACE('',#4043,50.,0.785398163397455);
#40=CONICAL_SURFACE('',#4045,5.50000000000001,0.785398163397453);
#41=CONICAL_SURFACE('',#4048,5.5,0.785398163397446);
#42=CONICAL_SURFACE('',#4049,21.,0.785398163397441);
#43=CONICAL_SURFACE('',#4052,5.50000000000001,0.785398163397453);
#44=CONICAL_SURFACE('',#4053,21.,0.785398163397448);
#45=CONICAL_SURFACE('',#4056,5.5,0.785398163397448);
#46=CONICAL_SURFACE('',#4058,19.,0.785398163397462);
#47=CONICAL_SURFACE('',#4060,50.,0.785398163397448);
#48=CONICAL_SURFACE('',#4062,25.5,0.785398163397448);
#49=CONICAL_SURFACE('',#4064,25.5,0.785398163397441);
#50=CONICAL_SURFACE('',#4066,50.,0.785398163397455);
#51=CONICAL_SURFACE('',#4068,19.,0.785398163397455);
#52=CONICAL_SURFACE('',#4071,24.5,0.785398163397452);
#53=CONICAL_SURFACE('',#4073,0.5,0.785398163397447);
#54=CONICAL_SURFACE('',#4075,0.5,0.785398163397447);
#55=CONICAL_SURFACE('',#4077,0.5,0.785398163397447);
#56=CONICAL_SURFACE('',#4079,0.5,0.785398163397448);
#57=CONICAL_SURFACE('',#4081,24.5,0.785398163397441);
#58=PLANE('',#3824);
#59=PLANE('',#3829);
#60=PLANE('',#3830);
#61=PLANE('',#3831);
#62=PLANE('',#3832);
#63=PLANE('',#3833);
#64=PLANE('',#3852);
#65=PLANE('',#3853);
#66=PLANE('',#3854);
#67=PLANE('',#3855);
#68=PLANE('',#3856);
#69=PLANE('',#3873);
#70=PLANE('',#3874);
#71=PLANE('',#3875);
#72=PLANE('',#3892);
#73=PLANE('',#3897);
#74=PLANE('',#3898);
#75=PLANE('',#3901);
#76=PLANE('',#3902);
#77=PLANE('',#3905);
#78=PLANE('',#3906);
#79=PLANE('',#3922);
#80=PLANE('',#3923);
#81=PLANE('',#3924);
#82=PLANE('',#3925);
#83=PLANE('',#3926);
#84=PLANE('',#3927);
#85=PLANE('',#3928);
#86=PLANE('',#3929);
#87=PLANE('',#3946);
#88=PLANE('',#3947);
#89=PLANE('',#3948);
#90=PLANE('',#3949);
#91=PLANE('',#3950);
#92=PLANE('',#3951);
#93=PLANE('',#3952);
#94=PLANE('',#3953);
#95=PLANE('',#3959);
#96=PLANE('',#3960);
#97=PLANE('',#3961);
#98=PLANE('',#3962);
#99=PLANE('',#3963);
#100=PLANE('',#3967);
#101=PLANE('',#3968);
#102=PLANE('',#4000);
#103=PLANE('',#4002);
#104=PLANE('',#4004);
#105=PLANE('',#4006);
#106=PLANE('',#4008);
#107=PLANE('',#4025);
#108=PLANE('',#4027);
#109=PLANE('',#4028);
#110=PLANE('',#4029);
#111=PLANE('',#4031);
#112=PLANE('',#4032);
#113=PLANE('',#4033);
#114=PLANE('',#4036);
#115=PLANE('',#4037);
#116=PLANE('',#4040);
#117=PLANE('',#4041);
#118=PLANE('',#4044);
#119=PLANE('',#4046);
#120=PLANE('',#4047);
#121=PLANE('',#4050);
#122=PLANE('',#4051);
#123=PLANE('',#4054);
#124=PLANE('',#4055);
#125=PLANE('',#4057);
#126=PLANE('',#4059);
#127=PLANE('',#4061);
#128=PLANE('',#4063);
#129=PLANE('',#4065);
#130=PLANE('',#4067);
#131=PLANE('',#4069);
#132=PLANE('',#4070);
#133=PLANE('',#4072);
#134=PLANE('',#4074);
#135=PLANE('',#4076);
#136=PLANE('',#4078);
#137=PLANE('',#4080);
#138=PLANE('',#4082);
#139=LINE('',#4890,#395);
#140=LINE('',#4894,#396);
#141=LINE('',#4899,#397);
#142=LINE('',#4903,#398);
#143=LINE('',#4911,#399);
#144=LINE('',#4914,#400);
#145=LINE('',#4916,#401);
#146=LINE('',#4918,#402);
#147=LINE('',#4920,#403);
#148=LINE('',#4924,#404);
#149=LINE('',#4926,#405);
#150=LINE('',#4928,#406);
#151=LINE('',#4931,#407);
#152=LINE('',#4933,#408);
#153=LINE('',#4935,#409);
#154=LINE('',#4937,#410);
#155=LINE('',#4940,#411);
#156=LINE('',#4942,#412);
#157=LINE('',#4944,#413);
#158=LINE('',#4946,#414);
#159=LINE('',#4949,#415);
#160=LINE('',#4951,#416);
#161=LINE('',#4953,#417);
#162=LINE('',#4955,#418);
#163=LINE('',#4958,#419);
#164=LINE('',#4960,#420);
#165=LINE('',#4962,#421);
#166=LINE('',#4964,#422);
#167=LINE('',#4967,#423);
#168=LINE('',#4969,#424);
#169=LINE('',#4971,#425);
#170=LINE('',#4974,#426);
#171=LINE('',#4976,#427);
#172=LINE('',#4983,#428);
#173=LINE('',#4985,#429);
#174=LINE('',#4999,#430);
#175=LINE('',#5001,#431);
#176=LINE('',#5003,#432);
#177=LINE('',#5005,#433);
#178=LINE('',#5008,#434);
#179=LINE('',#5010,#435);
#180=LINE('',#5012,#436);
#181=LINE('',#5014,#437);
#182=LINE('',#5017,#438);
#183=LINE('',#5019,#439);
#184=LINE('',#5021,#440);
#185=LINE('',#5023,#441);
#186=LINE('',#5026,#442);
#187=LINE('',#5028,#443);
#188=LINE('',#5030,#444);
#189=LINE('',#5032,#445);
#190=LINE('',#5035,#446);
#191=LINE('',#5036,#447);
#192=LINE('',#5102,#448);
#193=LINE('',#5105,#449);
#194=LINE('',#5106,#450);
#195=LINE('',#5108,#451);
#196=LINE('',#5110,#452);
#197=LINE('',#5112,#453);
#198=LINE('',#5114,#454);
#199=LINE('',#5116,#455);
#200=LINE('',#5118,#456);
#201=LINE('',#5120,#457);
#202=LINE('',#5122,#458);
#203=LINE('',#5124,#459);
#204=LINE('',#5126,#460);
#205=LINE('',#5128,#461);
#206=LINE('',#5130,#462);
#207=LINE('',#5132,#463);
#208=LINE('',#5134,#464);
#209=LINE('',#5136,#465);
#210=LINE('',#5138,#466);
#211=LINE('',#5142,#467);
#212=LINE('',#5146,#468);
#213=LINE('',#5150,#469);
#214=LINE('',#5154,#470);
#215=LINE('',#5158,#471);
#216=LINE('',#5162,#472);
#217=LINE('',#5163,#473);
#218=LINE('',#5165,#474);
#219=LINE('',#5167,#475);
#220=LINE('',#5168,#476);
#221=LINE('',#5172,#477);
#222=LINE('',#5176,#478);
#223=LINE('',#5180,#479);
#224=LINE('',#5184,#480);
#225=LINE('',#5188,#481);
#226=LINE('',#5192,#482);
#227=LINE('',#5193,#483);
#228=LINE('',#5195,#484);
#229=LINE('',#5197,#485);
#230=LINE('',#5213,#486);
#231=LINE('',#5215,#487);
#232=LINE('',#5217,#488);
#233=LINE('',#5219,#489);
#234=LINE('',#5221,#490);
#235=LINE('',#5224,#491);
#236=LINE('',#5227,#492);
#237=LINE('',#5229,#493);
#238=LINE('',#5231,#494);
#239=LINE('',#5237,#495);
#240=LINE('',#5240,#496);
#241=LINE('',#5242,#497);
#242=LINE('',#5244,#498);
#243=LINE('',#5246,#499);
#244=LINE('',#5249,#500);
#245=LINE('',#5251,#501);
#246=LINE('',#5253,#502);
#247=LINE('',#5259,#503);
#248=LINE('',#5262,#504);
#249=LINE('',#5264,#505);
#250=LINE('',#5266,#506);
#251=LINE('',#5268,#507);
#252=LINE('',#5271,#508);
#253=LINE('',#5273,#509);
#254=LINE('',#5275,#510);
#255=LINE('',#5277,#511);
#256=LINE('',#5282,#512);
#257=LINE('',#5286,#513);
#258=LINE('',#5290,#514);
#259=LINE('',#5294,#515);
#260=LINE('',#5298,#516);
#261=LINE('',#5304,#517);
#262=LINE('',#5306,#518);
#263=LINE('',#5308,#519);
#264=LINE('',#5310,#520);
#265=LINE('',#5312,#521);
#266=LINE('',#5316,#522);
#267=LINE('',#5325,#523);
#268=LINE('',#5327,#524);
#269=LINE('',#5329,#525);
#270=LINE('',#5331,#526);
#271=LINE('',#5333,#527);
#272=LINE('',#5336,#528);
#273=LINE('',#5338,#529);
#274=LINE('',#5340,#530);
#275=LINE('',#5342,#531);
#276=LINE('',#5344,#532);
#277=LINE('',#5414,#533);
#278=LINE('',#5418,#534);
#279=LINE('',#5423,#535);
#280=LINE('',#5427,#536);
#281=LINE('',#5432,#537);
#282=LINE('',#5436,#538);
#283=LINE('',#5441,#539);
#284=LINE('',#5445,#540);
#285=LINE('',#5447,#541);
#286=LINE('',#5449,#542);
#287=LINE('',#5451,#543);
#288=LINE('',#5453,#544);
#289=LINE('',#5454,#545);
#290=LINE('',#5456,#546);
#291=LINE('',#5457,#547);
#292=LINE('',#5459,#548);
#293=LINE('',#5460,#549);
#294=LINE('',#5462,#550);
#295=LINE('',#5463,#551);
#296=LINE('',#5465,#552);
#297=LINE('',#5467,#553);
#298=LINE('',#5469,#554);
#299=LINE('',#5471,#555);
#300=LINE('',#5472,#556);
#301=LINE('',#5477,#557);
#302=LINE('',#5482,#558);
#303=LINE('',#5486,#559);
#304=LINE('',#5488,#560);
#305=LINE('',#5490,#561);
#306=LINE('',#5492,#562);
#307=LINE('',#5495,#563);
#308=LINE('',#5497,#564);
#309=LINE('',#5499,#565);
#310=LINE('',#5501,#566);
#311=LINE('',#5504,#567);
#312=LINE('',#5506,#568);
#313=LINE('',#5508,#569);
#314=LINE('',#5510,#570);
#315=LINE('',#5513,#571);
#316=LINE('',#5515,#572);
#317=LINE('',#5517,#573);
#318=LINE('',#5519,#574);
#319=LINE('',#5522,#575);
#320=LINE('',#5524,#576);
#321=LINE('',#5526,#577);
#322=LINE('',#5530,#578);
#323=LINE('',#5534,#579);
#324=LINE('',#5535,#580);
#325=LINE('',#5540,#581);
#326=LINE('',#5544,#582);
#327=LINE('',#5548,#583);
#328=LINE('',#5552,#584);
#329=LINE('',#5556,#585);
#330=LINE('',#5560,#586);
#331=LINE('',#5605,#587);
#332=LINE('',#5607,#588);
#333=LINE('',#5609,#589);
#334=LINE('',#5611,#590);
#335=LINE('',#5613,#591);
#336=LINE('',#5615,#592);
#337=LINE('',#5617,#593);
#338=LINE('',#5619,#594);
#339=LINE('',#5642,#595);
#340=LINE('',#5643,#596);
#341=LINE('',#5645,#597);
#342=LINE('',#5647,#598);
#343=LINE('',#5649,#599);
#344=LINE('',#5651,#600);
#345=LINE('',#5653,#601);
#346=LINE('',#5655,#602);
#347=LINE('',#5658,#603);
#348=LINE('',#5659,#604);
#349=LINE('',#5661,#605);
#350=LINE('',#5663,#606);
#351=LINE('',#5665,#607);
#352=LINE('',#5667,#608);
#353=LINE('',#5669,#609);
#354=LINE('',#5671,#610);
#355=LINE('',#5673,#611);
#356=LINE('',#5675,#612);
#357=LINE('',#5677,#613);
#358=LINE('',#5679,#614);
#359=LINE('',#5682,#615);
#360=LINE('',#5683,#616);
#361=LINE('',#5685,#617);
#362=LINE('',#5687,#618);
#363=LINE('',#5689,#619);
#364=LINE('',#5691,#620);
#365=LINE('',#5693,#621);
#366=LINE('',#5695,#622);
#367=LINE('',#5697,#623);
#368=LINE('',#5699,#624);
#369=LINE('',#5701,#625);
#370=LINE('',#5703,#626);
#371=LINE('',#5706,#627);
#372=LINE('',#5708,#628);
#373=LINE('',#5710,#629);
#374=LINE('',#5712,#630);
#375=LINE('',#5714,#631);
#376=LINE('',#5716,#632);
#377=LINE('',#5718,#633);
#378=LINE('',#5720,#634);
#379=LINE('',#5722,#635);
#380=LINE('',#5724,#636);
#381=LINE('',#5726,#637);
#382=LINE('',#5728,#638);
#383=LINE('',#5731,#639);
#384=LINE('',#5733,#640);
#385=LINE('',#5735,#641);
#386=LINE('',#5737,#642);
#387=LINE('',#5739,#643);
#388=LINE('',#5741,#644);
#389=LINE('',#5743,#645);
#390=LINE('',#5745,#646);
#391=LINE('',#5747,#647);
#392=LINE('',#5749,#648);
#393=LINE('',#5751,#649);
#394=LINE('',#5753,#650);
#395=VECTOR('',#4089,1000.);
#396=VECTOR('',#4092,1000.);
#397=VECTOR('',#4097,1000.);
#398=VECTOR('',#4100,1000.);
#399=VECTOR('',#4109,1000.);
#400=VECTOR('',#4110,1000.);
#401=VECTOR('',#4111,1000.);
#402=VECTOR('',#4112,1000.);
#403=VECTOR('',#4113,1000.);
#404=VECTOR('',#4116,1000.);
#405=VECTOR('',#4117,1000.);
#406=VECTOR('',#4120,1000.);
#407=VECTOR('',#4121,1000.);
#408=VECTOR('',#4122,1000.);
#409=VECTOR('',#4123,1000.);
#410=VECTOR('',#4126,1000.);
#411=VECTOR('',#4127,1000.);
#412=VECTOR('',#4128,1000.);
#413=VECTOR('',#4129,1000.);
#414=VECTOR('',#4132,1000.);
#415=VECTOR('',#4133,1000.);
#416=VECTOR('',#4134,1000.);
#417=VECTOR('',#4135,1000.);
#418=VECTOR('',#4138,1000.);
#419=VECTOR('',#4139,1000.);
#420=VECTOR('',#4140,1000.);
#421=VECTOR('',#4141,1000.);
#422=VECTOR('',#4144,1000.);
#423=VECTOR('',#4145,1000.);
#424=VECTOR('',#4146,1000.);
#425=VECTOR('',#4147,1000.);
#426=VECTOR('',#4152,1000.);
#427=VECTOR('',#4153,1000.);
#428=VECTOR('',#4162,1000.);
#429=VECTOR('',#4163,1000.);
#430=VECTOR('',#4190,1000.);
#431=VECTOR('',#4191,1000.);
#432=VECTOR('',#4192,1000.);
#433=VECTOR('',#4195,1000.);
#434=VECTOR('',#4196,1000.);
#435=VECTOR('',#4197,1000.);
#436=VECTOR('',#4198,1000.);
#437=VECTOR('',#4201,1000.);
#438=VECTOR('',#4202,1000.);
#439=VECTOR('',#4203,1000.);
#440=VECTOR('',#4204,1000.);
#441=VECTOR('',#4207,1000.);
#442=VECTOR('',#4208,1000.);
#443=VECTOR('',#4209,1000.);
#444=VECTOR('',#4210,1000.);
#445=VECTOR('',#4213,1000.);
#446=VECTOR('',#4214,1000.);
#447=VECTOR('',#4215,1000.);
#448=VECTOR('',#4250,1000.);
#449=VECTOR('',#4251,1000.);
#450=VECTOR('',#4252,1000.);
#451=VECTOR('',#4253,1000.);
#452=VECTOR('',#4254,1000.);
#453=VECTOR('',#4255,1000.);
#454=VECTOR('',#4256,1000.);
#455=VECTOR('',#4257,1000.);
#456=VECTOR('',#4258,1000.);
#457=VECTOR('',#4261,1000.);
#458=VECTOR('',#4262,1000.);
#459=VECTOR('',#4263,1000.);
#460=VECTOR('',#4264,1000.);
#461=VECTOR('',#4265,1000.);
#462=VECTOR('',#4266,1000.);
#463=VECTOR('',#4267,1000.);
#464=VECTOR('',#4268,1000.);
#465=VECTOR('',#4269,1000.);
#466=VECTOR('',#4272,1000.);
#467=VECTOR('',#4275,1000.);
#468=VECTOR('',#4278,1000.);
#469=VECTOR('',#4281,1000.);
#470=VECTOR('',#4284,1000.);
#471=VECTOR('',#4287,1000.);
#472=VECTOR('',#4290,1000.);
#473=VECTOR('',#4291,1000.);
#474=VECTOR('',#4292,1000.);
#475=VECTOR('',#4293,1000.);
#476=VECTOR('',#4294,1000.);
#477=VECTOR('',#4297,1000.);
#478=VECTOR('',#4300,1000.);
#479=VECTOR('',#4303,1000.);
#480=VECTOR('',#4306,1000.);
#481=VECTOR('',#4309,1000.);
#482=VECTOR('',#4312,1000.);
#483=VECTOR('',#4313,1000.);
#484=VECTOR('',#4314,1000.);
#485=VECTOR('',#4315,1000.);
#486=VECTOR('',#4332,1000.);
#487=VECTOR('',#4333,1000.);
#488=VECTOR('',#4334,1000.);
#489=VECTOR('',#4335,1000.);
#490=VECTOR('',#4336,1000.);
#491=VECTOR('',#4341,1000.);
#492=VECTOR('',#4342,1000.);
#493=VECTOR('',#4343,1000.);
#494=VECTOR('',#4344,1000.);
#495=VECTOR('',#4351,1000.);
#496=VECTOR('',#4352,1000.);
#497=VECTOR('',#4353,1000.);
#498=VECTOR('',#4354,1000.);
#499=VECTOR('',#4357,1000.);
#500=VECTOR('',#4358,1000.);
#501=VECTOR('',#4359,1000.);
#502=VECTOR('',#4360,1000.);
#503=VECTOR('',#4367,1000.);
#504=VECTOR('',#4368,1000.);
#505=VECTOR('',#4369,1000.);
#506=VECTOR('',#4370,1000.);
#507=VECTOR('',#4373,1000.);
#508=VECTOR('',#4374,1000.);
#509=VECTOR('',#4375,1000.);
#510=VECTOR('',#4376,1000.);
#511=VECTOR('',#4379,1000.);
#512=VECTOR('',#4382,1000.);
#513=VECTOR('',#4385,1000.);
#514=VECTOR('',#4388,1000.);
#515=VECTOR('',#4391,1000.);
#516=VECTOR('',#4394,1000.);
#517=VECTOR('',#4399,1000.);
#518=VECTOR('',#4400,1000.);
#519=VECTOR('',#4401,1000.);
#520=VECTOR('',#4402,1000.);
#521=VECTOR('',#4403,1000.);
#522=VECTOR('',#4406,1000.);
#523=VECTOR('',#4423,1000.);
#524=VECTOR('',#4424,1000.);
#525=VECTOR('',#4425,1000.);
#526=VECTOR('',#4428,1000.);
#527=VECTOR('',#4431,1000.);
#528=VECTOR('',#4436,1000.);
#529=VECTOR('',#4437,1000.);
#530=VECTOR('',#4440,1000.);
#531=VECTOR('',#4441,1000.);
#532=VECTOR('',#4444,1000.);
#533=VECTOR('',#4459,1000.);
#534=VECTOR('',#4462,1000.);
#535=VECTOR('',#4467,1000.);
#536=VECTOR('',#4470,1000.);
#537=VECTOR('',#4475,1000.);
#538=VECTOR('',#4478,1000.);
#539=VECTOR('',#4483,1000.);
#540=VECTOR('',#4486,1000.);
#541=VECTOR('',#4489,1000.);
#542=VECTOR('',#4490,1000.);
#543=VECTOR('',#4491,1000.);
#544=VECTOR('',#4494,1000.);
#545=VECTOR('',#4495,1000.);
#546=VECTOR('',#4498,1000.);
#547=VECTOR('',#4499,1000.);
#548=VECTOR('',#4502,1000.);
#549=VECTOR('',#4503,1000.);
#550=VECTOR('',#4506,1000.);
#551=VECTOR('',#4507,1000.);
#552=VECTOR('',#4510,1000.);
#553=VECTOR('',#4511,1000.);
#554=VECTOR('',#4512,1000.);
#555=VECTOR('',#4515,1000.);
#556=VECTOR('',#4516,1000.);
#557=VECTOR('',#4525,1000.);
#558=VECTOR('',#4528,1000.);
#559=VECTOR('',#4533,1000.);
#560=VECTOR('',#4534,1000.);
#561=VECTOR('',#4535,1000.);
#562=VECTOR('',#4538,1000.);
#563=VECTOR('',#4539,1000.);
#564=VECTOR('',#4540,1000.);
#565=VECTOR('',#4541,1000.);
#566=VECTOR('',#4544,1000.);
#567=VECTOR('',#4545,1000.);
#568=VECTOR('',#4546,1000.);
#569=VECTOR('',#4547,1000.);
#570=VECTOR('',#4550,1000.);
#571=VECTOR('',#4551,1000.);
#572=VECTOR('',#4552,1000.);
#573=VECTOR('',#4553,1000.);
#574=VECTOR('',#4556,1000.);
#575=VECTOR('',#4557,1000.);
#576=VECTOR('',#4558,1000.);
#577=VECTOR('',#4559,1000.);
#578=VECTOR('',#4564,1000.);
#579=VECTOR('',#4569,1000.);
#580=VECTOR('',#4570,1000.);
#581=VECTOR('',#4575,1000.);
#582=VECTOR('',#4578,1000.);
#583=VECTOR('',#4581,1000.);
#584=VECTOR('',#4584,1000.);
#585=VECTOR('',#4587,1000.);
#586=VECTOR('',#4590,1000.);
#587=VECTOR('',#4643,1000.);
#588=VECTOR('',#4646,1000.);
#589=VECTOR('',#4649,1000.);
#590=VECTOR('',#4652,1000.);
#591=VECTOR('',#4655,1000.);
#592=VECTOR('',#4658,1000.);
#593=VECTOR('',#4661,1000.);
#594=VECTOR('',#4664,1000.);
#595=VECTOR('',#4701,1000.);
#596=VECTOR('',#4702,1000.);
#597=VECTOR('',#4705,1000.);
#598=VECTOR('',#4708,1000.);
#599=VECTOR('',#4711,1000.);
#600=VECTOR('',#4714,1000.);
#601=VECTOR('',#4717,1000.);
#602=VECTOR('',#4720,1000.);
#603=VECTOR('',#4725,1000.);
#604=VECTOR('',#4726,1000.);
#605=VECTOR('',#4729,1000.);
#606=VECTOR('',#4732,1000.);
#607=VECTOR('',#4735,1000.);
#608=VECTOR('',#4738,1000.);
#609=VECTOR('',#4741,1000.);
#610=VECTOR('',#4744,1000.);
#611=VECTOR('',#4747,1000.);
#612=VECTOR('',#4750,1000.);
#613=VECTOR('',#4753,1000.);
#614=VECTOR('',#4756,1000.);
#615=VECTOR('',#4761,1000.);
#616=VECTOR('',#4762,1000.);
#617=VECTOR('',#4765,1000.);
#618=VECTOR('',#4768,1000.);
#619=VECTOR('',#4771,1000.);
#620=VECTOR('',#4774,1000.);
#621=VECTOR('',#4777,1000.);
#622=VECTOR('',#4780,1000.);
#623=VECTOR('',#4783,1000.);
#624=VECTOR('',#4786,1000.);
#625=VECTOR('',#4789,1000.);
#626=VECTOR('',#4792,1000.);
#627=VECTOR('',#4797,1000.);
#628=VECTOR('',#4800,1000.);
#629=VECTOR('',#4803,1000.);
#630=VECTOR('',#4806,1000.);
#631=VECTOR('',#4809,1000.);
#632=VECTOR('',#4812,1000.);
#633=VECTOR('',#4815,1000.);
#634=VECTOR('',#4818,1000.);
#635=VECTOR('',#4821,1000.);
#636=VECTOR('',#4824,1000.);
#637=VECTOR('',#4827,1000.);
#638=VECTOR('',#4830,1000.);
#639=VECTOR('',#4835,1000.);
#640=VECTOR('',#4838,1000.);
#641=VECTOR('',#4841,1000.);
#642=VECTOR('',#4844,1000.);
#643=VECTOR('',#4847,1000.);
#644=VECTOR('',#4850,1000.);
#645=VECTOR('',#4853,1000.);
#646=VECTOR('',#4856,1000.);
#647=VECTOR('',#4859,1000.);
#648=VECTOR('',#4862,1000.);
#649=VECTOR('',#4865,1000.);
#650=VECTOR('',#4868,1000.);
#651=CIRCLE('',#3819,52.5);
#652=CIRCLE('',#3820,52.5);
#653=CIRCLE('',#3822,52.5);
#654=CIRCLE('',#3823,52.5);
#655=CIRCLE('',#3825,11.8);
#656=CIRCLE('',#3826,1.65);
#657=CIRCLE('',#3827,1.65);
#658=CIRCLE('',#3828,2.75);
#659=CIRCLE('',#3835,19.);
#660=CIRCLE('',#3836,19.);
#661=CIRCLE('',#3838,19.);
#662=CIRCLE('',#3839,19.);
#663=CIRCLE('',#3841,25.);
#664=CIRCLE('',#3842,25.);
#665=CIRCLE('',#3844,50.);
#666=CIRCLE('',#3845,50.);
#667=CIRCLE('',#3847,25.);
#668=CIRCLE('',#3848,25.);
#669=CIRCLE('',#3850,50.);
#670=CIRCLE('',#3851,50.);
#671=CIRCLE('',#3858,25.);
#672=CIRCLE('',#3859,25.);
#673=CIRCLE('',#3861,50.);
#674=CIRCLE('',#3862,50.);
#675=CIRCLE('',#3864,25.);
#676=CIRCLE('',#3865,25.);
#677=CIRCLE('',#3867,50.);
#678=CIRCLE('',#3868,50.);
#679=CIRCLE('',#3870,2.4585);
#680=CIRCLE('',#3872,2.4585);
#681=CIRCLE('',#3876,19.5);
#682=CIRCLE('',#3877,50.5);
#683=CIRCLE('',#3878,25.5);
#684=CIRCLE('',#3879,25.5);
#685=CIRCLE('',#3880,50.5);
#686=CIRCLE('',#3881,19.5);
#687=CIRCLE('',#3882,24.5);
#688=CIRCLE('',#3883,0.5);
#689=CIRCLE('',#3884,0.5);
#690=CIRCLE('',#3885,0.5);
#691=CIRCLE('',#3886,0.5);
#692=CIRCLE('',#3887,24.5);
#693=CIRCLE('',#3888,1.2295);
#694=CIRCLE('',#3889,1.2295);
#695=CIRCLE('',#3890,1.2295);
#696=CIRCLE('',#3891,1.2295);
#697=CIRCLE('',#3893,11.8);
#698=CIRCLE('',#3894,1.65);
#699=CIRCLE('',#3895,1.65);
#700=CIRCLE('',#3896,2.75);
#701=CIRCLE('',#3899,2.4585);
#702=CIRCLE('',#3900,2.4585);
#703=CIRCLE('',#3903,2.4585);
#704=CIRCLE('',#3904,2.4585);
#705=CIRCLE('',#3907,5.5);
#706=CIRCLE('',#3908,21.5);
#707=CIRCLE('',#3909,21.5);
#708=CIRCLE('',#3910,5.50000000000001);
#709=CIRCLE('',#3911,5.5);
#710=CIRCLE('',#3912,5.50000000000001);
#711=CIRCLE('',#3913,23.);
#712=CIRCLE('',#3914,23.);
#713=CIRCLE('',#3916,25.);
#714=CIRCLE('',#3917,25.);
#715=CIRCLE('',#3919,25.);
#716=CIRCLE('',#3920,25.);
#717=CIRCLE('',#3935,27.5);
#718=CIRCLE('',#3936,27.5);
#719=CIRCLE('',#3938,52.5);
#720=CIRCLE('',#3939,52.5);
#721=CIRCLE('',#3941,52.5);
#722=CIRCLE('',#3942,52.5);
#723=CIRCLE('',#3944,27.5);
#724=CIRCLE('',#3945,27.5);
#725=CIRCLE('',#3954,1.2295);
#726=CIRCLE('',#3955,1.2295);
#727=CIRCLE('',#3957,21.);
#728=CIRCLE('',#3958,21.);
#729=CIRCLE('',#3965,21.);
#730=CIRCLE('',#3966,21.);
#731=CIRCLE('',#3969,50.5);
#732=CIRCLE('',#3970,19.5);
#733=CIRCLE('',#3971,19.5);
#734=CIRCLE('',#3972,50.5);
#735=CIRCLE('',#3973,25.5);
#736=CIRCLE('',#3974,25.5);
#737=CIRCLE('',#3975,1.2295);
#738=CIRCLE('',#3976,1.2295);
#739=CIRCLE('',#3977,1.2295);
#740=CIRCLE('',#3978,1.2295);
#741=CIRCLE('',#3979,5.);
#742=CIRCLE('',#3980,5.);
#743=CIRCLE('',#3981,5.);
#744=CIRCLE('',#3982,5.);
#745=CIRCLE('',#3993,5.);
#746=CIRCLE('',#3995,5.);
#747=CIRCLE('',#3997,5.);
#748=CIRCLE('',#3999,5.);
#749=CIRCLE('',#4010,1.);
#750=CIRCLE('',#4014,1.);
#751=CIRCLE('',#4018,1.);
#752=CIRCLE('',#4022,1.);
#753=ORIENTED_EDGE('',*,*,#1505,.F.);
#754=ORIENTED_EDGE('',*,*,#1506,.F.);
#755=ORIENTED_EDGE('',*,*,#1507,.T.);
#756=ORIENTED_EDGE('',*,*,#1508,.T.);
#757=ORIENTED_EDGE('',*,*,#1509,.F.);
#758=ORIENTED_EDGE('',*,*,#1510,.F.);
#759=ORIENTED_EDGE('',*,*,#1511,.T.);
#760=ORIENTED_EDGE('',*,*,#1512,.T.);
#761=ORIENTED_EDGE('',*,*,#1513,.F.);
#762=ORIENTED_EDGE('',*,*,#1514,.T.);
#763=ORIENTED_EDGE('',*,*,#1515,.T.);
#764=ORIENTED_EDGE('',*,*,#1516,.T.);
#765=ORIENTED_EDGE('',*,*,#1517,.F.);
#766=ORIENTED_EDGE('',*,*,#1518,.T.);
#767=ORIENTED_EDGE('',*,*,#1519,.F.);
#768=ORIENTED_EDGE('',*,*,#1520,.T.);
#769=ORIENTED_EDGE('',*,*,#1521,.T.);
#770=ORIENTED_EDGE('',*,*,#1522,.T.);
#771=ORIENTED_EDGE('',*,*,#1523,.T.);
#772=ORIENTED_EDGE('',*,*,#1524,.T.);
#773=ORIENTED_EDGE('',*,*,#1525,.T.);
#774=ORIENTED_EDGE('',*,*,#1526,.T.);
#775=ORIENTED_EDGE('',*,*,#1527,.F.);
#776=ORIENTED_EDGE('',*,*,#1528,.T.);
#777=ORIENTED_EDGE('',*,*,#1529,.T.);
#778=ORIENTED_EDGE('',*,*,#1530,.T.);
#779=ORIENTED_EDGE('',*,*,#1531,.F.);
#780=ORIENTED_EDGE('',*,*,#1532,.T.);
#781=ORIENTED_EDGE('',*,*,#1533,.T.);
#782=ORIENTED_EDGE('',*,*,#1534,.T.);
#783=ORIENTED_EDGE('',*,*,#1535,.F.);
#784=ORIENTED_EDGE('',*,*,#1536,.T.);
#785=ORIENTED_EDGE('',*,*,#1537,.T.);
#786=ORIENTED_EDGE('',*,*,#1538,.T.);
#787=ORIENTED_EDGE('',*,*,#1539,.F.);
#788=ORIENTED_EDGE('',*,*,#1540,.T.);
#789=ORIENTED_EDGE('',*,*,#1541,.F.);
#790=ORIENTED_EDGE('',*,*,#1542,.T.);
#791=ORIENTED_EDGE('',*,*,#1543,.F.);
#792=ORIENTED_EDGE('',*,*,#1544,.T.);
#793=ORIENTED_EDGE('',*,*,#1519,.T.);
#794=ORIENTED_EDGE('',*,*,#1545,.T.);
#795=ORIENTED_EDGE('',*,*,#1541,.T.);
#796=ORIENTED_EDGE('',*,*,#1546,.T.);
#797=ORIENTED_EDGE('',*,*,#1547,.T.);
#798=ORIENTED_EDGE('',*,*,#1548,.T.);
#799=ORIENTED_EDGE('',*,*,#1527,.T.);
#800=ORIENTED_EDGE('',*,*,#1549,.T.);
#801=ORIENTED_EDGE('',*,*,#1517,.T.);
#802=ORIENTED_EDGE('',*,*,#1550,.T.);
#803=ORIENTED_EDGE('',*,*,#1551,.T.);
#804=ORIENTED_EDGE('',*,*,#1552,.T.);
#805=ORIENTED_EDGE('',*,*,#1535,.T.);
#806=ORIENTED_EDGE('',*,*,#1553,.T.);
#807=ORIENTED_EDGE('',*,*,#1537,.F.);
#808=ORIENTED_EDGE('',*,*,#1554,.T.);
#809=ORIENTED_EDGE('',*,*,#1543,.T.);
#810=ORIENTED_EDGE('',*,*,#1555,.T.);
#811=ORIENTED_EDGE('',*,*,#1533,.F.);
#812=ORIENTED_EDGE('',*,*,#1556,.T.);
#813=ORIENTED_EDGE('',*,*,#1539,.T.);
#814=ORIENTED_EDGE('',*,*,#1557,.T.);
#815=ORIENTED_EDGE('',*,*,#1529,.F.);
#816=ORIENTED_EDGE('',*,*,#1558,.T.);
#817=ORIENTED_EDGE('',*,*,#1531,.T.);
#818=ORIENTED_EDGE('',*,*,#1559,.T.);
#819=ORIENTED_EDGE('',*,*,#1525,.F.);
#820=ORIENTED_EDGE('',*,*,#1560,.T.);
#821=ORIENTED_EDGE('',*,*,#1551,.F.);
#822=ORIENTED_EDGE('',*,*,#1561,.T.);
#823=ORIENTED_EDGE('',*,*,#1562,.T.);
#824=ORIENTED_EDGE('',*,*,#1563,.T.);
#825=ORIENTED_EDGE('',*,*,#1564,.F.);
#826=ORIENTED_EDGE('',*,*,#1565,.T.);
#827=ORIENTED_EDGE('',*,*,#1566,.T.);
#828=ORIENTED_EDGE('',*,*,#1567,.T.);
#829=ORIENTED_EDGE('',*,*,#1568,.F.);
#830=ORIENTED_EDGE('',*,*,#1569,.T.);
#831=ORIENTED_EDGE('',*,*,#1570,.T.);
#832=ORIENTED_EDGE('',*,*,#1571,.T.);
#833=ORIENTED_EDGE('',*,*,#1572,.F.);
#834=ORIENTED_EDGE('',*,*,#1573,.T.);
#835=ORIENTED_EDGE('',*,*,#1574,.T.);
#836=ORIENTED_EDGE('',*,*,#1575,.T.);
#837=ORIENTED_EDGE('',*,*,#1576,.F.);
#838=ORIENTED_EDGE('',*,*,#1577,.T.);
#839=ORIENTED_EDGE('',*,*,#1547,.F.);
#840=ORIENTED_EDGE('',*,*,#1578,.T.);
#841=ORIENTED_EDGE('',*,*,#1574,.F.);
#842=ORIENTED_EDGE('',*,*,#1579,.T.);
#843=ORIENTED_EDGE('',*,*,#1568,.T.);
#844=ORIENTED_EDGE('',*,*,#1580,.T.);
#845=ORIENTED_EDGE('',*,*,#1570,.F.);
#846=ORIENTED_EDGE('',*,*,#1581,.T.);
#847=ORIENTED_EDGE('',*,*,#1576,.T.);
#848=ORIENTED_EDGE('',*,*,#1582,.T.);
#849=ORIENTED_EDGE('',*,*,#1566,.F.);
#850=ORIENTED_EDGE('',*,*,#1583,.T.);
#851=ORIENTED_EDGE('',*,*,#1572,.T.);
#852=ORIENTED_EDGE('',*,*,#1584,.T.);
#853=ORIENTED_EDGE('',*,*,#1562,.F.);
#854=ORIENTED_EDGE('',*,*,#1585,.T.);
#855=ORIENTED_EDGE('',*,*,#1564,.T.);
#856=ORIENTED_EDGE('',*,*,#1586,.T.);
#857=ORIENTED_EDGE('',*,*,#1587,.T.);
#858=ORIENTED_EDGE('',*,*,#1588,.T.);
#859=ORIENTED_EDGE('',*,*,#1589,.T.);
#860=ORIENTED_EDGE('',*,*,#1590,.T.);
#861=ORIENTED_EDGE('',*,*,#1505,.T.);
#862=ORIENTED_EDGE('',*,*,#1591,.T.);
#863=ORIENTED_EDGE('',*,*,#1592,.T.);
#864=ORIENTED_EDGE('',*,*,#1593,.T.);
#865=ORIENTED_EDGE('',*,*,#1523,.F.);
#866=ORIENTED_EDGE('',*,*,#1594,.F.);
#867=ORIENTED_EDGE('',*,*,#1595,.T.);
#868=ORIENTED_EDGE('',*,*,#1596,.T.);
#869=ORIENTED_EDGE('',*,*,#1597,.T.);
#870=ORIENTED_EDGE('',*,*,#1598,.T.);
#871=ORIENTED_EDGE('',*,*,#1599,.F.);
#872=ORIENTED_EDGE('',*,*,#1600,.T.);
#873=ORIENTED_EDGE('',*,*,#1521,.F.);
#874=ORIENTED_EDGE('',*,*,#1601,.T.);
#875=ORIENTED_EDGE('',*,*,#1602,.F.);
#876=ORIENTED_EDGE('',*,*,#1603,.T.);
#877=ORIENTED_EDGE('',*,*,#1604,.F.);
#878=ORIENTED_EDGE('',*,*,#1605,.T.);
#879=ORIENTED_EDGE('',*,*,#1606,.F.);
#880=ORIENTED_EDGE('',*,*,#1607,.T.);
#881=ORIENTED_EDGE('',*,*,#1608,.T.);
#882=ORIENTED_EDGE('',*,*,#1609,.T.);
#883=ORIENTED_EDGE('',*,*,#1602,.T.);
#884=ORIENTED_EDGE('',*,*,#1610,.T.);
#885=ORIENTED_EDGE('',*,*,#1611,.T.);
#886=ORIENTED_EDGE('',*,*,#1612,.T.);
#887=ORIENTED_EDGE('',*,*,#1613,.T.);
#888=ORIENTED_EDGE('',*,*,#1614,.T.);
#889=ORIENTED_EDGE('',*,*,#1615,.T.);
#890=ORIENTED_EDGE('',*,*,#1616,.T.);
#891=ORIENTED_EDGE('',*,*,#1617,.T.);
#892=ORIENTED_EDGE('',*,*,#1618,.T.);
#893=ORIENTED_EDGE('',*,*,#1619,.T.);
#894=ORIENTED_EDGE('',*,*,#1620,.T.);
#895=ORIENTED_EDGE('',*,*,#1621,.T.);
#896=ORIENTED_EDGE('',*,*,#1622,.T.);
#897=ORIENTED_EDGE('',*,*,#1592,.F.);
#898=ORIENTED_EDGE('',*,*,#1623,.T.);
#899=ORIENTED_EDGE('',*,*,#1624,.T.);
#900=ORIENTED_EDGE('',*,*,#1625,.T.);
#901=ORIENTED_EDGE('',*,*,#1597,.F.);
#902=ORIENTED_EDGE('',*,*,#1626,.T.);
#903=ORIENTED_EDGE('',*,*,#1627,.T.);
#904=ORIENTED_EDGE('',*,*,#1628,.T.);
#905=ORIENTED_EDGE('',*,*,#1629,.T.);
#906=ORIENTED_EDGE('',*,*,#1630,.T.);
#907=ORIENTED_EDGE('',*,*,#1631,.T.);
#908=ORIENTED_EDGE('',*,*,#1632,.T.);
#909=ORIENTED_EDGE('',*,*,#1633,.T.);
#910=ORIENTED_EDGE('',*,*,#1634,.T.);
#911=ORIENTED_EDGE('',*,*,#1635,.T.);
#912=ORIENTED_EDGE('',*,*,#1636,.T.);
#913=ORIENTED_EDGE('',*,*,#1637,.T.);
#914=ORIENTED_EDGE('',*,*,#1638,.T.);
#915=ORIENTED_EDGE('',*,*,#1606,.T.);
#916=ORIENTED_EDGE('',*,*,#1639,.T.);
#917=ORIENTED_EDGE('',*,*,#1640,.T.);
#918=ORIENTED_EDGE('',*,*,#1641,.T.);
#919=ORIENTED_EDGE('',*,*,#1642,.T.);
#920=ORIENTED_EDGE('',*,*,#1643,.T.);
#921=ORIENTED_EDGE('',*,*,#1644,.T.);
#922=ORIENTED_EDGE('',*,*,#1645,.T.);
#923=ORIENTED_EDGE('',*,*,#1646,.T.);
#924=ORIENTED_EDGE('',*,*,#1647,.T.);
#925=ORIENTED_EDGE('',*,*,#1648,.T.);
#926=ORIENTED_EDGE('',*,*,#1608,.F.);
#927=ORIENTED_EDGE('',*,*,#1649,.T.);
#928=ORIENTED_EDGE('',*,*,#1650,.T.);
#929=ORIENTED_EDGE('',*,*,#1651,.T.);
#930=ORIENTED_EDGE('',*,*,#1652,.T.);
#931=ORIENTED_EDGE('',*,*,#1653,.T.);
#932=ORIENTED_EDGE('',*,*,#1595,.F.);
#933=ORIENTED_EDGE('',*,*,#1654,.F.);
#934=ORIENTED_EDGE('',*,*,#1655,.T.);
#935=ORIENTED_EDGE('',*,*,#1656,.T.);
#936=ORIENTED_EDGE('',*,*,#1657,.T.);
#937=ORIENTED_EDGE('',*,*,#1658,.T.);
#938=ORIENTED_EDGE('',*,*,#1659,.T.);
#939=ORIENTED_EDGE('',*,*,#1660,.T.);
#940=ORIENTED_EDGE('',*,*,#1661,.T.);
#941=ORIENTED_EDGE('',*,*,#1662,.T.);
#942=ORIENTED_EDGE('',*,*,#1663,.T.);
#943=ORIENTED_EDGE('',*,*,#1664,.T.);
#944=ORIENTED_EDGE('',*,*,#1665,.T.);
#945=ORIENTED_EDGE('',*,*,#1666,.T.);
#946=ORIENTED_EDGE('',*,*,#1667,.T.);
#947=ORIENTED_EDGE('',*,*,#1668,.T.);
#948=ORIENTED_EDGE('',*,*,#1669,.T.);
#949=ORIENTED_EDGE('',*,*,#1670,.T.);
#950=ORIENTED_EDGE('',*,*,#1671,.T.);
#951=ORIENTED_EDGE('',*,*,#1672,.T.);
#952=ORIENTED_EDGE('',*,*,#1673,.T.);
#953=ORIENTED_EDGE('',*,*,#1674,.T.);
#954=ORIENTED_EDGE('',*,*,#1675,.T.);
#955=ORIENTED_EDGE('',*,*,#1676,.T.);
#956=ORIENTED_EDGE('',*,*,#1677,.T.);
#957=ORIENTED_EDGE('',*,*,#1678,.T.);
#958=ORIENTED_EDGE('',*,*,#1679,.T.);
#959=ORIENTED_EDGE('',*,*,#1680,.T.);
#960=ORIENTED_EDGE('',*,*,#1681,.T.);
#961=ORIENTED_EDGE('',*,*,#1682,.T.);
#962=ORIENTED_EDGE('',*,*,#1683,.T.);
#963=ORIENTED_EDGE('',*,*,#1684,.T.);
#964=ORIENTED_EDGE('',*,*,#1685,.T.);
#965=ORIENTED_EDGE('',*,*,#1686,.T.);
#966=ORIENTED_EDGE('',*,*,#1687,.T.);
#967=ORIENTED_EDGE('',*,*,#1688,.T.);
#968=ORIENTED_EDGE('',*,*,#1689,.T.);
#969=ORIENTED_EDGE('',*,*,#1690,.T.);
#970=ORIENTED_EDGE('',*,*,#1691,.T.);
#971=ORIENTED_EDGE('',*,*,#1692,.T.);
#972=ORIENTED_EDGE('',*,*,#1693,.T.);
#973=ORIENTED_EDGE('',*,*,#1694,.T.);
#974=ORIENTED_EDGE('',*,*,#1695,.T.);
#975=ORIENTED_EDGE('',*,*,#1696,.T.);
#976=ORIENTED_EDGE('',*,*,#1697,.T.);
#977=ORIENTED_EDGE('',*,*,#1698,.T.);
#978=ORIENTED_EDGE('',*,*,#1650,.F.);
#979=ORIENTED_EDGE('',*,*,#1699,.T.);
#980=ORIENTED_EDGE('',*,*,#1655,.F.);
#981=ORIENTED_EDGE('',*,*,#1700,.T.);
#982=ORIENTED_EDGE('',*,*,#1677,.F.);
#983=ORIENTED_EDGE('',*,*,#1701,.T.);
#984=ORIENTED_EDGE('',*,*,#1652,.F.);
#985=ORIENTED_EDGE('',*,*,#1702,.T.);
#986=ORIENTED_EDGE('',*,*,#1654,.T.);
#987=ORIENTED_EDGE('',*,*,#1594,.T.);
#988=ORIENTED_EDGE('',*,*,#1522,.F.);
#989=ORIENTED_EDGE('',*,*,#1609,.F.);
#990=ORIENTED_EDGE('',*,*,#1604,.T.);
#991=ORIENTED_EDGE('',*,*,#1703,.F.);
#992=ORIENTED_EDGE('',*,*,#1704,.F.);
#993=ORIENTED_EDGE('',*,*,#1705,.F.);
#994=ORIENTED_EDGE('',*,*,#1641,.F.);
#995=ORIENTED_EDGE('',*,*,#1706,.F.);
#996=ORIENTED_EDGE('',*,*,#1703,.T.);
#997=ORIENTED_EDGE('',*,*,#1603,.F.);
#998=ORIENTED_EDGE('',*,*,#1705,.T.);
#999=ORIENTED_EDGE('',*,*,#1707,.T.);
#1000=ORIENTED_EDGE('',*,*,#1639,.F.);
#1001=ORIENTED_EDGE('',*,*,#1605,.F.);
#1002=ORIENTED_EDGE('',*,*,#1640,.F.);
#1003=ORIENTED_EDGE('',*,*,#1707,.F.);
#1004=ORIENTED_EDGE('',*,*,#1704,.T.);
#1005=ORIENTED_EDGE('',*,*,#1706,.T.);
#1006=ORIENTED_EDGE('',*,*,#1625,.F.);
#1007=ORIENTED_EDGE('',*,*,#1708,.F.);
#1008=ORIENTED_EDGE('',*,*,#1709,.T.);
#1009=ORIENTED_EDGE('',*,*,#1598,.F.);
#1010=ORIENTED_EDGE('',*,*,#1710,.T.);
#1011=ORIENTED_EDGE('',*,*,#1711,.T.);
#1012=ORIENTED_EDGE('',*,*,#1623,.F.);
#1013=ORIENTED_EDGE('',*,*,#1600,.F.);
#1014=ORIENTED_EDGE('',*,*,#1599,.T.);
#1015=ORIENTED_EDGE('',*,*,#1709,.F.);
#1016=ORIENTED_EDGE('',*,*,#1712,.F.);
#1017=ORIENTED_EDGE('',*,*,#1710,.F.);
#1018=ORIENTED_EDGE('',*,*,#1624,.F.);
#1019=ORIENTED_EDGE('',*,*,#1711,.F.);
#1020=ORIENTED_EDGE('',*,*,#1712,.T.);
#1021=ORIENTED_EDGE('',*,*,#1708,.T.);
#1022=ORIENTED_EDGE('',*,*,#1591,.F.);
#1023=ORIENTED_EDGE('',*,*,#1670,.F.);
#1024=ORIENTED_EDGE('',*,*,#1713,.T.);
#1025=ORIENTED_EDGE('',*,*,#1660,.F.);
#1026=ORIENTED_EDGE('',*,*,#1590,.F.);
#1027=ORIENTED_EDGE('',*,*,#1669,.F.);
#1028=ORIENTED_EDGE('',*,*,#1714,.T.);
#1029=ORIENTED_EDGE('',*,*,#1715,.T.);
#1030=ORIENTED_EDGE('',*,*,#1716,.T.);
#1031=ORIENTED_EDGE('',*,*,#1659,.F.);
#1032=ORIENTED_EDGE('',*,*,#1717,.T.);
#1033=ORIENTED_EDGE('',*,*,#1718,.F.);
#1034=ORIENTED_EDGE('',*,*,#1719,.F.);
#1035=ORIENTED_EDGE('',*,*,#1720,.T.);
#1036=ORIENTED_EDGE('',*,*,#1589,.F.);
#1037=ORIENTED_EDGE('',*,*,#1721,.T.);
#1038=ORIENTED_EDGE('',*,*,#1722,.T.);
#1039=ORIENTED_EDGE('',*,*,#1723,.F.);
#1040=ORIENTED_EDGE('',*,*,#1724,.T.);
#1041=ORIENTED_EDGE('',*,*,#1725,.T.);
#1042=ORIENTED_EDGE('',*,*,#1726,.T.);
#1043=ORIENTED_EDGE('',*,*,#1727,.F.);
#1044=ORIENTED_EDGE('',*,*,#1728,.T.);
#1045=ORIENTED_EDGE('',*,*,#1713,.F.);
#1046=ORIENTED_EDGE('',*,*,#1729,.T.);
#1047=ORIENTED_EDGE('',*,*,#1730,.F.);
#1048=ORIENTED_EDGE('',*,*,#1731,.F.);
#1049=ORIENTED_EDGE('',*,*,#1732,.T.);
#1050=ORIENTED_EDGE('',*,*,#1716,.F.);
#1051=ORIENTED_EDGE('',*,*,#1733,.T.);
#1052=ORIENTED_EDGE('',*,*,#1734,.F.);
#1053=ORIENTED_EDGE('',*,*,#1735,.T.);
#1054=ORIENTED_EDGE('',*,*,#1552,.F.);
#1055=ORIENTED_EDGE('',*,*,#1736,.T.);
#1056=ORIENTED_EDGE('',*,*,#1724,.F.);
#1057=ORIENTED_EDGE('',*,*,#1737,.F.);
#1058=ORIENTED_EDGE('',*,*,#1734,.T.);
#1059=ORIENTED_EDGE('',*,*,#1738,.T.);
#1060=ORIENTED_EDGE('',*,*,#1720,.F.);
#1061=ORIENTED_EDGE('',*,*,#1739,.F.);
#1062=ORIENTED_EDGE('',*,*,#1509,.T.);
#1063=ORIENTED_EDGE('',*,*,#1740,.T.);
#1064=ORIENTED_EDGE('',*,*,#1732,.F.);
#1065=ORIENTED_EDGE('',*,*,#1741,.F.);
#1066=ORIENTED_EDGE('',*,*,#1718,.T.);
#1067=ORIENTED_EDGE('',*,*,#1742,.T.);
#1068=ORIENTED_EDGE('',*,*,#1728,.F.);
#1069=ORIENTED_EDGE('',*,*,#1743,.F.);
#1070=ORIENTED_EDGE('',*,*,#1730,.T.);
#1071=ORIENTED_EDGE('',*,*,#1744,.T.);
#1072=ORIENTED_EDGE('',*,*,#1745,.F.);
#1073=ORIENTED_EDGE('',*,*,#1746,.F.);
#1074=ORIENTED_EDGE('',*,*,#1513,.T.);
#1075=ORIENTED_EDGE('',*,*,#1747,.T.);
#1076=ORIENTED_EDGE('',*,*,#1546,.F.);
#1077=ORIENTED_EDGE('',*,*,#1748,.T.);
#1078=ORIENTED_EDGE('',*,*,#1745,.T.);
#1079=ORIENTED_EDGE('',*,*,#1749,.F.);
#1080=ORIENTED_EDGE('',*,*,#1721,.F.);
#1081=ORIENTED_EDGE('',*,*,#1736,.F.);
#1082=ORIENTED_EDGE('',*,*,#1733,.F.);
#1083=ORIENTED_EDGE('',*,*,#1563,.F.);
#1084=ORIENTED_EDGE('',*,*,#1586,.F.);
#1085=ORIENTED_EDGE('',*,*,#1567,.F.);
#1086=ORIENTED_EDGE('',*,*,#1584,.F.);
#1087=ORIENTED_EDGE('',*,*,#1575,.F.);
#1088=ORIENTED_EDGE('',*,*,#1580,.F.);
#1089=ORIENTED_EDGE('',*,*,#1571,.F.);
#1090=ORIENTED_EDGE('',*,*,#1582,.F.);
#1091=ORIENTED_EDGE('',*,*,#1578,.F.);
#1092=ORIENTED_EDGE('',*,*,#1747,.F.);
#1093=ORIENTED_EDGE('',*,*,#1744,.F.);
#1094=ORIENTED_EDGE('',*,*,#1512,.F.);
#1095=ORIENTED_EDGE('',*,*,#1750,.F.);
#1096=ORIENTED_EDGE('',*,*,#1725,.F.);
#1097=ORIENTED_EDGE('',*,*,#1742,.F.);
#1098=ORIENTED_EDGE('',*,*,#1729,.F.);
#1099=ORIENTED_EDGE('',*,*,#1740,.F.);
#1100=ORIENTED_EDGE('',*,*,#1717,.F.);
#1101=ORIENTED_EDGE('',*,*,#1738,.F.);
#1102=ORIENTED_EDGE('',*,*,#1508,.F.);
#1103=ORIENTED_EDGE('',*,*,#1751,.T.);
#1104=ORIENTED_EDGE('',*,*,#1752,.T.);
#1105=ORIENTED_EDGE('',*,*,#1753,.F.);
#1106=ORIENTED_EDGE('',*,*,#1754,.F.);
#1107=ORIENTED_EDGE('',*,*,#1753,.T.);
#1108=ORIENTED_EDGE('',*,*,#1755,.T.);
#1109=ORIENTED_EDGE('',*,*,#1756,.T.);
#1110=ORIENTED_EDGE('',*,*,#1757,.F.);
#1111=ORIENTED_EDGE('',*,*,#1758,.T.);
#1112=ORIENTED_EDGE('',*,*,#1759,.T.);
#1113=ORIENTED_EDGE('',*,*,#1760,.T.);
#1114=ORIENTED_EDGE('',*,*,#1761,.F.);
#1115=ORIENTED_EDGE('',*,*,#1762,.T.);
#1116=ORIENTED_EDGE('',*,*,#1763,.T.);
#1117=ORIENTED_EDGE('',*,*,#1764,.T.);
#1118=ORIENTED_EDGE('',*,*,#1765,.F.);
#1119=ORIENTED_EDGE('',*,*,#1766,.T.);
#1120=ORIENTED_EDGE('',*,*,#1767,.T.);
#1121=ORIENTED_EDGE('',*,*,#1768,.T.);
#1122=ORIENTED_EDGE('',*,*,#1769,.F.);
#1123=ORIENTED_EDGE('',*,*,#1770,.T.);
#1124=ORIENTED_EDGE('',*,*,#1771,.T.);
#1125=ORIENTED_EDGE('',*,*,#1772,.F.);
#1126=ORIENTED_EDGE('',*,*,#1773,.F.);
#1127=ORIENTED_EDGE('',*,*,#1772,.T.);
#1128=ORIENTED_EDGE('',*,*,#1774,.T.);
#1129=ORIENTED_EDGE('',*,*,#1775,.F.);
#1130=ORIENTED_EDGE('',*,*,#1776,.F.);
#1131=ORIENTED_EDGE('',*,*,#1775,.T.);
#1132=ORIENTED_EDGE('',*,*,#1777,.T.);
#1133=ORIENTED_EDGE('',*,*,#1751,.F.);
#1134=ORIENTED_EDGE('',*,*,#1778,.F.);
#1135=ORIENTED_EDGE('',*,*,#1779,.T.);
#1136=ORIENTED_EDGE('',*,*,#1780,.T.);
#1137=ORIENTED_EDGE('',*,*,#1781,.T.);
#1138=ORIENTED_EDGE('',*,*,#1782,.T.);
#1139=ORIENTED_EDGE('',*,*,#1783,.T.);
#1140=ORIENTED_EDGE('',*,*,#1784,.T.);
#1141=ORIENTED_EDGE('',*,*,#1785,.T.);
#1142=ORIENTED_EDGE('',*,*,#1786,.T.);
#1143=ORIENTED_EDGE('',*,*,#1787,.T.);
#1144=ORIENTED_EDGE('',*,*,#1788,.T.);
#1145=ORIENTED_EDGE('',*,*,#1789,.T.);
#1146=ORIENTED_EDGE('',*,*,#1790,.T.);
#1147=ORIENTED_EDGE('',*,*,#1791,.F.);
#1148=ORIENTED_EDGE('',*,*,#1792,.F.);
#1149=ORIENTED_EDGE('',*,*,#1793,.F.);
#1150=ORIENTED_EDGE('',*,*,#1794,.F.);
#1151=ORIENTED_EDGE('',*,*,#1769,.T.);
#1152=ORIENTED_EDGE('',*,*,#1795,.T.);
#1153=ORIENTED_EDGE('',*,*,#1773,.T.);
#1154=ORIENTED_EDGE('',*,*,#1776,.T.);
#1155=ORIENTED_EDGE('',*,*,#1778,.T.);
#1156=ORIENTED_EDGE('',*,*,#1754,.T.);
#1157=ORIENTED_EDGE('',*,*,#1757,.T.);
#1158=ORIENTED_EDGE('',*,*,#1796,.T.);
#1159=ORIENTED_EDGE('',*,*,#1761,.T.);
#1160=ORIENTED_EDGE('',*,*,#1797,.T.);
#1161=ORIENTED_EDGE('',*,*,#1765,.T.);
#1162=ORIENTED_EDGE('',*,*,#1798,.T.);
#1163=ORIENTED_EDGE('',*,*,#1516,.F.);
#1164=ORIENTED_EDGE('',*,*,#1648,.F.);
#1165=ORIENTED_EDGE('',*,*,#1515,.F.);
#1166=ORIENTED_EDGE('',*,*,#1647,.F.);
#1167=ORIENTED_EDGE('',*,*,#1514,.F.);
#1168=ORIENTED_EDGE('',*,*,#1646,.F.);
#1169=ORIENTED_EDGE('',*,*,#1794,.T.);
#1170=ORIENTED_EDGE('',*,*,#1715,.F.);
#1171=ORIENTED_EDGE('',*,*,#1714,.F.);
#1172=ORIENTED_EDGE('',*,*,#1645,.F.);
#1173=ORIENTED_EDGE('',*,*,#1511,.F.);
#1174=ORIENTED_EDGE('',*,*,#1799,.T.);
#1175=ORIENTED_EDGE('',*,*,#1726,.F.);
#1176=ORIENTED_EDGE('',*,*,#1750,.T.);
#1177=ORIENTED_EDGE('',*,*,#1793,.T.);
#1178=ORIENTED_EDGE('',*,*,#1644,.F.);
#1179=ORIENTED_EDGE('',*,*,#1507,.F.);
#1180=ORIENTED_EDGE('',*,*,#1800,.T.);
#1181=ORIENTED_EDGE('',*,*,#1722,.F.);
#1182=ORIENTED_EDGE('',*,*,#1749,.T.);
#1183=ORIENTED_EDGE('',*,*,#1792,.T.);
#1184=ORIENTED_EDGE('',*,*,#1643,.F.);
#1185=ORIENTED_EDGE('',*,*,#1791,.T.);
#1186=ORIENTED_EDGE('',*,*,#1588,.F.);
#1187=ORIENTED_EDGE('',*,*,#1642,.F.);
#1188=ORIENTED_EDGE('',*,*,#1587,.F.);
#1189=ORIENTED_EDGE('',*,*,#1756,.F.);
#1190=ORIENTED_EDGE('',*,*,#1801,.T.);
#1191=ORIENTED_EDGE('',*,*,#1758,.F.);
#1192=ORIENTED_EDGE('',*,*,#1796,.F.);
#1193=ORIENTED_EDGE('',*,*,#1760,.F.);
#1194=ORIENTED_EDGE('',*,*,#1802,.T.);
#1195=ORIENTED_EDGE('',*,*,#1762,.F.);
#1196=ORIENTED_EDGE('',*,*,#1797,.F.);
#1197=ORIENTED_EDGE('',*,*,#1764,.F.);
#1198=ORIENTED_EDGE('',*,*,#1803,.T.);
#1199=ORIENTED_EDGE('',*,*,#1766,.F.);
#1200=ORIENTED_EDGE('',*,*,#1798,.F.);
#1201=ORIENTED_EDGE('',*,*,#1768,.F.);
#1202=ORIENTED_EDGE('',*,*,#1804,.T.);
#1203=ORIENTED_EDGE('',*,*,#1770,.F.);
#1204=ORIENTED_EDGE('',*,*,#1795,.F.);
#1205=ORIENTED_EDGE('',*,*,#1748,.F.);
#1206=ORIENTED_EDGE('',*,*,#1544,.F.);
#1207=ORIENTED_EDGE('',*,*,#1805,.F.);
#1208=ORIENTED_EDGE('',*,*,#1746,.T.);
#1209=ORIENTED_EDGE('',*,*,#1805,.T.);
#1210=ORIENTED_EDGE('',*,*,#1556,.F.);
#1211=ORIENTED_EDGE('',*,*,#1806,.F.);
#1212=ORIENTED_EDGE('',*,*,#1727,.T.);
#1213=ORIENTED_EDGE('',*,*,#1799,.F.);
#1214=ORIENTED_EDGE('',*,*,#1510,.T.);
#1215=ORIENTED_EDGE('',*,*,#1806,.T.);
#1216=ORIENTED_EDGE('',*,*,#1536,.F.);
#1217=ORIENTED_EDGE('',*,*,#1807,.F.);
#1218=ORIENTED_EDGE('',*,*,#1743,.T.);
#1219=ORIENTED_EDGE('',*,*,#1807,.T.);
#1220=ORIENTED_EDGE('',*,*,#1554,.F.);
#1221=ORIENTED_EDGE('',*,*,#1808,.F.);
#1222=ORIENTED_EDGE('',*,*,#1731,.T.);
#1223=ORIENTED_EDGE('',*,*,#1808,.T.);
#1224=ORIENTED_EDGE('',*,*,#1540,.F.);
#1225=ORIENTED_EDGE('',*,*,#1809,.F.);
#1226=ORIENTED_EDGE('',*,*,#1741,.T.);
#1227=ORIENTED_EDGE('',*,*,#1809,.T.);
#1228=ORIENTED_EDGE('',*,*,#1558,.F.);
#1229=ORIENTED_EDGE('',*,*,#1810,.F.);
#1230=ORIENTED_EDGE('',*,*,#1719,.T.);
#1231=ORIENTED_EDGE('',*,*,#1810,.T.);
#1232=ORIENTED_EDGE('',*,*,#1532,.F.);
#1233=ORIENTED_EDGE('',*,*,#1811,.F.);
#1234=ORIENTED_EDGE('',*,*,#1739,.T.);
#1235=ORIENTED_EDGE('',*,*,#1811,.T.);
#1236=ORIENTED_EDGE('',*,*,#1560,.F.);
#1237=ORIENTED_EDGE('',*,*,#1812,.F.);
#1238=ORIENTED_EDGE('',*,*,#1723,.T.);
#1239=ORIENTED_EDGE('',*,*,#1800,.F.);
#1240=ORIENTED_EDGE('',*,*,#1506,.T.);
#1241=ORIENTED_EDGE('',*,*,#1812,.T.);
#1242=ORIENTED_EDGE('',*,*,#1528,.F.);
#1243=ORIENTED_EDGE('',*,*,#1735,.F.);
#1244=ORIENTED_EDGE('',*,*,#1737,.T.);
#1245=ORIENTED_EDGE('',*,*,#1657,.F.);
#1246=ORIENTED_EDGE('',*,*,#1813,.T.);
#1247=ORIENTED_EDGE('',*,*,#1661,.F.);
#1248=ORIENTED_EDGE('',*,*,#1814,.T.);
#1249=ORIENTED_EDGE('',*,*,#1815,.T.);
#1250=ORIENTED_EDGE('',*,*,#1667,.F.);
#1251=ORIENTED_EDGE('',*,*,#1816,.T.);
#1252=ORIENTED_EDGE('',*,*,#1671,.F.);
#1253=ORIENTED_EDGE('',*,*,#1817,.T.);
#1254=ORIENTED_EDGE('',*,*,#1818,.T.);
#1255=ORIENTED_EDGE('',*,*,#1673,.F.);
#1256=ORIENTED_EDGE('',*,*,#1819,.T.);
#1257=ORIENTED_EDGE('',*,*,#1675,.F.);
#1258=ORIENTED_EDGE('',*,*,#1820,.T.);
#1259=ORIENTED_EDGE('',*,*,#1821,.T.);
#1260=ORIENTED_EDGE('',*,*,#1663,.F.);
#1261=ORIENTED_EDGE('',*,*,#1822,.T.);
#1262=ORIENTED_EDGE('',*,*,#1665,.F.);
#1263=ORIENTED_EDGE('',*,*,#1823,.T.);
#1264=ORIENTED_EDGE('',*,*,#1824,.T.);
#1265=ORIENTED_EDGE('',*,*,#1820,.F.);
#1266=ORIENTED_EDGE('',*,*,#1678,.F.);
#1267=ORIENTED_EDGE('',*,*,#1825,.F.);
#1268=ORIENTED_EDGE('',*,*,#1696,.F.);
#1269=ORIENTED_EDGE('',*,*,#1826,.F.);
#1270=ORIENTED_EDGE('',*,*,#1825,.T.);
#1271=ORIENTED_EDGE('',*,*,#1702,.F.);
#1272=ORIENTED_EDGE('',*,*,#1827,.F.);
#1273=ORIENTED_EDGE('',*,*,#1697,.F.);
#1274=ORIENTED_EDGE('',*,*,#1826,.T.);
#1275=ORIENTED_EDGE('',*,*,#1695,.F.);
#1276=ORIENTED_EDGE('',*,*,#1828,.F.);
#1277=ORIENTED_EDGE('',*,*,#1817,.F.);
#1278=ORIENTED_EDGE('',*,*,#1674,.F.);
#1279=ORIENTED_EDGE('',*,*,#1821,.F.);
#1280=ORIENTED_EDGE('',*,*,#1827,.T.);
#1281=ORIENTED_EDGE('',*,*,#1651,.F.);
#1282=ORIENTED_EDGE('',*,*,#1829,.F.);
#1283=ORIENTED_EDGE('',*,*,#1698,.F.);
#1284=ORIENTED_EDGE('',*,*,#1828,.T.);
#1285=ORIENTED_EDGE('',*,*,#1694,.F.);
#1286=ORIENTED_EDGE('',*,*,#1830,.F.);
#1287=ORIENTED_EDGE('',*,*,#1823,.F.);
#1288=ORIENTED_EDGE('',*,*,#1668,.F.);
#1289=ORIENTED_EDGE('',*,*,#1818,.F.);
#1290=ORIENTED_EDGE('',*,*,#1829,.T.);
#1291=ORIENTED_EDGE('',*,*,#1700,.F.);
#1292=ORIENTED_EDGE('',*,*,#1831,.F.);
#1293=ORIENTED_EDGE('',*,*,#1691,.F.);
#1294=ORIENTED_EDGE('',*,*,#1830,.T.);
#1295=ORIENTED_EDGE('',*,*,#1693,.F.);
#1296=ORIENTED_EDGE('',*,*,#1832,.F.);
#1297=ORIENTED_EDGE('',*,*,#1814,.F.);
#1298=ORIENTED_EDGE('',*,*,#1664,.F.);
#1299=ORIENTED_EDGE('',*,*,#1824,.F.);
#1300=ORIENTED_EDGE('',*,*,#1831,.T.);
#1301=ORIENTED_EDGE('',*,*,#1658,.F.);
#1302=ORIENTED_EDGE('',*,*,#1815,.F.);
#1303=ORIENTED_EDGE('',*,*,#1832,.T.);
#1304=ORIENTED_EDGE('',*,*,#1692,.F.);
#1305=ORIENTED_EDGE('',*,*,#1833,.F.);
#1306=ORIENTED_EDGE('',*,*,#1786,.F.);
#1307=ORIENTED_EDGE('',*,*,#1834,.F.);
#1308=ORIENTED_EDGE('',*,*,#1530,.F.);
#1309=ORIENTED_EDGE('',*,*,#1834,.T.);
#1310=ORIENTED_EDGE('',*,*,#1785,.F.);
#1311=ORIENTED_EDGE('',*,*,#1835,.F.);
#1312=ORIENTED_EDGE('',*,*,#1559,.F.);
#1313=ORIENTED_EDGE('',*,*,#1833,.T.);
#1314=ORIENTED_EDGE('',*,*,#1557,.F.);
#1315=ORIENTED_EDGE('',*,*,#1836,.F.);
#1316=ORIENTED_EDGE('',*,*,#1787,.F.);
#1317=ORIENTED_EDGE('',*,*,#1835,.T.);
#1318=ORIENTED_EDGE('',*,*,#1784,.F.);
#1319=ORIENTED_EDGE('',*,*,#1837,.F.);
#1320=ORIENTED_EDGE('',*,*,#1526,.F.);
#1321=ORIENTED_EDGE('',*,*,#1836,.T.);
#1322=ORIENTED_EDGE('',*,*,#1538,.F.);
#1323=ORIENTED_EDGE('',*,*,#1838,.F.);
#1324=ORIENTED_EDGE('',*,*,#1788,.F.);
#1325=ORIENTED_EDGE('',*,*,#1837,.T.);
#1326=ORIENTED_EDGE('',*,*,#1783,.F.);
#1327=ORIENTED_EDGE('',*,*,#1839,.F.);
#1328=ORIENTED_EDGE('',*,*,#1549,.F.);
#1329=ORIENTED_EDGE('',*,*,#1838,.T.);
#1330=ORIENTED_EDGE('',*,*,#1553,.F.);
#1331=ORIENTED_EDGE('',*,*,#1840,.F.);
#1332=ORIENTED_EDGE('',*,*,#1789,.F.);
#1333=ORIENTED_EDGE('',*,*,#1839,.T.);
#1334=ORIENTED_EDGE('',*,*,#1782,.F.);
#1335=ORIENTED_EDGE('',*,*,#1841,.F.);
#1336=ORIENTED_EDGE('',*,*,#1518,.F.);
#1337=ORIENTED_EDGE('',*,*,#1840,.T.);
#1338=ORIENTED_EDGE('',*,*,#1534,.F.);
#1339=ORIENTED_EDGE('',*,*,#1842,.F.);
#1340=ORIENTED_EDGE('',*,*,#1790,.F.);
#1341=ORIENTED_EDGE('',*,*,#1841,.T.);
#1342=ORIENTED_EDGE('',*,*,#1781,.F.);
#1343=ORIENTED_EDGE('',*,*,#1843,.F.);
#1344=ORIENTED_EDGE('',*,*,#1545,.F.);
#1345=ORIENTED_EDGE('',*,*,#1842,.T.);
#1346=ORIENTED_EDGE('',*,*,#1555,.F.);
#1347=ORIENTED_EDGE('',*,*,#1844,.F.);
#1348=ORIENTED_EDGE('',*,*,#1779,.F.);
#1349=ORIENTED_EDGE('',*,*,#1843,.T.);
#1350=ORIENTED_EDGE('',*,*,#1780,.F.);
#1351=ORIENTED_EDGE('',*,*,#1844,.T.);
#1352=ORIENTED_EDGE('',*,*,#1542,.F.);
#1353=ORIENTED_EDGE('',*,*,#1845,.F.);
#1354=ORIENTED_EDGE('',*,*,#1804,.F.);
#1355=ORIENTED_EDGE('',*,*,#1846,.F.);
#1356=ORIENTED_EDGE('',*,*,#1686,.F.);
#1357=ORIENTED_EDGE('',*,*,#1846,.T.);
#1358=ORIENTED_EDGE('',*,*,#1767,.F.);
#1359=ORIENTED_EDGE('',*,*,#1847,.F.);
#1360=ORIENTED_EDGE('',*,*,#1687,.F.);
#1361=ORIENTED_EDGE('',*,*,#1845,.T.);
#1362=ORIENTED_EDGE('',*,*,#1685,.F.);
#1363=ORIENTED_EDGE('',*,*,#1848,.F.);
#1364=ORIENTED_EDGE('',*,*,#1771,.F.);
#1365=ORIENTED_EDGE('',*,*,#1847,.T.);
#1366=ORIENTED_EDGE('',*,*,#1803,.F.);
#1367=ORIENTED_EDGE('',*,*,#1849,.F.);
#1368=ORIENTED_EDGE('',*,*,#1688,.F.);
#1369=ORIENTED_EDGE('',*,*,#1848,.T.);
#1370=ORIENTED_EDGE('',*,*,#1684,.F.);
#1371=ORIENTED_EDGE('',*,*,#1850,.F.);
#1372=ORIENTED_EDGE('',*,*,#1774,.F.);
#1373=ORIENTED_EDGE('',*,*,#1849,.T.);
#1374=ORIENTED_EDGE('',*,*,#1763,.F.);
#1375=ORIENTED_EDGE('',*,*,#1851,.F.);
#1376=ORIENTED_EDGE('',*,*,#1689,.F.);
#1377=ORIENTED_EDGE('',*,*,#1850,.T.);
#1378=ORIENTED_EDGE('',*,*,#1683,.F.);
#1379=ORIENTED_EDGE('',*,*,#1852,.F.);
#1380=ORIENTED_EDGE('',*,*,#1777,.F.);
#1381=ORIENTED_EDGE('',*,*,#1851,.T.);
#1382=ORIENTED_EDGE('',*,*,#1802,.F.);
#1383=ORIENTED_EDGE('',*,*,#1853,.F.);
#1384=ORIENTED_EDGE('',*,*,#1690,.F.);
#1385=ORIENTED_EDGE('',*,*,#1852,.T.);
#1386=ORIENTED_EDGE('',*,*,#1682,.F.);
#1387=ORIENTED_EDGE('',*,*,#1854,.F.);
#1388=ORIENTED_EDGE('',*,*,#1752,.F.);
#1389=ORIENTED_EDGE('',*,*,#1853,.T.);
#1390=ORIENTED_EDGE('',*,*,#1759,.F.);
#1391=ORIENTED_EDGE('',*,*,#1855,.F.);
#1392=ORIENTED_EDGE('',*,*,#1679,.F.);
#1393=ORIENTED_EDGE('',*,*,#1854,.T.);
#1394=ORIENTED_EDGE('',*,*,#1681,.F.);
#1395=ORIENTED_EDGE('',*,*,#1856,.F.);
#1396=ORIENTED_EDGE('',*,*,#1755,.F.);
#1397=ORIENTED_EDGE('',*,*,#1855,.T.);
#1398=ORIENTED_EDGE('',*,*,#1801,.F.);
#1399=ORIENTED_EDGE('',*,*,#1856,.T.);
#1400=ORIENTED_EDGE('',*,*,#1680,.F.);
#1401=ORIENTED_EDGE('',*,*,#1593,.F.);
#1402=ORIENTED_EDGE('',*,*,#1622,.F.);
#1403=ORIENTED_EDGE('',*,*,#1857,.F.);
#1404=ORIENTED_EDGE('',*,*,#1524,.F.);
#1405=ORIENTED_EDGE('',*,*,#1857,.T.);
#1406=ORIENTED_EDGE('',*,*,#1621,.F.);
#1407=ORIENTED_EDGE('',*,*,#1858,.F.);
#1408=ORIENTED_EDGE('',*,*,#1550,.F.);
#1409=ORIENTED_EDGE('',*,*,#1858,.T.);
#1410=ORIENTED_EDGE('',*,*,#1620,.F.);
#1411=ORIENTED_EDGE('',*,*,#1859,.F.);
#1412=ORIENTED_EDGE('',*,*,#1561,.F.);
#1413=ORIENTED_EDGE('',*,*,#1859,.T.);
#1414=ORIENTED_EDGE('',*,*,#1619,.F.);
#1415=ORIENTED_EDGE('',*,*,#1860,.F.);
#1416=ORIENTED_EDGE('',*,*,#1585,.F.);
#1417=ORIENTED_EDGE('',*,*,#1860,.T.);
#1418=ORIENTED_EDGE('',*,*,#1618,.F.);
#1419=ORIENTED_EDGE('',*,*,#1861,.F.);
#1420=ORIENTED_EDGE('',*,*,#1565,.F.);
#1421=ORIENTED_EDGE('',*,*,#1861,.T.);
#1422=ORIENTED_EDGE('',*,*,#1617,.F.);
#1423=ORIENTED_EDGE('',*,*,#1862,.F.);
#1424=ORIENTED_EDGE('',*,*,#1583,.F.);
#1425=ORIENTED_EDGE('',*,*,#1862,.T.);
#1426=ORIENTED_EDGE('',*,*,#1616,.F.);
#1427=ORIENTED_EDGE('',*,*,#1863,.F.);
#1428=ORIENTED_EDGE('',*,*,#1573,.F.);
#1429=ORIENTED_EDGE('',*,*,#1863,.T.);
#1430=ORIENTED_EDGE('',*,*,#1615,.F.);
#1431=ORIENTED_EDGE('',*,*,#1864,.F.);
#1432=ORIENTED_EDGE('',*,*,#1579,.F.);
#1433=ORIENTED_EDGE('',*,*,#1864,.T.);
#1434=ORIENTED_EDGE('',*,*,#1614,.F.);
#1435=ORIENTED_EDGE('',*,*,#1865,.F.);
#1436=ORIENTED_EDGE('',*,*,#1569,.F.);
#1437=ORIENTED_EDGE('',*,*,#1865,.T.);
#1438=ORIENTED_EDGE('',*,*,#1613,.F.);
#1439=ORIENTED_EDGE('',*,*,#1866,.F.);
#1440=ORIENTED_EDGE('',*,*,#1581,.F.);
#1441=ORIENTED_EDGE('',*,*,#1866,.T.);
#1442=ORIENTED_EDGE('',*,*,#1612,.F.);
#1443=ORIENTED_EDGE('',*,*,#1867,.F.);
#1444=ORIENTED_EDGE('',*,*,#1577,.F.);
#1445=ORIENTED_EDGE('',*,*,#1867,.T.);
#1446=ORIENTED_EDGE('',*,*,#1611,.F.);
#1447=ORIENTED_EDGE('',*,*,#1868,.F.);
#1448=ORIENTED_EDGE('',*,*,#1548,.F.);
#1449=ORIENTED_EDGE('',*,*,#1601,.F.);
#1450=ORIENTED_EDGE('',*,*,#1520,.F.);
#1451=ORIENTED_EDGE('',*,*,#1868,.T.);
#1452=ORIENTED_EDGE('',*,*,#1610,.F.);
#1453=ORIENTED_EDGE('',*,*,#1596,.F.);
#1454=ORIENTED_EDGE('',*,*,#1653,.F.);
#1455=ORIENTED_EDGE('',*,*,#1869,.F.);
#1456=ORIENTED_EDGE('',*,*,#1626,.F.);
#1457=ORIENTED_EDGE('',*,*,#1869,.T.);
#1458=ORIENTED_EDGE('',*,*,#1701,.F.);
#1459=ORIENTED_EDGE('',*,*,#1870,.F.);
#1460=ORIENTED_EDGE('',*,*,#1627,.F.);
#1461=ORIENTED_EDGE('',*,*,#1870,.T.);
#1462=ORIENTED_EDGE('',*,*,#1676,.F.);
#1463=ORIENTED_EDGE('',*,*,#1871,.F.);
#1464=ORIENTED_EDGE('',*,*,#1628,.F.);
#1465=ORIENTED_EDGE('',*,*,#1871,.T.);
#1466=ORIENTED_EDGE('',*,*,#1819,.F.);
#1467=ORIENTED_EDGE('',*,*,#1872,.F.);
#1468=ORIENTED_EDGE('',*,*,#1629,.F.);
#1469=ORIENTED_EDGE('',*,*,#1872,.T.);
#1470=ORIENTED_EDGE('',*,*,#1672,.F.);
#1471=ORIENTED_EDGE('',*,*,#1873,.F.);
#1472=ORIENTED_EDGE('',*,*,#1630,.F.);
#1473=ORIENTED_EDGE('',*,*,#1873,.T.);
#1474=ORIENTED_EDGE('',*,*,#1816,.F.);
#1475=ORIENTED_EDGE('',*,*,#1874,.F.);
#1476=ORIENTED_EDGE('',*,*,#1631,.F.);
#1477=ORIENTED_EDGE('',*,*,#1874,.T.);
#1478=ORIENTED_EDGE('',*,*,#1666,.F.);
#1479=ORIENTED_EDGE('',*,*,#1875,.F.);
#1480=ORIENTED_EDGE('',*,*,#1632,.F.);
#1481=ORIENTED_EDGE('',*,*,#1875,.T.);
#1482=ORIENTED_EDGE('',*,*,#1822,.F.);
#1483=ORIENTED_EDGE('',*,*,#1876,.F.);
#1484=ORIENTED_EDGE('',*,*,#1633,.F.);
#1485=ORIENTED_EDGE('',*,*,#1876,.T.);
#1486=ORIENTED_EDGE('',*,*,#1662,.F.);
#1487=ORIENTED_EDGE('',*,*,#1877,.F.);
#1488=ORIENTED_EDGE('',*,*,#1634,.F.);
#1489=ORIENTED_EDGE('',*,*,#1877,.T.);
#1490=ORIENTED_EDGE('',*,*,#1813,.F.);
#1491=ORIENTED_EDGE('',*,*,#1878,.F.);
#1492=ORIENTED_EDGE('',*,*,#1635,.F.);
#1493=ORIENTED_EDGE('',*,*,#1878,.T.);
#1494=ORIENTED_EDGE('',*,*,#1656,.F.);
#1495=ORIENTED_EDGE('',*,*,#1879,.F.);
#1496=ORIENTED_EDGE('',*,*,#1636,.F.);
#1497=ORIENTED_EDGE('',*,*,#1879,.T.);
#1498=ORIENTED_EDGE('',*,*,#1699,.F.);
#1499=ORIENTED_EDGE('',*,*,#1880,.F.);
#1500=ORIENTED_EDGE('',*,*,#1637,.F.);
#1501=ORIENTED_EDGE('',*,*,#1607,.F.);
#1502=ORIENTED_EDGE('',*,*,#1638,.F.);
#1503=ORIENTED_EDGE('',*,*,#1880,.T.);
#1504=ORIENTED_EDGE('',*,*,#1649,.F.);
#1505=EDGE_CURVE('',#1881,#1881,#2117,.T.);
#1506=EDGE_CURVE('',#1882,#1883,#651,.T.);
#1507=EDGE_CURVE('',#1882,#1884,#139,.T.);
#1508=EDGE_CURVE('',#1884,#1885,#652,.T.);
#1509=EDGE_CURVE('',#1883,#1885,#140,.T.);
#1510=EDGE_CURVE('',#1886,#1887,#653,.T.);
#1511=EDGE_CURVE('',#1886,#1888,#141,.T.);
#1512=EDGE_CURVE('',#1888,#1889,#654,.T.);
#1513=EDGE_CURVE('',#1887,#1889,#142,.T.);
#1514=EDGE_CURVE('',#1890,#1890,#655,.F.);
#1515=EDGE_CURVE('',#1891,#1891,#656,.F.);
#1516=EDGE_CURVE('',#1892,#1892,#657,.F.);
#1517=EDGE_CURVE('',#1893,#1894,#143,.F.);
#1518=EDGE_CURVE('',#1893,#1895,#144,.T.);
#1519=EDGE_CURVE('',#1896,#1895,#145,.T.);
#1520=EDGE_CURVE('',#1896,#1897,#146,.T.);
#1521=EDGE_CURVE('',#1897,#1898,#147,.T.);
#1522=EDGE_CURVE('',#1898,#1899,#658,.F.);
#1523=EDGE_CURVE('',#1899,#1900,#148,.T.);
#1524=EDGE_CURVE('',#1900,#1894,#149,.T.);
#1525=EDGE_CURVE('',#1901,#1902,#150,.T.);
#1526=EDGE_CURVE('',#1902,#1903,#151,.T.);
#1527=EDGE_CURVE('',#1904,#1903,#152,.T.);
#1528=EDGE_CURVE('',#1904,#1901,#153,.T.);
#1529=EDGE_CURVE('',#1905,#1906,#154,.T.);
#1530=EDGE_CURVE('',#1906,#1907,#155,.T.);
#1531=EDGE_CURVE('',#1908,#1907,#156,.T.);
#1532=EDGE_CURVE('',#1908,#1905,#157,.T.);
#1533=EDGE_CURVE('',#1909,#1910,#158,.T.);
#1534=EDGE_CURVE('',#1910,#1911,#159,.T.);
#1535=EDGE_CURVE('',#1912,#1911,#160,.T.);
#1536=EDGE_CURVE('',#1912,#1909,#161,.T.);
#1537=EDGE_CURVE('',#1913,#1914,#162,.T.);
#1538=EDGE_CURVE('',#1914,#1915,#163,.T.);
#1539=EDGE_CURVE('',#1916,#1915,#164,.T.);
#1540=EDGE_CURVE('',#1916,#1913,#165,.T.);
#1541=EDGE_CURVE('',#1917,#1918,#166,.F.);
#1542=EDGE_CURVE('',#1917,#1919,#167,.T.);
#1543=EDGE_CURVE('',#1920,#1919,#168,.T.);
#1544=EDGE_CURVE('',#1920,#1918,#169,.T.);
#1545=EDGE_CURVE('',#1895,#1917,#659,.T.);
#1546=EDGE_CURVE('',#1918,#1921,#170,.T.);
#1547=EDGE_CURVE('',#1921,#1922,#171,.F.);
#1548=EDGE_CURVE('',#1922,#1896,#660,.F.);
#1549=EDGE_CURVE('',#1903,#1893,#661,.T.);
#1550=EDGE_CURVE('',#1894,#1923,#662,.F.);
#1551=EDGE_CURVE('',#1923,#1924,#172,.T.);
#1552=EDGE_CURVE('',#1924,#1904,#173,.T.);
#1553=EDGE_CURVE('',#1911,#1914,#663,.T.);
#1554=EDGE_CURVE('',#1913,#1912,#664,.F.);
#1555=EDGE_CURVE('',#1919,#1910,#665,.T.);
#1556=EDGE_CURVE('',#1909,#1920,#666,.F.);
#1557=EDGE_CURVE('',#1915,#1906,#667,.T.);
#1558=EDGE_CURVE('',#1905,#1916,#668,.F.);
#1559=EDGE_CURVE('',#1907,#1902,#669,.T.);
#1560=EDGE_CURVE('',#1901,#1908,#670,.F.);
#1561=EDGE_CURVE('',#1923,#1925,#174,.T.);
#1562=EDGE_CURVE('',#1925,#1926,#175,.T.);
#1563=EDGE_CURVE('',#1926,#1924,#176,.T.);
#1564=EDGE_CURVE('',#1927,#1928,#177,.T.);
#1565=EDGE_CURVE('',#1927,#1929,#178,.T.);
#1566=EDGE_CURVE('',#1929,#1930,#179,.T.);
#1567=EDGE_CURVE('',#1930,#1928,#180,.T.);
#1568=EDGE_CURVE('',#1931,#1932,#181,.T.);
#1569=EDGE_CURVE('',#1931,#1933,#182,.T.);
#1570=EDGE_CURVE('',#1933,#1934,#183,.T.);
#1571=EDGE_CURVE('',#1934,#1932,#184,.T.);
#1572=EDGE_CURVE('',#1935,#1936,#185,.T.);
#1573=EDGE_CURVE('',#1935,#1937,#186,.T.);
#1574=EDGE_CURVE('',#1937,#1938,#187,.T.);
#1575=EDGE_CURVE('',#1938,#1936,#188,.T.);
#1576=EDGE_CURVE('',#1939,#1940,#189,.T.);
#1577=EDGE_CURVE('',#1939,#1922,#190,.T.);
#1578=EDGE_CURVE('',#1921,#1940,#191,.T.);
#1579=EDGE_CURVE('',#1937,#1931,#671,.F.);
#1580=EDGE_CURVE('',#1932,#1938,#672,.T.);
#1581=EDGE_CURVE('',#1933,#1939,#673,.F.);
#1582=EDGE_CURVE('',#1940,#1934,#674,.T.);
#1583=EDGE_CURVE('',#1929,#1935,#675,.F.);
#1584=EDGE_CURVE('',#1936,#1930,#676,.T.);
#1585=EDGE_CURVE('',#1925,#1927,#677,.F.);
#1586=EDGE_CURVE('',#1928,#1926,#678,.T.);
#1587=EDGE_CURVE('',#1941,#1941,#2118,.T.);
#1588=EDGE_CURVE('',#1942,#1942,#2119,.T.);
#1589=EDGE_CURVE('',#1943,#1943,#2120,.T.);
#1590=EDGE_CURVE('',#1944,#1944,#679,.T.);
#1591=EDGE_CURVE('',#1945,#1945,#680,.T.);
#1592=EDGE_CURVE('',#1946,#1947,#192,.T.);
#1593=EDGE_CURVE('',#1947,#1900,#193,.T.);
#1594=EDGE_CURVE('',#1948,#1899,#194,.T.);
#1595=EDGE_CURVE('',#1948,#1949,#195,.T.);
#1596=EDGE_CURVE('',#1949,#1950,#196,.F.);
#1597=EDGE_CURVE('',#1950,#1951,#197,.T.);
#1598=EDGE_CURVE('',#1951,#1952,#198,.T.);
#1599=EDGE_CURVE('',#1953,#1952,#199,.T.);
#1600=EDGE_CURVE('',#1953,#1946,#200,.T.);
#1601=EDGE_CURVE('',#1897,#1954,#201,.T.);
#1602=EDGE_CURVE('',#1955,#1954,#202,.T.);
#1603=EDGE_CURVE('',#1955,#1956,#203,.T.);
#1604=EDGE_CURVE('',#1957,#1956,#204,.T.);
#1605=EDGE_CURVE('',#1957,#1958,#205,.T.);
#1606=EDGE_CURVE('',#1959,#1958,#206,.T.);
#1607=EDGE_CURVE('',#1959,#1960,#207,.F.);
#1608=EDGE_CURVE('',#1960,#1961,#208,.T.);
#1609=EDGE_CURVE('',#1961,#1898,#209,.T.);
#1610=EDGE_CURVE('',#1954,#1962,#210,.T.);
#1611=EDGE_CURVE('',#1962,#1963,#681,.T.);
#1612=EDGE_CURVE('',#1963,#1964,#211,.T.);
#1613=EDGE_CURVE('',#1964,#1965,#682,.T.);
#1614=EDGE_CURVE('',#1965,#1966,#212,.T.);
#1615=EDGE_CURVE('',#1966,#1967,#683,.T.);
#1616=EDGE_CURVE('',#1967,#1968,#213,.T.);
#1617=EDGE_CURVE('',#1968,#1969,#684,.T.);
#1618=EDGE_CURVE('',#1969,#1970,#214,.T.);
#1619=EDGE_CURVE('',#1970,#1971,#685,.T.);
#1620=EDGE_CURVE('',#1971,#1972,#215,.T.);
#1621=EDGE_CURVE('',#1972,#1973,#686,.T.);
#1622=EDGE_CURVE('',#1973,#1947,#216,.T.);
#1623=EDGE_CURVE('',#1946,#1974,#217,.T.);
#1624=EDGE_CURVE('',#1974,#1975,#218,.T.);
#1625=EDGE_CURVE('',#1975,#1951,#219,.T.);
#1626=EDGE_CURVE('',#1950,#1976,#220,.T.);
#1627=EDGE_CURVE('',#1976,#1977,#687,.F.);
#1628=EDGE_CURVE('',#1977,#1978,#221,.T.);
#1629=EDGE_CURVE('',#1978,#1979,#688,.F.);
#1630=EDGE_CURVE('',#1979,#1980,#222,.T.);
#1631=EDGE_CURVE('',#1980,#1981,#689,.F.);
#1632=EDGE_CURVE('',#1981,#1982,#223,.T.);
#1633=EDGE_CURVE('',#1982,#1983,#690,.F.);
#1634=EDGE_CURVE('',#1983,#1984,#224,.T.);
#1635=EDGE_CURVE('',#1984,#1985,#691,.F.);
#1636=EDGE_CURVE('',#1985,#1986,#225,.T.);
#1637=EDGE_CURVE('',#1986,#1987,#692,.F.);
#1638=EDGE_CURVE('',#1987,#1959,#226,.T.);
#1639=EDGE_CURVE('',#1958,#1988,#227,.T.);
#1640=EDGE_CURVE('',#1988,#1989,#228,.T.);
#1641=EDGE_CURVE('',#1989,#1955,#229,.T.);
#1642=EDGE_CURVE('',#1990,#1990,#693,.T.);
#1643=EDGE_CURVE('',#1991,#1991,#694,.T.);
#1644=EDGE_CURVE('',#1992,#1992,#695,.T.);
#1645=EDGE_CURVE('',#1993,#1993,#696,.T.);
#1646=EDGE_CURVE('',#1994,#1994,#697,.T.);
#1647=EDGE_CURVE('',#1995,#1995,#698,.T.);
#1648=EDGE_CURVE('',#1996,#1996,#699,.T.);
#1649=EDGE_CURVE('',#1960,#1997,#230,.T.);
#1650=EDGE_CURVE('',#1997,#1998,#231,.F.);
#1651=EDGE_CURVE('',#1998,#1999,#232,.T.);
#1652=EDGE_CURVE('',#1999,#2000,#233,.T.);
#1653=EDGE_CURVE('',#2000,#1949,#234,.T.);
#1654=EDGE_CURVE('',#1961,#1948,#700,.F.);
#1655=EDGE_CURVE('',#2001,#2002,#235,.T.);
#1656=EDGE_CURVE('',#2002,#2003,#236,.T.);
#1657=EDGE_CURVE('',#2003,#2004,#237,.F.);
#1658=EDGE_CURVE('',#2004,#2001,#238,.T.);
#1659=EDGE_CURVE('',#2005,#2005,#701,.T.);
#1660=EDGE_CURVE('',#2006,#2006,#702,.T.);
#1661=EDGE_CURVE('',#2007,#2008,#239,.T.);
#1662=EDGE_CURVE('',#2008,#2009,#240,.T.);
#1663=EDGE_CURVE('',#2009,#2010,#241,.F.);
#1664=EDGE_CURVE('',#2010,#2007,#242,.T.);
#1665=EDGE_CURVE('',#2011,#2012,#243,.T.);
#1666=EDGE_CURVE('',#2012,#2013,#244,.T.);
#1667=EDGE_CURVE('',#2013,#2014,#245,.F.);
#1668=EDGE_CURVE('',#2014,#2011,#246,.T.);
#1669=EDGE_CURVE('',#2015,#2015,#703,.T.);
#1670=EDGE_CURVE('',#2016,#2016,#704,.T.);
#1671=EDGE_CURVE('',#2017,#2018,#247,.T.);
#1672=EDGE_CURVE('',#2018,#2019,#248,.T.);
#1673=EDGE_CURVE('',#2019,#2020,#249,.F.);
#1674=EDGE_CURVE('',#2020,#2017,#250,.T.);
#1675=EDGE_CURVE('',#2021,#2022,#251,.T.);
#1676=EDGE_CURVE('',#2022,#2023,#252,.T.);
#1677=EDGE_CURVE('',#2023,#2024,#253,.F.);
#1678=EDGE_CURVE('',#2024,#2021,#254,.T.);
#1679=EDGE_CURVE('',#2025,#2026,#255,.T.);
#1680=EDGE_CURVE('',#2026,#2027,#705,.F.);
#1681=EDGE_CURVE('',#2027,#2028,#256,.T.);
#1682=EDGE_CURVE('',#2028,#2029,#706,.F.);
#1683=EDGE_CURVE('',#2029,#2030,#257,.T.);
#1684=EDGE_CURVE('',#2030,#2031,#707,.F.);
#1685=EDGE_CURVE('',#2031,#2032,#258,.T.);
#1686=EDGE_CURVE('',#2032,#2033,#708,.F.);
#1687=EDGE_CURVE('',#2033,#2034,#259,.T.);
#1688=EDGE_CURVE('',#2034,#2035,#709,.F.);
#1689=EDGE_CURVE('',#2035,#2036,#260,.T.);
#1690=EDGE_CURVE('',#2036,#2025,#710,.F.);
#1691=EDGE_CURVE('',#2037,#2038,#711,.T.);
#1692=EDGE_CURVE('',#2038,#2039,#261,.T.);
#1693=EDGE_CURVE('',#2039,#2040,#262,.T.);
#1694=EDGE_CURVE('',#2040,#2041,#263,.T.);
#1695=EDGE_CURVE('',#2041,#2042,#264,.T.);
#1696=EDGE_CURVE('',#2042,#2043,#265,.T.);
#1697=EDGE_CURVE('',#2043,#2044,#712,.T.);
#1698=EDGE_CURVE('',#2044,#2037,#266,.T.);
#1699=EDGE_CURVE('',#1997,#2002,#713,.T.);
#1700=EDGE_CURVE('',#2001,#1998,#714,.F.);
#1701=EDGE_CURVE('',#2023,#2000,#715,.T.);
#1702=EDGE_CURVE('',#1999,#2024,#716,.F.);
#1703=EDGE_CURVE('',#2045,#1956,#267,.T.);
#1704=EDGE_CURVE('',#2046,#2045,#268,.T.);
#1705=EDGE_CURVE('',#1957,#2046,#269,.T.);
#1706=EDGE_CURVE('',#2045,#1989,#270,.T.);
#1707=EDGE_CURVE('',#2046,#1988,#271,.T.);
#1708=EDGE_CURVE('',#2047,#1975,#272,.T.);
#1709=EDGE_CURVE('',#2047,#1952,#273,.T.);
#1710=EDGE_CURVE('',#1953,#2048,#274,.T.);
#1711=EDGE_CURVE('',#2048,#1974,#275,.T.);
#1712=EDGE_CURVE('',#2048,#2047,#276,.T.);
#1713=EDGE_CURVE('',#2049,#2049,#2121,.T.);
#1714=EDGE_CURVE('',#2050,#2050,#2122,.T.);
#1715=EDGE_CURVE('',#2051,#2051,#2123,.T.);
#1716=EDGE_CURVE('',#2052,#2052,#2124,.T.);
#1717=EDGE_CURVE('',#2053,#2054,#717,.T.);
#1718=EDGE_CURVE('',#2055,#2054,#277,.T.);
#1719=EDGE_CURVE('',#2056,#2055,#718,.T.);
#1720=EDGE_CURVE('',#2056,#2053,#278,.T.);
#1721=EDGE_CURVE('',#2057,#2058,#719,.T.);
#1722=EDGE_CURVE('',#2058,#2059,#279,.F.);
#1723=EDGE_CURVE('',#2060,#2059,#720,.T.);
#1724=EDGE_CURVE('',#2060,#2057,#280,.T.);
#1725=EDGE_CURVE('',#2061,#2062,#721,.T.);
#1726=EDGE_CURVE('',#2062,#2063,#281,.F.);
#1727=EDGE_CURVE('',#2064,#2063,#722,.T.);
#1728=EDGE_CURVE('',#2064,#2061,#282,.T.);
#1729=EDGE_CURVE('',#2065,#2066,#723,.T.);
#1730=EDGE_CURVE('',#2067,#2066,#283,.T.);
#1731=EDGE_CURVE('',#2068,#2067,#724,.T.);
#1732=EDGE_CURVE('',#2068,#2065,#284,.T.);
#1733=EDGE_CURVE('',#1924,#2069,#285,.T.);
#1734=EDGE_CURVE('',#2070,#2069,#286,.T.);
#1735=EDGE_CURVE('',#2070,#1904,#287,.T.);
#1736=EDGE_CURVE('',#2069,#2057,#288,.T.);
#1737=EDGE_CURVE('',#2070,#2060,#289,.T.);
#1738=EDGE_CURVE('',#1885,#2053,#290,.T.);
#1739=EDGE_CURVE('',#1883,#2056,#291,.T.);
#1740=EDGE_CURVE('',#2054,#2065,#292,.T.);
#1741=EDGE_CURVE('',#2055,#2068,#293,.T.);
#1742=EDGE_CURVE('',#2066,#2061,#294,.T.);
#1743=EDGE_CURVE('',#2067,#2064,#295,.T.);
#1744=EDGE_CURVE('',#1889,#2071,#296,.T.);
#1745=EDGE_CURVE('',#2072,#2071,#297,.T.);
#1746=EDGE_CURVE('',#1887,#2072,#298,.T.);
#1747=EDGE_CURVE('',#2071,#1921,#299,.T.);
#1748=EDGE_CURVE('',#1918,#2072,#300,.T.);
#1749=EDGE_CURVE('',#2058,#1884,#725,.T.);
#1750=EDGE_CURVE('',#2062,#1888,#726,.T.);
#1751=EDGE_CURVE('',#2073,#2074,#301,.T.);
#1752=EDGE_CURVE('',#2074,#2075,#727,.T.);
#1753=EDGE_CURVE('',#2076,#2075,#302,.T.);
#1754=EDGE_CURVE('',#2073,#2076,#728,.T.);
#1755=EDGE_CURVE('',#2075,#2077,#303,.T.);
#1756=EDGE_CURVE('',#2077,#2078,#304,.F.);
#1757=EDGE_CURVE('',#2076,#2078,#305,.T.);
#1758=EDGE_CURVE('',#2079,#2080,#306,.T.);
#1759=EDGE_CURVE('',#2080,#2081,#307,.T.);
#1760=EDGE_CURVE('',#2081,#2082,#308,.F.);
#1761=EDGE_CURVE('',#2079,#2082,#309,.T.);
#1762=EDGE_CURVE('',#2083,#2084,#310,.T.);
#1763=EDGE_CURVE('',#2084,#2085,#311,.T.);
#1764=EDGE_CURVE('',#2085,#2086,#312,.F.);
#1765=EDGE_CURVE('',#2083,#2086,#313,.T.);
#1766=EDGE_CURVE('',#2087,#2088,#314,.T.);
#1767=EDGE_CURVE('',#2088,#2089,#315,.T.);
#1768=EDGE_CURVE('',#2089,#2090,#316,.F.);
#1769=EDGE_CURVE('',#2087,#2090,#317,.T.);
#1770=EDGE_CURVE('',#2091,#2092,#318,.T.);
#1771=EDGE_CURVE('',#2092,#2093,#319,.T.);
#1772=EDGE_CURVE('',#2094,#2093,#320,.T.);
#1773=EDGE_CURVE('',#2091,#2094,#321,.T.);
#1774=EDGE_CURVE('',#2093,#2095,#729,.T.);
#1775=EDGE_CURVE('',#2096,#2095,#322,.T.);
#1776=EDGE_CURVE('',#2094,#2096,#730,.T.);
#1777=EDGE_CURVE('',#2095,#2074,#323,.T.);
#1778=EDGE_CURVE('',#2096,#2073,#324,.T.);
#1779=EDGE_CURVE('',#2097,#2098,#731,.F.);
#1780=EDGE_CURVE('',#2098,#2099,#325,.T.);
#1781=EDGE_CURVE('',#2099,#2100,#732,.F.);
#1782=EDGE_CURVE('',#2100,#2101,#326,.T.);
#1783=EDGE_CURVE('',#2101,#2102,#733,.F.);
#1784=EDGE_CURVE('',#2102,#2103,#327,.T.);
#1785=EDGE_CURVE('',#2103,#2104,#734,.F.);
#1786=EDGE_CURVE('',#2104,#2105,#328,.T.);
#1787=EDGE_CURVE('',#2105,#2106,#735,.F.);
#1788=EDGE_CURVE('',#2106,#2107,#329,.T.);
#1789=EDGE_CURVE('',#2107,#2108,#736,.F.);
#1790=EDGE_CURVE('',#2108,#2097,#330,.T.);
#1791=EDGE_CURVE('',#2109,#2109,#737,.T.);
#1792=EDGE_CURVE('',#2110,#2110,#738,.T.);
#1793=EDGE_CURVE('',#2111,#2111,#739,.T.);
#1794=EDGE_CURVE('',#2112,#2112,#740,.T.);
#1795=EDGE_CURVE('',#2090,#2091,#741,.T.);
#1796=EDGE_CURVE('',#2078,#2079,#742,.T.);
#1797=EDGE_CURVE('',#2082,#2083,#743,.T.);
#1798=EDGE_CURVE('',#2086,#2087,#744,.T.);
#1799=EDGE_CURVE('',#1886,#2063,#2125,.T.);
#1800=EDGE_CURVE('',#1882,#2059,#2126,.T.);
#1801=EDGE_CURVE('',#2077,#2080,#745,.T.);
#1802=EDGE_CURVE('',#2081,#2084,#746,.T.);
#1803=EDGE_CURVE('',#2085,#2088,#747,.T.);
#1804=EDGE_CURVE('',#2089,#2092,#748,.T.);
#1805=EDGE_CURVE('',#1887,#1920,#331,.T.);
#1806=EDGE_CURVE('',#2064,#1909,#332,.T.);
#1807=EDGE_CURVE('',#2067,#1912,#333,.T.);
#1808=EDGE_CURVE('',#2068,#1913,#334,.T.);
#1809=EDGE_CURVE('',#2055,#1916,#335,.T.);
#1810=EDGE_CURVE('',#2056,#1905,#336,.T.);
#1811=EDGE_CURVE('',#1883,#1908,#337,.T.);
#1812=EDGE_CURVE('',#2060,#1901,#338,.T.);
#1813=EDGE_CURVE('',#2003,#2008,#749,.T.);
#1814=EDGE_CURVE('',#2007,#2113,#20,.F.);
#1815=EDGE_CURVE('',#2113,#2004,#21,.F.);
#1816=EDGE_CURVE('',#2013,#2018,#750,.T.);
#1817=EDGE_CURVE('',#2017,#2114,#22,.F.);
#1818=EDGE_CURVE('',#2114,#2014,#23,.F.);
#1819=EDGE_CURVE('',#2019,#2022,#751,.T.);
#1820=EDGE_CURVE('',#2021,#2115,#24,.F.);
#1821=EDGE_CURVE('',#2115,#2020,#25,.F.);
#1822=EDGE_CURVE('',#2009,#2012,#752,.T.);
#1823=EDGE_CURVE('',#2011,#2116,#26,.F.);
#1824=EDGE_CURVE('',#2116,#2010,#27,.F.);
#1825=EDGE_CURVE('',#2043,#2024,#339,.T.);
#1826=EDGE_CURVE('',#2115,#2042,#340,.T.);
#1827=EDGE_CURVE('',#2044,#1999,#341,.T.);
#1828=EDGE_CURVE('',#2114,#2041,#342,.T.);
#1829=EDGE_CURVE('',#2037,#1998,#343,.T.);
#1830=EDGE_CURVE('',#2116,#2040,#344,.T.);
#1831=EDGE_CURVE('',#2038,#2001,#345,.T.);
#1832=EDGE_CURVE('',#2113,#2039,#346,.F.);
#1833=EDGE_CURVE('',#2105,#1906,#347,.T.);
#1834=EDGE_CURVE('',#1907,#2104,#348,.T.);
#1835=EDGE_CURVE('',#1902,#2103,#349,.T.);
#1836=EDGE_CURVE('',#2106,#1915,#350,.T.);
#1837=EDGE_CURVE('',#1903,#2102,#351,.T.);
#1838=EDGE_CURVE('',#2107,#1914,#352,.T.);
#1839=EDGE_CURVE('',#1893,#2101,#353,.T.);
#1840=EDGE_CURVE('',#2108,#1911,#354,.T.);
#1841=EDGE_CURVE('',#1895,#2100,#355,.T.);
#1842=EDGE_CURVE('',#2097,#1910,#356,.T.);
#1843=EDGE_CURVE('',#1917,#2099,#357,.T.);
#1844=EDGE_CURVE('',#2098,#1919,#358,.T.);
#1845=EDGE_CURVE('',#2092,#2032,#359,.T.);
#1846=EDGE_CURVE('',#2033,#2089,#360,.T.);
#1847=EDGE_CURVE('',#2034,#2088,#361,.T.);
#1848=EDGE_CURVE('',#2093,#2031,#362,.T.);
#1849=EDGE_CURVE('',#2035,#2085,#363,.T.);
#1850=EDGE_CURVE('',#2095,#2030,#364,.T.);
#1851=EDGE_CURVE('',#2036,#2084,#365,.T.);
#1852=EDGE_CURVE('',#2074,#2029,#366,.T.);
#1853=EDGE_CURVE('',#2025,#2081,#367,.T.);
#1854=EDGE_CURVE('',#2075,#2028,#368,.T.);
#1855=EDGE_CURVE('',#2026,#2080,#369,.T.);
#1856=EDGE_CURVE('',#2077,#2027,#370,.T.);
#1857=EDGE_CURVE('',#1894,#1973,#371,.T.);
#1858=EDGE_CURVE('',#1923,#1972,#372,.T.);
#1859=EDGE_CURVE('',#1925,#1971,#373,.T.);
#1860=EDGE_CURVE('',#1927,#1970,#374,.T.);
#1861=EDGE_CURVE('',#1929,#1969,#375,.T.);
#1862=EDGE_CURVE('',#1935,#1968,#376,.T.);
#1863=EDGE_CURVE('',#1937,#1967,#377,.T.);
#1864=EDGE_CURVE('',#1931,#1966,#378,.T.);
#1865=EDGE_CURVE('',#1933,#1965,#379,.T.);
#1866=EDGE_CURVE('',#1939,#1964,#380,.T.);
#1867=EDGE_CURVE('',#1922,#1963,#381,.T.);
#1868=EDGE_CURVE('',#1896,#1962,#382,.T.);
#1869=EDGE_CURVE('',#1976,#2000,#383,.T.);
#1870=EDGE_CURVE('',#1977,#2023,#384,.T.);
#1871=EDGE_CURVE('',#1978,#2022,#385,.T.);
#1872=EDGE_CURVE('',#1979,#2019,#386,.T.);
#1873=EDGE_CURVE('',#1980,#2018,#387,.T.);
#1874=EDGE_CURVE('',#1981,#2013,#388,.T.);
#1875=EDGE_CURVE('',#1982,#2012,#389,.T.);
#1876=EDGE_CURVE('',#1983,#2009,#390,.T.);
#1877=EDGE_CURVE('',#1984,#2008,#391,.T.);
#1878=EDGE_CURVE('',#1985,#2003,#392,.T.);
#1879=EDGE_CURVE('',#1986,#2002,#393,.T.);
#1880=EDGE_CURVE('',#1987,#1997,#394,.T.);
#1881=VERTEX_POINT('',#4886);
#1882=VERTEX_POINT('',#4888);
#1883=VERTEX_POINT('',#4889);
#1884=VERTEX_POINT('',#4891);
#1885=VERTEX_POINT('',#4893);
#1886=VERTEX_POINT('',#4897);
#1887=VERTEX_POINT('',#4898);
#1888=VERTEX_POINT('',#4900);
#1889=VERTEX_POINT('',#4902);
#1890=VERTEX_POINT('',#4906);
#1891=VERTEX_POINT('',#4908);
#1892=VERTEX_POINT('',#4910);
#1893=VERTEX_POINT('',#4912);
#1894=VERTEX_POINT('',#4913);
#1895=VERTEX_POINT('',#4915);
#1896=VERTEX_POINT('',#4917);
#1897=VERTEX_POINT('',#4919);
#1898=VERTEX_POINT('',#4921);
#1899=VERTEX_POINT('',#4923);
#1900=VERTEX_POINT('',#4925);
#1901=VERTEX_POINT('',#4929);
#1902=VERTEX_POINT('',#4930);
#1903=VERTEX_POINT('',#4932);
#1904=VERTEX_POINT('',#4934);
#1905=VERTEX_POINT('',#4938);
#1906=VERTEX_POINT('',#4939);
#1907=VERTEX_POINT('',#4941);
#1908=VERTEX_POINT('',#4943);
#1909=VERTEX_POINT('',#4947);
#1910=VERTEX_POINT('',#4948);
#1911=VERTEX_POINT('',#4950);
#1912=VERTEX_POINT('',#4952);
#1913=VERTEX_POINT('',#4956);
#1914=VERTEX_POINT('',#4957);
#1915=VERTEX_POINT('',#4959);
#1916=VERTEX_POINT('',#4961);
#1917=VERTEX_POINT('',#4965);
#1918=VERTEX_POINT('',#4966);
#1919=VERTEX_POINT('',#4968);
#1920=VERTEX_POINT('',#4970);
#1921=VERTEX_POINT('',#4975);
#1922=VERTEX_POINT('',#4977);
#1923=VERTEX_POINT('',#4982);
#1924=VERTEX_POINT('',#4984);
#1925=VERTEX_POINT('',#5000);
#1926=VERTEX_POINT('',#5002);
#1927=VERTEX_POINT('',#5006);
#1928=VERTEX_POINT('',#5007);
#1929=VERTEX_POINT('',#5009);
#1930=VERTEX_POINT('',#5011);
#1931=VERTEX_POINT('',#5015);
#1932=VERTEX_POINT('',#5016);
#1933=VERTEX_POINT('',#5018);
#1934=VERTEX_POINT('',#5020);
#1935=VERTEX_POINT('',#5024);
#1936=VERTEX_POINT('',#5025);
#1937=VERTEX_POINT('',#5027);
#1938=VERTEX_POINT('',#5029);
#1939=VERTEX_POINT('',#5033);
#1940=VERTEX_POINT('',#5034);
#1941=VERTEX_POINT('',#5061);
#1942=VERTEX_POINT('',#5073);
#1943=VERTEX_POINT('',#5095);
#1944=VERTEX_POINT('',#5097);
#1945=VERTEX_POINT('',#5100);
#1946=VERTEX_POINT('',#5103);
#1947=VERTEX_POINT('',#5104);
#1948=VERTEX_POINT('',#5107);
#1949=VERTEX_POINT('',#5109);
#1950=VERTEX_POINT('',#5111);
#1951=VERTEX_POINT('',#5113);
#1952=VERTEX_POINT('',#5115);
#1953=VERTEX_POINT('',#5117);
#1954=VERTEX_POINT('',#5121);
#1955=VERTEX_POINT('',#5123);
#1956=VERTEX_POINT('',#5125);
#1957=VERTEX_POINT('',#5127);
#1958=VERTEX_POINT('',#5129);
#1959=VERTEX_POINT('',#5131);
#1960=VERTEX_POINT('',#5133);
#1961=VERTEX_POINT('',#5135);
#1962=VERTEX_POINT('',#5139);
#1963=VERTEX_POINT('',#5141);
#1964=VERTEX_POINT('',#5143);
#1965=VERTEX_POINT('',#5145);
#1966=VERTEX_POINT('',#5147);
#1967=VERTEX_POINT('',#5149);
#1968=VERTEX_POINT('',#5151);
#1969=VERTEX_POINT('',#5153);
#1970=VERTEX_POINT('',#5155);
#1971=VERTEX_POINT('',#5157);
#1972=VERTEX_POINT('',#5159);
#1973=VERTEX_POINT('',#5161);
#1974=VERTEX_POINT('',#5164);
#1975=VERTEX_POINT('',#5166);
#1976=VERTEX_POINT('',#5169);
#1977=VERTEX_POINT('',#5171);
#1978=VERTEX_POINT('',#5173);
#1979=VERTEX_POINT('',#5175);
#1980=VERTEX_POINT('',#5177);
#1981=VERTEX_POINT('',#5179);
#1982=VERTEX_POINT('',#5181);
#1983=VERTEX_POINT('',#5183);
#1984=VERTEX_POINT('',#5185);
#1985=VERTEX_POINT('',#5187);
#1986=VERTEX_POINT('',#5189);
#1987=VERTEX_POINT('',#5191);
#1988=VERTEX_POINT('',#5194);
#1989=VERTEX_POINT('',#5196);
#1990=VERTEX_POINT('',#5199);
#1991=VERTEX_POINT('',#5201);
#1992=VERTEX_POINT('',#5203);
#1993=VERTEX_POINT('',#5205);
#1994=VERTEX_POINT('',#5208);
#1995=VERTEX_POINT('',#5210);
#1996=VERTEX_POINT('',#5212);
#1997=VERTEX_POINT('',#5214);
#1998=VERTEX_POINT('',#5216);
#1999=VERTEX_POINT('',#5218);
#2000=VERTEX_POINT('',#5220);
#2001=VERTEX_POINT('',#5225);
#2002=VERTEX_POINT('',#5226);
#2003=VERTEX_POINT('',#5228);
#2004=VERTEX_POINT('',#5230);
#2005=VERTEX_POINT('',#5234);
#2006=VERTEX_POINT('',#5236);
#2007=VERTEX_POINT('',#5238);
#2008=VERTEX_POINT('',#5239);
#2009=VERTEX_POINT('',#5241);
#2010=VERTEX_POINT('',#5243);
#2011=VERTEX_POINT('',#5247);
#2012=VERTEX_POINT('',#5248);
#2013=VERTEX_POINT('',#5250);
#2014=VERTEX_POINT('',#5252);
#2015=VERTEX_POINT('',#5256);
#2016=VERTEX_POINT('',#5258);
#2017=VERTEX_POINT('',#5260);
#2018=VERTEX_POINT('',#5261);
#2019=VERTEX_POINT('',#5263);
#2020=VERTEX_POINT('',#5265);
#2021=VERTEX_POINT('',#5269);
#2022=VERTEX_POINT('',#5270);
#2023=VERTEX_POINT('',#5272);
#2024=VERTEX_POINT('',#5274);
#2025=VERTEX_POINT('',#5278);
#2026=VERTEX_POINT('',#5279);
#2027=VERTEX_POINT('',#5281);
#2028=VERTEX_POINT('',#5283);
#2029=VERTEX_POINT('',#5285);
#2030=VERTEX_POINT('',#5287);
#2031=VERTEX_POINT('',#5289);
#2032=VERTEX_POINT('',#5291);
#2033=VERTEX_POINT('',#5293);
#2034=VERTEX_POINT('',#5295);
#2035=VERTEX_POINT('',#5297);
#2036=VERTEX_POINT('',#5299);
#2037=VERTEX_POINT('',#5302);
#2038=VERTEX_POINT('',#5303);
#2039=VERTEX_POINT('',#5305);
#2040=VERTEX_POINT('',#5307);
#2041=VERTEX_POINT('',#5309);
#2042=VERTEX_POINT('',#5311);
#2043=VERTEX_POINT('',#5313);
#2044=VERTEX_POINT('',#5315);
#2045=VERTEX_POINT('',#5326);
#2046=VERTEX_POINT('',#5328);
#2047=VERTEX_POINT('',#5337);
#2048=VERTEX_POINT('',#5341);
#2049=VERTEX_POINT('',#5361);
#2050=VERTEX_POINT('',#5375);
#2051=VERTEX_POINT('',#5387);
#2052=VERTEX_POINT('',#5409);
#2053=VERTEX_POINT('',#5412);
#2054=VERTEX_POINT('',#5413);
#2055=VERTEX_POINT('',#5415);
#2056=VERTEX_POINT('',#5417);
#2057=VERTEX_POINT('',#5421);
#2058=VERTEX_POINT('',#5422);
#2059=VERTEX_POINT('',#5424);
#2060=VERTEX_POINT('',#5426);
#2061=VERTEX_POINT('',#5430);
#2062=VERTEX_POINT('',#5431);
#2063=VERTEX_POINT('',#5433);
#2064=VERTEX_POINT('',#5435);
#2065=VERTEX_POINT('',#5439);
#2066=VERTEX_POINT('',#5440);
#2067=VERTEX_POINT('',#5442);
#2068=VERTEX_POINT('',#5444);
#2069=VERTEX_POINT('',#5448);
#2070=VERTEX_POINT('',#5450);
#2071=VERTEX_POINT('',#5466);
#2072=VERTEX_POINT('',#5468);
#2073=VERTEX_POINT('',#5478);
#2074=VERTEX_POINT('',#5479);
#2075=VERTEX_POINT('',#5481);
#2076=VERTEX_POINT('',#5483);
#2077=VERTEX_POINT('',#5487);
#2078=VERTEX_POINT('',#5489);
#2079=VERTEX_POINT('',#5493);
#2080=VERTEX_POINT('',#5494);
#2081=VERTEX_POINT('',#5496);
#2082=VERTEX_POINT('',#5498);
#2083=VERTEX_POINT('',#5502);
#2084=VERTEX_POINT('',#5503);
#2085=VERTEX_POINT('',#5505);
#2086=VERTEX_POINT('',#5507);
#2087=VERTEX_POINT('',#5511);
#2088=VERTEX_POINT('',#5512);
#2089=VERTEX_POINT('',#5514);
#2090=VERTEX_POINT('',#5516);
#2091=VERTEX_POINT('',#5520);
#2092=VERTEX_POINT('',#5521);
#2093=VERTEX_POINT('',#5523);
#2094=VERTEX_POINT('',#5525);
#2095=VERTEX_POINT('',#5529);
#2096=VERTEX_POINT('',#5531);
#2097=VERTEX_POINT('',#5538);
#2098=VERTEX_POINT('',#5539);
#2099=VERTEX_POINT('',#5541);
#2100=VERTEX_POINT('',#5543);
#2101=VERTEX_POINT('',#5545);
#2102=VERTEX_POINT('',#5547);
#2103=VERTEX_POINT('',#5549);
#2104=VERTEX_POINT('',#5551);
#2105=VERTEX_POINT('',#5553);
#2106=VERTEX_POINT('',#5555);
#2107=VERTEX_POINT('',#5557);
#2108=VERTEX_POINT('',#5559);
#2109=VERTEX_POINT('',#5562);
#2110=VERTEX_POINT('',#5564);
#2111=VERTEX_POINT('',#5566);
#2112=VERTEX_POINT('',#5568);
#2113=VERTEX_POINT('',#5624);
#2114=VERTEX_POINT('',#5629);
#2115=VERTEX_POINT('',#5634);
#2116=VERTEX_POINT('',#5639);
#2117=B_SPLINE_CURVE_WITH_KNOTS('',3,(#4873,#4874,#4875,#4876,#4877,#4878,
#4879,#4880,#4881,#4882,#4883,#4884,#4885),.UNSPECIFIED.,.T.,.F.,(1,1,1,
1,1,1,1,1,1,1,1,1,1,1,1,1,1),(-0.00400173995646694,-0.00300130496735021,
-0.00200086997823347,0.,0.00200086997823347,0.00400173995646694,0.00600260993470041,
0.00800347991293388,0.0100043498911674,0.0110047848802841,0.0120052198694008,
0.0130056548585176,0.0140060898476343,0.0160069598258678,0.0180078298041012,
0.0200086997823347,0.0220095697605682),.UNSPECIFIED.);
#2118=B_SPLINE_CURVE_WITH_KNOTS('',3,(#5050,#5051,#5052,#5053,#5054,#5055,
#5056,#5057,#5058,#5059,#5060),.UNSPECIFIED.,.T.,.F.,(1,1,1,1,1,1,1,1,1,
1,1,1,1,1,1),(-0.00293073069463247,-0.00195382046308832,-0.000976910231544158,
0.,0.000976910231544158,0.00195382046308832,0.00293073069463248,0.00390764092617663,
0.00488455115772079,0.00586146138926495,0.00683837162080911,0.00781528185235327,
0.00879219208389742,0.00976910231544158,0.0107460125469857),
 .UNSPECIFIED.);
#2119=B_SPLINE_CURVE_WITH_KNOTS('',3,(#5062,#5063,#5064,#5065,#5066,#5067,
#5068,#5069,#5070,#5071,#5072),.UNSPECIFIED.,.T.,.F.,(1,1,1,1,1,1,1,1,1,
1,1,1,1,1,1),(-0.00293033629157116,-0.00195355752771411,-0.000976778763857054,
0.,0.000976778763857054,0.00195355752771411,0.00293033629157116,0.00390711505542822,
0.00488389381928527,0.00586067258314233,0.00683745134699938,0.00781423011085644,
0.00879100887471349,0.00976778763857054,0.0107445664024276),
 .UNSPECIFIED.);
#2120=B_SPLINE_CURVE_WITH_KNOTS('',3,(#5074,#5075,#5076,#5077,#5078,#5079,
#5080,#5081,#5082,#5083,#5084,#5085,#5086,#5087,#5088,#5089,#5090,#5091,
#5092,#5093,#5094),.UNSPECIFIED.,.T.,.F.,(1,1,1,1,1,1,1,1,1,1,1,1,1,1,1,
1,1,1,1,1,1,1,1,1,1),(-0.00374167978952085,-0.0024944531930139,-0.00124722659650695,
0.,0.00124722659650695,0.0024944531930139,0.00374167978952085,0.00436529308777432,
0.0049889063860278,0.00561251968428127,0.00623613298253475,0.0074833595790417,
0.00873058617554865,0.0099778127720556,0.0112250393685625,0.0124722659650695,
0.0137194925615764,0.0149667191580834,0.0162139457545903,0.0174611723510973,
0.0187083989476042,0.0199556255441112,0.0212028521406181,0.0224500787371251,
0.023697305333632),.UNSPECIFIED.);
#2121=B_SPLINE_CURVE_WITH_KNOTS('',3,(#5348,#5349,#5350,#5351,#5352,#5353,
#5354,#5355,#5356,#5357,#5358,#5359,#5360),.UNSPECIFIED.,.T.,.F.,(1,1,1,
1,1,1,1,1,1,1,1,1,1,1,1,1,1),(-0.00599992170497981,-0.00399994780331987,
-0.00199997390165994,0.,0.00199997390165994,0.00299996085248991,0.00399994780331987,
0.00499993475414984,0.00599992170497981,0.00799989560663975,0.00999986950829969,
0.0119998434099596,0.0139998173116196,0.0159997912132795,0.0179997651149394,
0.0189997520657694,0.0199997390165994),.UNSPECIFIED.);
#2122=B_SPLINE_CURVE_WITH_KNOTS('',3,(#5364,#5365,#5366,#5367,#5368,#5369,
#5370,#5371,#5372,#5373,#5374),.UNSPECIFIED.,.T.,.F.,(1,1,1,1,1,1,1,1,1,
1,1,1,1,1,1),(-0.00293073069463248,-0.00195382046308832,-0.000976910231544161,
0.,0.000976910231544161,0.00195382046308832,0.00293073069463248,0.00390764092617664,
0.0048845511577208,0.00586146138926496,0.00683837162080912,0.00781528185235329,
0.00879219208389745,0.00976910231544161,0.0107460125469858),
 .UNSPECIFIED.);
#2123=B_SPLINE_CURVE_WITH_KNOTS('',3,(#5376,#5377,#5378,#5379,#5380,#5381,
#5382,#5383,#5384,#5385,#5386),.UNSPECIFIED.,.T.,.F.,(1,1,1,1,1,1,1,1,1,
1,1,1,1,1,1),(-0.00293033629157116,-0.00195355752771411,-0.000976778763857053,
0.,0.000976778763857054,0.00195355752771411,0.00293033629157116,0.00390711505542822,
0.00488389381928527,0.00586067258314232,0.00683745134699938,0.00781423011085643,
0.00879100887471348,0.00976778763857054,0.0107445664024276),
 .UNSPECIFIED.);
#2124=B_SPLINE_CURVE_WITH_KNOTS('',3,(#5388,#5389,#5390,#5391,#5392,#5393,
#5394,#5395,#5396,#5397,#5398,#5399,#5400,#5401,#5402,#5403,#5404,#5405,
#5406,#5407,#5408),.UNSPECIFIED.,.T.,.F.,(1,1,1,1,1,1,1,1,1,1,1,1,1,1,1,
1,1,1,1,1,1,1,1,1,1),(-0.00373574410994907,-0.00249049607329938,-0.00124524803664969,
0.,0.00124524803664969,0.00249049607329938,0.00373574410994907,0.00498099214659876,
0.00622624018324845,0.00747148821989814,0.00871673625654783,0.00996198429319751,
0.0112072323298472,0.0124524803664969,0.0136977284031466,0.0143203524214714,
0.0149429764397963,0.0155656004581211,0.016188224476446,0.0174334725130957,
0.0186787205497453,0.019923968586395,0.0211692166230447,0.0224144646596944,
0.0236597126963441),.UNSPECIFIED.);
#2125=B_SPLINE_CURVE_WITH_KNOTS('',3,(#5579,#5580,#5581,#5582,#5583,#5584,
#5585),.UNSPECIFIED.,.F.,.F.,(4,1,1,1,4),(4.60355868346488E-17,0.00066484593706846,
0.00132969187413687,0.00199453781120529,0.0026593837482737),
 .UNSPECIFIED.);
#2126=B_SPLINE_CURVE_WITH_KNOTS('',3,(#5587,#5588,#5589,#5590,#5591,#5592,
#5593),.UNSPECIFIED.,.F.,.F.,(4,1,1,1,4),(3.48782968875914E-17,0.000664845937068438,
0.00132969187413684,0.00199453781120525,0.00265938374827365),
 .UNSPECIFIED.);
#2127=EDGE_LOOP('',(#753));
#2128=EDGE_LOOP('',(#754,#755,#756,#757));
#2129=EDGE_LOOP('',(#758,#759,#760,#761));
#2130=EDGE_LOOP('',(#762));
#2131=EDGE_LOOP('',(#763));
#2132=EDGE_LOOP('',(#764));
#2133=EDGE_LOOP('',(#765,#766,#767,#768,#769,#770,#771,#772));
#2134=EDGE_LOOP('',(#773,#774,#775,#776));
#2135=EDGE_LOOP('',(#777,#778,#779,#780));
#2136=EDGE_LOOP('',(#781,#782,#783,#784));
#2137=EDGE_LOOP('',(#785,#786,#787,#788));
#2138=EDGE_LOOP('',(#789,#790,#791,#792));
#2139=EDGE_LOOP('',(#793,#794,#795,#796,#797,#798));
#2140=EDGE_LOOP('',(#799,#800,#801,#802,#803,#804));
#2141=EDGE_LOOP('',(#805,#806,#807,#808));
#2142=EDGE_LOOP('',(#809,#810,#811,#812));
#2143=EDGE_LOOP('',(#813,#814,#815,#816));
#2144=EDGE_LOOP('',(#817,#818,#819,#820));
#2145=EDGE_LOOP('',(#821,#822,#823,#824));
#2146=EDGE_LOOP('',(#825,#826,#827,#828));
#2147=EDGE_LOOP('',(#829,#830,#831,#832));
#2148=EDGE_LOOP('',(#833,#834,#835,#836));
#2149=EDGE_LOOP('',(#837,#838,#839,#840));
#2150=EDGE_LOOP('',(#841,#842,#843,#844));
#2151=EDGE_LOOP('',(#845,#846,#847,#848));
#2152=EDGE_LOOP('',(#849,#850,#851,#852));
#2153=EDGE_LOOP('',(#853,#854,#855,#856));
#2154=EDGE_LOOP('',(#857));
#2155=EDGE_LOOP('',(#858));
#2156=EDGE_LOOP('',(#859));
#2157=EDGE_LOOP('',(#860));
#2158=EDGE_LOOP('',(#861));
#2159=EDGE_LOOP('',(#862));
#2160=EDGE_LOOP('',(#863,#864,#865,#866,#867,#868,#869,#870,#871,#872));
#2161=EDGE_LOOP('',(#873,#874,#875,#876,#877,#878,#879,#880,#881,#882));
#2162=EDGE_LOOP('',(#883,#884,#885,#886,#887,#888,#889,#890,#891,#892,#893,
#894,#895,#896,#897,#898,#899,#900,#901,#902,#903,#904,#905,#906,#907,#908,
#909,#910,#911,#912,#913,#914,#915,#916,#917,#918));
#2163=EDGE_LOOP('',(#919));
#2164=EDGE_LOOP('',(#920));
#2165=EDGE_LOOP('',(#921));
#2166=EDGE_LOOP('',(#922));
#2167=EDGE_LOOP('',(#923));
#2168=EDGE_LOOP('',(#924));
#2169=EDGE_LOOP('',(#925));
#2170=EDGE_LOOP('',(#926,#927,#928,#929,#930,#931,#932,#933));
#2171=EDGE_LOOP('',(#934,#935,#936,#937));
#2172=EDGE_LOOP('',(#938));
#2173=EDGE_LOOP('',(#939));
#2174=EDGE_LOOP('',(#940,#941,#942,#943));
#2175=EDGE_LOOP('',(#944,#945,#946,#947));
#2176=EDGE_LOOP('',(#948));
#2177=EDGE_LOOP('',(#949));
#2178=EDGE_LOOP('',(#950,#951,#952,#953));
#2179=EDGE_LOOP('',(#954,#955,#956,#957));
#2180=EDGE_LOOP('',(#958,#959,#960,#961,#962,#963,#964,#965,#966,#967,#968,
#969));
#2181=EDGE_LOOP('',(#970,#971,#972,#973,#974,#975,#976,#977));
#2182=EDGE_LOOP('',(#978,#979,#980,#981));
#2183=EDGE_LOOP('',(#982,#983,#984,#985));
#2184=EDGE_LOOP('',(#986,#987,#988,#989));
#2185=EDGE_LOOP('',(#990,#991,#992,#993));
#2186=EDGE_LOOP('',(#994,#995,#996,#997));
#2187=EDGE_LOOP('',(#998,#999,#1000,#1001));
#2188=EDGE_LOOP('',(#1002,#1003,#1004,#1005));
#2189=EDGE_LOOP('',(#1006,#1007,#1008,#1009));
#2190=EDGE_LOOP('',(#1010,#1011,#1012,#1013));
#2191=EDGE_LOOP('',(#1014,#1015,#1016,#1017));
#2192=EDGE_LOOP('',(#1018,#1019,#1020,#1021));
#2193=EDGE_LOOP('',(#1022));
#2194=EDGE_LOOP('',(#1023));
#2195=EDGE_LOOP('',(#1024));
#2196=EDGE_LOOP('',(#1025));
#2197=EDGE_LOOP('',(#1026));
#2198=EDGE_LOOP('',(#1027));
#2199=EDGE_LOOP('',(#1028));
#2200=EDGE_LOOP('',(#1029));
#2201=EDGE_LOOP('',(#1030));
#2202=EDGE_LOOP('',(#1031));
#2203=EDGE_LOOP('',(#1032,#1033,#1034,#1035));
#2204=EDGE_LOOP('',(#1036));
#2205=EDGE_LOOP('',(#1037,#1038,#1039,#1040));
#2206=EDGE_LOOP('',(#1041,#1042,#1043,#1044));
#2207=EDGE_LOOP('',(#1045));
#2208=EDGE_LOOP('',(#1046,#1047,#1048,#1049));
#2209=EDGE_LOOP('',(#1050));
#2210=EDGE_LOOP('',(#1051,#1052,#1053,#1054));
#2211=EDGE_LOOP('',(#1055,#1056,#1057,#1058));
#2212=EDGE_LOOP('',(#1059,#1060,#1061,#1062));
#2213=EDGE_LOOP('',(#1063,#1064,#1065,#1066));
#2214=EDGE_LOOP('',(#1067,#1068,#1069,#1070));
#2215=EDGE_LOOP('',(#1071,#1072,#1073,#1074));
#2216=EDGE_LOOP('',(#1075,#1076,#1077,#1078));
#2217=EDGE_LOOP('',(#1079,#1080,#1081,#1082,#1083,#1084,#1085,#1086,#1087,
#1088,#1089,#1090,#1091,#1092,#1093,#1094,#1095,#1096,#1097,#1098,#1099,
#1100,#1101,#1102));
#2218=EDGE_LOOP('',(#1103,#1104,#1105,#1106));
#2219=EDGE_LOOP('',(#1107,#1108,#1109,#1110));
#2220=EDGE_LOOP('',(#1111,#1112,#1113,#1114));
#2221=EDGE_LOOP('',(#1115,#1116,#1117,#1118));
#2222=EDGE_LOOP('',(#1119,#1120,#1121,#1122));
#2223=EDGE_LOOP('',(#1123,#1124,#1125,#1126));
#2224=EDGE_LOOP('',(#1127,#1128,#1129,#1130));
#2225=EDGE_LOOP('',(#1131,#1132,#1133,#1134));
#2226=EDGE_LOOP('',(#1135,#1136,#1137,#1138,#1139,#1140,#1141,#1142,#1143,
#1144,#1145,#1146));
#2227=EDGE_LOOP('',(#1147));
#2228=EDGE_LOOP('',(#1148));
#2229=EDGE_LOOP('',(#1149));
#2230=EDGE_LOOP('',(#1150));
#2231=EDGE_LOOP('',(#1151,#1152,#1153,#1154,#1155,#1156,#1157,#1158,#1159,
#1160,#1161,#1162));
#2232=EDGE_LOOP('',(#1163));
#2233=EDGE_LOOP('',(#1164));
#2234=EDGE_LOOP('',(#1165));
#2235=EDGE_LOOP('',(#1166));
#2236=EDGE_LOOP('',(#1167));
#2237=EDGE_LOOP('',(#1168));
#2238=EDGE_LOOP('',(#1169));
#2239=EDGE_LOOP('',(#1170));
#2240=EDGE_LOOP('',(#1171));
#2241=EDGE_LOOP('',(#1172));
#2242=EDGE_LOOP('',(#1173,#1174,#1175,#1176));
#2243=EDGE_LOOP('',(#1177));
#2244=EDGE_LOOP('',(#1178));
#2245=EDGE_LOOP('',(#1179,#1180,#1181,#1182));
#2246=EDGE_LOOP('',(#1183));
#2247=EDGE_LOOP('',(#1184));
#2248=EDGE_LOOP('',(#1185));
#2249=EDGE_LOOP('',(#1186));
#2250=EDGE_LOOP('',(#1187));
#2251=EDGE_LOOP('',(#1188));
#2252=EDGE_LOOP('',(#1189,#1190,#1191,#1192));
#2253=EDGE_LOOP('',(#1193,#1194,#1195,#1196));
#2254=EDGE_LOOP('',(#1197,#1198,#1199,#1200));
#2255=EDGE_LOOP('',(#1201,#1202,#1203,#1204));
#2256=EDGE_LOOP('',(#1205,#1206,#1207,#1208));
#2257=EDGE_LOOP('',(#1209,#1210,#1211,#1212,#1213,#1214));
#2258=EDGE_LOOP('',(#1215,#1216,#1217,#1218));
#2259=EDGE_LOOP('',(#1219,#1220,#1221,#1222));
#2260=EDGE_LOOP('',(#1223,#1224,#1225,#1226));
#2261=EDGE_LOOP('',(#1227,#1228,#1229,#1230));
#2262=EDGE_LOOP('',(#1231,#1232,#1233,#1234));
#2263=EDGE_LOOP('',(#1235,#1236,#1237,#1238,#1239,#1240));
#2264=EDGE_LOOP('',(#1241,#1242,#1243,#1244));
#2265=EDGE_LOOP('',(#1245,#1246,#1247,#1248,#1249));
#2266=EDGE_LOOP('',(#1250,#1251,#1252,#1253,#1254));
#2267=EDGE_LOOP('',(#1255,#1256,#1257,#1258,#1259));
#2268=EDGE_LOOP('',(#1260,#1261,#1262,#1263,#1264));
#2269=EDGE_LOOP('',(#1265,#1266,#1267,#1268,#1269));
#2270=EDGE_LOOP('',(#1270,#1271,#1272,#1273));
#2271=EDGE_LOOP('',(#1274,#1275,#1276,#1277,#1278,#1279));
#2272=EDGE_LOOP('',(#1280,#1281,#1282,#1283));
#2273=EDGE_LOOP('',(#1284,#1285,#1286,#1287,#1288,#1289));
#2274=EDGE_LOOP('',(#1290,#1291,#1292,#1293));
#2275=EDGE_LOOP('',(#1294,#1295,#1296,#1297,#1298,#1299));
#2276=EDGE_LOOP('',(#1300,#1301,#1302,#1303,#1304));
#2277=EDGE_LOOP('',(#1305,#1306,#1307,#1308));
#2278=EDGE_LOOP('',(#1309,#1310,#1311,#1312));
#2279=EDGE_LOOP('',(#1313,#1314,#1315,#1316));
#2280=EDGE_LOOP('',(#1317,#1318,#1319,#1320));
#2281=EDGE_LOOP('',(#1321,#1322,#1323,#1324));
#2282=EDGE_LOOP('',(#1325,#1326,#1327,#1328));
#2283=EDGE_LOOP('',(#1329,#1330,#1331,#1332));
#2284=EDGE_LOOP('',(#1333,#1334,#1335,#1336));
#2285=EDGE_LOOP('',(#1337,#1338,#1339,#1340));
#2286=EDGE_LOOP('',(#1341,#1342,#1343,#1344));
#2287=EDGE_LOOP('',(#1345,#1346,#1347,#1348));
#2288=EDGE_LOOP('',(#1349,#1350,#1351,#1352));
#2289=EDGE_LOOP('',(#1353,#1354,#1355,#1356));
#2290=EDGE_LOOP('',(#1357,#1358,#1359,#1360));
#2291=EDGE_LOOP('',(#1361,#1362,#1363,#1364));
#2292=EDGE_LOOP('',(#1365,#1366,#1367,#1368));
#2293=EDGE_LOOP('',(#1369,#1370,#1371,#1372));
#2294=EDGE_LOOP('',(#1373,#1374,#1375,#1376));
#2295=EDGE_LOOP('',(#1377,#1378,#1379,#1380));
#2296=EDGE_LOOP('',(#1381,#1382,#1383,#1384));
#2297=EDGE_LOOP('',(#1385,#1386,#1387,#1388));
#2298=EDGE_LOOP('',(#1389,#1390,#1391,#1392));
#2299=EDGE_LOOP('',(#1393,#1394,#1395,#1396));
#2300=EDGE_LOOP('',(#1397,#1398,#1399,#1400));
#2301=EDGE_LOOP('',(#1401,#1402,#1403,#1404));
#2302=EDGE_LOOP('',(#1405,#1406,#1407,#1408));
#2303=EDGE_LOOP('',(#1409,#1410,#1411,#1412));
#2304=EDGE_LOOP('',(#1413,#1414,#1415,#1416));
#2305=EDGE_LOOP('',(#1417,#1418,#1419,#1420));
#2306=EDGE_LOOP('',(#1421,#1422,#1423,#1424));
#2307=EDGE_LOOP('',(#1425,#1426,#1427,#1428));
#2308=EDGE_LOOP('',(#1429,#1430,#1431,#1432));
#2309=EDGE_LOOP('',(#1433,#1434,#1435,#1436));
#2310=EDGE_LOOP('',(#1437,#1438,#1439,#1440));
#2311=EDGE_LOOP('',(#1441,#1442,#1443,#1444));
#2312=EDGE_LOOP('',(#1445,#1446,#1447,#1448));
#2313=EDGE_LOOP('',(#1449,#1450,#1451,#1452));
#2314=EDGE_LOOP('',(#1453,#1454,#1455,#1456));
#2315=EDGE_LOOP('',(#1457,#1458,#1459,#1460));
#2316=EDGE_LOOP('',(#1461,#1462,#1463,#1464));
#2317=EDGE_LOOP('',(#1465,#1466,#1467,#1468));
#2318=EDGE_LOOP('',(#1469,#1470,#1471,#1472));
#2319=EDGE_LOOP('',(#1473,#1474,#1475,#1476));
#2320=EDGE_LOOP('',(#1477,#1478,#1479,#1480));
#2321=EDGE_LOOP('',(#1481,#1482,#1483,#1484));
#2322=EDGE_LOOP('',(#1485,#1486,#1487,#1488));
#2323=EDGE_LOOP('',(#1489,#1490,#1491,#1492));
#2324=EDGE_LOOP('',(#1493,#1494,#1495,#1496));
#2325=EDGE_LOOP('',(#1497,#1498,#1499,#1500));
#2326=EDGE_LOOP('',(#1501,#1502,#1503,#1504));
#2327=FACE_BOUND('',#2127,.T.);
#2328=FACE_BOUND('',#2128,.T.);
#2329=FACE_BOUND('',#2129,.T.);
#2330=FACE_BOUND('',#2130,.T.);
#2331=FACE_BOUND('',#2131,.T.);
#2332=FACE_BOUND('',#2132,.T.);
#2333=FACE_BOUND('',#2133,.T.);
#2334=FACE_BOUND('',#2134,.T.);
#2335=FACE_BOUND('',#2135,.T.);
#2336=FACE_BOUND('',#2136,.T.);
#2337=FACE_BOUND('',#2137,.T.);
#2338=FACE_BOUND('',#2138,.T.);
#2339=FACE_BOUND('',#2139,.T.);
#2340=FACE_BOUND('',#2140,.T.);
#2341=FACE_BOUND('',#2141,.T.);
#2342=FACE_BOUND('',#2142,.T.);
#2343=FACE_BOUND('',#2143,.T.);
#2344=FACE_BOUND('',#2144,.T.);
#2345=FACE_BOUND('',#2145,.T.);
#2346=FACE_BOUND('',#2146,.T.);
#2347=FACE_BOUND('',#2147,.T.);
#2348=FACE_BOUND('',#2148,.T.);
#2349=FACE_BOUND('',#2149,.T.);
#2350=FACE_BOUND('',#2150,.T.);
#2351=FACE_BOUND('',#2151,.T.);
#2352=FACE_BOUND('',#2152,.T.);
#2353=FACE_BOUND('',#2153,.T.);
#2354=FACE_BOUND('',#2154,.T.);
#2355=FACE_BOUND('',#2155,.T.);
#2356=FACE_BOUND('',#2156,.T.);
#2357=FACE_BOUND('',#2157,.T.);
#2358=FACE_BOUND('',#2158,.T.);
#2359=FACE_BOUND('',#2159,.T.);
#2360=FACE_BOUND('',#2160,.T.);
#2361=FACE_BOUND('',#2161,.T.);
#2362=FACE_BOUND('',#2162,.T.);
#2363=FACE_BOUND('',#2163,.T.);
#2364=FACE_BOUND('',#2164,.T.);
#2365=FACE_BOUND('',#2165,.T.);
#2366=FACE_BOUND('',#2166,.T.);
#2367=FACE_BOUND('',#2167,.T.);
#2368=FACE_BOUND('',#2168,.T.);
#2369=FACE_BOUND('',#2169,.T.);
#2370=FACE_BOUND('',#2170,.T.);
#2371=FACE_BOUND('',#2171,.T.);
#2372=FACE_BOUND('',#2172,.T.);
#2373=FACE_BOUND('',#2173,.T.);
#2374=FACE_BOUND('',#2174,.T.);
#2375=FACE_BOUND('',#2175,.T.);
#2376=FACE_BOUND('',#2176,.T.);
#2377=FACE_BOUND('',#2177,.T.);
#2378=FACE_BOUND('',#2178,.T.);
#2379=FACE_BOUND('',#2179,.T.);
#2380=FACE_BOUND('',#2180,.T.);
#2381=FACE_BOUND('',#2181,.T.);
#2382=FACE_BOUND('',#2182,.T.);
#2383=FACE_BOUND('',#2183,.T.);
#2384=FACE_BOUND('',#2184,.T.);
#2385=FACE_BOUND('',#2185,.T.);
#2386=FACE_BOUND('',#2186,.T.);
#2387=FACE_BOUND('',#2187,.T.);
#2388=FACE_BOUND('',#2188,.T.);
#2389=FACE_BOUND('',#2189,.T.);
#2390=FACE_BOUND('',#2190,.T.);
#2391=FACE_BOUND('',#2191,.T.);
#2392=FACE_BOUND('',#2192,.T.);
#2393=FACE_BOUND('',#2193,.T.);
#2394=FACE_BOUND('',#2194,.T.);
#2395=FACE_BOUND('',#2195,.T.);
#2396=FACE_BOUND('',#2196,.T.);
#2397=FACE_BOUND('',#2197,.T.);
#2398=FACE_BOUND('',#2198,.T.);
#2399=FACE_BOUND('',#2199,.T.);
#2400=FACE_BOUND('',#2200,.T.);
#2401=FACE_BOUND('',#2201,.T.);
#2402=FACE_BOUND('',#2202,.T.);
#2403=FACE_BOUND('',#2203,.T.);
#2404=FACE_BOUND('',#2204,.T.);
#2405=FACE_BOUND('',#2205,.T.);
#2406=FACE_BOUND('',#2206,.T.);
#2407=FACE_BOUND('',#2207,.T.);
#2408=FACE_BOUND('',#2208,.T.);
#2409=FACE_BOUND('',#2209,.T.);
#2410=FACE_BOUND('',#2210,.T.);
#2411=FACE_BOUND('',#2211,.T.);
#2412=FACE_BOUND('',#2212,.T.);
#2413=FACE_BOUND('',#2213,.T.);
#2414=FACE_BOUND('',#2214,.T.);
#2415=FACE_BOUND('',#2215,.T.);
#2416=FACE_BOUND('',#2216,.T.);
#2417=FACE_BOUND('',#2217,.T.);
#2418=FACE_BOUND('',#2218,.T.);
#2419=FACE_BOUND('',#2219,.T.);
#2420=FACE_BOUND('',#2220,.T.);
#2421=FACE_BOUND('',#2221,.T.);
#2422=FACE_BOUND('',#2222,.T.);
#2423=FACE_BOUND('',#2223,.T.);
#2424=FACE_BOUND('',#2224,.T.);
#2425=FACE_BOUND('',#2225,.T.);
#2426=FACE_BOUND('',#2226,.T.);
#2427=FACE_BOUND('',#2227,.T.);
#2428=FACE_BOUND('',#2228,.T.);
#2429=FACE_BOUND('',#2229,.T.);
#2430=FACE_BOUND('',#2230,.T.);
#2431=FACE_BOUND('',#2231,.T.);
#2432=FACE_BOUND('',#2232,.T.);
#2433=FACE_BOUND('',#2233,.T.);
#2434=FACE_BOUND('',#2234,.T.);
#2435=FACE_BOUND('',#2235,.T.);
#2436=FACE_BOUND('',#2236,.T.);
#2437=FACE_BOUND('',#2237,.T.);
#2438=FACE_BOUND('',#2238,.T.);
#2439=FACE_BOUND('',#2239,.T.);
#2440=FACE_BOUND('',#2240,.T.);
#2441=FACE_BOUND('',#2241,.T.);
#2442=FACE_BOUND('',#2242,.T.);
#2443=FACE_BOUND('',#2243,.T.);
#2444=FACE_BOUND('',#2244,.T.);
#2445=FACE_BOUND('',#2245,.T.);
#2446=FACE_BOUND('',#2246,.T.);
#2447=FACE_BOUND('',#2247,.T.);
#2448=FACE_BOUND('',#2248,.T.);
#2449=FACE_BOUND('',#2249,.T.);
#2450=FACE_BOUND('',#2250,.T.);
#2451=FACE_BOUND('',#2251,.T.);
#2452=FACE_BOUND('',#2252,.T.);
#2453=FACE_BOUND('',#2253,.T.);
#2454=FACE_BOUND('',#2254,.T.);
#2455=FACE_BOUND('',#2255,.T.);
#2456=FACE_BOUND('',#2256,.T.);
#2457=FACE_BOUND('',#2257,.T.);
#2458=FACE_BOUND('',#2258,.T.);
#2459=FACE_BOUND('',#2259,.T.);
#2460=FACE_BOUND('',#2260,.T.);
#2461=FACE_BOUND('',#2261,.T.);
#2462=FACE_BOUND('',#2262,.T.);
#2463=FACE_BOUND('',#2263,.T.);
#2464=FACE_BOUND('',#2264,.T.);
#2465=FACE_BOUND('',#2265,.T.);
#2466=FACE_BOUND('',#2266,.T.);
#2467=FACE_BOUND('',#2267,.T.);
#2468=FACE_BOUND('',#2268,.T.);
#2469=FACE_BOUND('',#2269,.T.);
#2470=FACE_BOUND('',#2270,.T.);
#2471=FACE_BOUND('',#2271,.T.);
#2472=FACE_BOUND('',#2272,.T.);
#2473=FACE_BOUND('',#2273,.T.);
#2474=FACE_BOUND('',#2274,.T.);
#2475=FACE_BOUND('',#2275,.T.);
#2476=FACE_BOUND('',#2276,.T.);
#2477=FACE_BOUND('',#2277,.T.);
#2478=FACE_BOUND('',#2278,.T.);
#2479=FACE_BOUND('',#2279,.T.);
#2480=FACE_BOUND('',#2280,.T.);
#2481=FACE_BOUND('',#2281,.T.);
#2482=FACE_BOUND('',#2282,.T.);
#2483=FACE_BOUND('',#2283,.T.);
#2484=FACE_BOUND('',#2284,.T.);
#2485=FACE_BOUND('',#2285,.T.);
#2486=FACE_BOUND('',#2286,.T.);
#2487=FACE_BOUND('',#2287,.T.);
#2488=FACE_BOUND('',#2288,.T.);
#2489=FACE_BOUND('',#2289,.T.);
#2490=FACE_BOUND('',#2290,.T.);
#2491=FACE_BOUND('',#2291,.T.);
#2492=FACE_BOUND('',#2292,.T.);
#2493=FACE_BOUND('',#2293,.T.);
#2494=FACE_BOUND('',#2294,.T.);
#2495=FACE_BOUND('',#2295,.T.);
#2496=FACE_BOUND('',#2296,.T.);
#2497=FACE_BOUND('',#2297,.T.);
#2498=FACE_BOUND('',#2298,.T.);
#2499=FACE_BOUND('',#2299,.T.);
#2500=FACE_BOUND('',#2300,.T.);
#2501=FACE_BOUND('',#2301,.T.);
#2502=FACE_BOUND('',#2302,.T.);
#2503=FACE_BOUND('',#2303,.T.);
#2504=FACE_BOUND('',#2304,.T.);
#2505=FACE_BOUND('',#2305,.T.);
#2506=FACE_BOUND('',#2306,.T.);
#2507=FACE_BOUND('',#2307,.T.);
#2508=FACE_BOUND('',#2308,.T.);
#2509=FACE_BOUND('',#2309,.T.);
#2510=FACE_BOUND('',#2310,.T.);
#2511=FACE_BOUND('',#2311,.T.);
#2512=FACE_BOUND('',#2312,.T.);
#2513=FACE_BOUND('',#2313,.T.);
#2514=FACE_BOUND('',#2314,.T.);
#2515=FACE_BOUND('',#2315,.T.);
#2516=FACE_BOUND('',#2316,.T.);
#2517=FACE_BOUND('',#2317,.T.);
#2518=FACE_BOUND('',#2318,.T.);
#2519=FACE_BOUND('',#2319,.T.);
#2520=FACE_BOUND('',#2320,.T.);
#2521=FACE_BOUND('',#2321,.T.);
#2522=FACE_BOUND('',#2322,.T.);
#2523=FACE_BOUND('',#2323,.T.);
#2524=FACE_BOUND('',#2324,.T.);
#2525=FACE_BOUND('',#2325,.T.);
#2526=FACE_BOUND('',#2326,.T.);
#2527=CYLINDRICAL_SURFACE('',#3818,52.5);
#2528=CYLINDRICAL_SURFACE('',#3821,52.5);
#2529=CYLINDRICAL_SURFACE('',#3834,19.);
#2530=CYLINDRICAL_SURFACE('',#3837,19.);
#2531=CYLINDRICAL_SURFACE('',#3840,25.);
#2532=CYLINDRICAL_SURFACE('',#3843,50.);
#2533=CYLINDRICAL_SURFACE('',#3846,25.);
#2534=CYLINDRICAL_SURFACE('',#3849,50.);
#2535=CYLINDRICAL_SURFACE('',#3857,25.);
#2536=CYLINDRICAL_SURFACE('',#3860,50.);
#2537=CYLINDRICAL_SURFACE('',#3863,25.);
#2538=CYLINDRICAL_SURFACE('',#3866,50.);
#2539=CYLINDRICAL_SURFACE('',#3869,2.4585);
#2540=CYLINDRICAL_SURFACE('',#3871,2.4585);
#2541=CYLINDRICAL_SURFACE('',#3915,25.);
#2542=CYLINDRICAL_SURFACE('',#3918,25.);
#2543=CYLINDRICAL_SURFACE('',#3921,2.75);
#2544=CYLINDRICAL_SURFACE('',#3930,2.4585);
#2545=CYLINDRICAL_SURFACE('',#3931,2.4585);
#2546=CYLINDRICAL_SURFACE('',#3932,2.4585);
#2547=CYLINDRICAL_SURFACE('',#3933,2.4585);
#2548=CYLINDRICAL_SURFACE('',#3934,27.5);
#2549=CYLINDRICAL_SURFACE('',#3937,52.5);
#2550=CYLINDRICAL_SURFACE('',#3940,52.5);
#2551=CYLINDRICAL_SURFACE('',#3943,27.5);
#2552=CYLINDRICAL_SURFACE('',#3956,21.);
#2553=CYLINDRICAL_SURFACE('',#3964,21.);
#2554=CYLINDRICAL_SURFACE('',#3983,1.65);
#2555=CYLINDRICAL_SURFACE('',#3984,1.65);
#2556=CYLINDRICAL_SURFACE('',#3985,11.8);
#2557=CYLINDRICAL_SURFACE('',#3986,1.2295);
#2558=CYLINDRICAL_SURFACE('',#3987,1.2295);
#2559=CYLINDRICAL_SURFACE('',#3988,1.2295);
#2560=CYLINDRICAL_SURFACE('',#3989,1.2295);
#2561=CYLINDRICAL_SURFACE('',#3990,1.2295);
#2562=CYLINDRICAL_SURFACE('',#3991,1.2295);
#2563=CYLINDRICAL_SURFACE('',#3992,5.);
#2564=CYLINDRICAL_SURFACE('',#3994,5.);
#2565=CYLINDRICAL_SURFACE('',#3996,5.);
#2566=CYLINDRICAL_SURFACE('',#3998,5.);
#2567=CYLINDRICAL_SURFACE('',#4009,1.);
#2568=CYLINDRICAL_SURFACE('',#4013,1.);
#2569=CYLINDRICAL_SURFACE('',#4017,1.);
#2570=CYLINDRICAL_SURFACE('',#4021,1.);
#2571=STYLED_ITEM('',(#2726),#3658);
#2572=STYLED_ITEM('',(#2727),#3659);
#2573=STYLED_ITEM('',(#2728),#3660);
#2574=STYLED_ITEM('',(#2729),#3661);
#2575=STYLED_ITEM('',(#2730),#3662);
#2576=STYLED_ITEM('',(#2731),#3663);
#2577=STYLED_ITEM('',(#2732),#3664);
#2578=STYLED_ITEM('',(#2733),#3665);
#2579=STYLED_ITEM('',(#2734),#3666);
#2580=STYLED_ITEM('',(#2735),#3667);
#2581=STYLED_ITEM('',(#2736),#3668);
#2582=STYLED_ITEM('',(#2737),#3669);
#2583=STYLED_ITEM('',(#2738),#3670);
#2584=STYLED_ITEM('',(#2739),#3671);
#2585=STYLED_ITEM('',(#2740),#3672);
#2586=STYLED_ITEM('',(#2741),#3673);
#2587=STYLED_ITEM('',(#2742),#3674);
#2588=STYLED_ITEM('',(#2743),#3675);
#2589=STYLED_ITEM('',(#2744),#3676);
#2590=STYLED_ITEM('',(#2745),#3677);
#2591=STYLED_ITEM('',(#2746),#3678);
#2592=STYLED_ITEM('',(#2747),#3679);
#2593=STYLED_ITEM('',(#2748),#3680);
#2594=STYLED_ITEM('',(#2749),#3681);
#2595=STYLED_ITEM('',(#2750),#3682);
#2596=STYLED_ITEM('',(#2751),#3683);
#2597=STYLED_ITEM('',(#2752),#3684);
#2598=STYLED_ITEM('',(#2753),#3685);
#2599=STYLED_ITEM('',(#2754),#3686);
#2600=STYLED_ITEM('',(#2755),#3687);
#2601=STYLED_ITEM('',(#2756),#3688);
#2602=STYLED_ITEM('',(#2757),#3689);
#2603=STYLED_ITEM('',(#2758),#3690);
#2604=STYLED_ITEM('',(#2759),#3691);
#2605=STYLED_ITEM('',(#2760),#3692);
#2606=STYLED_ITEM('',(#2761),#3693);
#2607=STYLED_ITEM('',(#2762),#3694);
#2608=STYLED_ITEM('',(#2763),#3695);
#2609=STYLED_ITEM('',(#2764),#3696);
#2610=STYLED_ITEM('',(#2765),#3697);
#2611=STYLED_ITEM('',(#2766),#3698);
#2612=STYLED_ITEM('',(#2767),#3699);
#2613=STYLED_ITEM('',(#2768),#3700);
#2614=STYLED_ITEM('',(#2769),#3701);
#2615=STYLED_ITEM('',(#2770),#3702);
#2616=STYLED_ITEM('',(#2771),#3703);
#2617=STYLED_ITEM('',(#2772),#3704);
#2618=STYLED_ITEM('',(#2773),#3705);
#2619=STYLED_ITEM('',(#2774),#3706);
#2620=STYLED_ITEM('',(#2775),#3707);
#2621=STYLED_ITEM('',(#2776),#3708);
#2622=STYLED_ITEM('',(#2777),#3709);
#2623=STYLED_ITEM('',(#2778),#3710);
#2624=STYLED_ITEM('',(#2779),#3711);
#2625=STYLED_ITEM('',(#2780),#3712);
#2626=STYLED_ITEM('',(#2781),#3713);
#2627=STYLED_ITEM('',(#2782),#3714);
#2628=STYLED_ITEM('',(#2783),#3715);
#2629=STYLED_ITEM('',(#2784),#3716);
#2630=STYLED_ITEM('',(#2785),#3717);
#2631=STYLED_ITEM('',(#2786),#3718);
#2632=STYLED_ITEM('',(#2787),#3719);
#2633=STYLED_ITEM('',(#2788),#3720);
#2634=STYLED_ITEM('',(#2789),#3721);
#2635=STYLED_ITEM('',(#2790),#3722);
#2636=STYLED_ITEM('',(#2791),#3723);
#2637=STYLED_ITEM('',(#2792),#3724);
#2638=STYLED_ITEM('',(#2793),#3725);
#2639=STYLED_ITEM('',(#2794),#3726);
#2640=STYLED_ITEM('',(#2795),#3727);
#2641=STYLED_ITEM('',(#2796),#3728);
#2642=STYLED_ITEM('',(#2797),#3729);
#2643=STYLED_ITEM('',(#2798),#3730);
#2644=STYLED_ITEM('',(#2799),#3731);
#2645=STYLED_ITEM('',(#2800),#3732);
#2646=STYLED_ITEM('',(#2801),#3733);
#2647=STYLED_ITEM('',(#2802),#3734);
#2648=STYLED_ITEM('',(#2803),#3735);
#2649=STYLED_ITEM('',(#2804),#3736);
#2650=STYLED_ITEM('',(#2805),#3737);
#2651=STYLED_ITEM('',(#2806),#3738);
#2652=STYLED_ITEM('',(#2807),#3739);
#2653=STYLED_ITEM('',(#2808),#3740);
#2654=STYLED_ITEM('',(#2809),#3741);
#2655=STYLED_ITEM('',(#2810),#3742);
#2656=STYLED_ITEM('',(#2811),#3743);
#2657=STYLED_ITEM('',(#2812),#3744);
#2658=STYLED_ITEM('',(#2813),#3745);
#2659=STYLED_ITEM('',(#2814),#3746);
#2660=STYLED_ITEM('',(#2815),#3747);
#2661=STYLED_ITEM('',(#2816),#3748);
#2662=STYLED_ITEM('',(#2817),#3749);
#2663=STYLED_ITEM('',(#2818),#3750);
#2664=STYLED_ITEM('',(#2819),#3751);
#2665=STYLED_ITEM('',(#2820),#3752);
#2666=STYLED_ITEM('',(#2821),#3753);
#2667=STYLED_ITEM('',(#2822),#3754);
#2668=STYLED_ITEM('',(#2823),#3755);
#2669=STYLED_ITEM('',(#2824),#3756);
#2670=STYLED_ITEM('',(#2825),#3757);
#2671=STYLED_ITEM('',(#2826),#3758);
#2672=STYLED_ITEM('',(#2827),#3759);
#2673=STYLED_ITEM('',(#2828),#3760);
#2674=STYLED_ITEM('',(#2829),#3761);
#2675=STYLED_ITEM('',(#2830),#3762);
#2676=STYLED_ITEM('',(#2831),#3763);
#2677=STYLED_ITEM('',(#2832),#3764);
#2678=STYLED_ITEM('',(#2833),#3765);
#2679=STYLED_ITEM('',(#2834),#3766);
#2680=STYLED_ITEM('',(#2835),#3767);
#2681=STYLED_ITEM('',(#2836),#3768);
#2682=STYLED_ITEM('',(#2837),#3769);
#2683=STYLED_ITEM('',(#2838),#3770);
#2684=STYLED_ITEM('',(#2839),#3771);
#2685=STYLED_ITEM('',(#2840),#3772);
#2686=STYLED_ITEM('',(#2841),#3773);
#2687=STYLED_ITEM('',(#2842),#3774);
#2688=STYLED_ITEM('',(#2843),#3775);
#2689=STYLED_ITEM('',(#2844),#3776);
#2690=STYLED_ITEM('',(#2845),#3777);
#2691=STYLED_ITEM('',(#2846),#3778);
#2692=STYLED_ITEM('',(#2847),#3779);
#2693=STYLED_ITEM('',(#2848),#3780);
#2694=STYLED_ITEM('',(#2849),#3781);
#2695=STYLED_ITEM('',(#2850),#3782);
#2696=STYLED_ITEM('',(#2851),#3783);
#2697=STYLED_ITEM('',(#2852),#3784);
#2698=STYLED_ITEM('',(#2853),#3785);
#2699=STYLED_ITEM('',(#2854),#3786);
#2700=STYLED_ITEM('',(#2855),#3787);
#2701=STYLED_ITEM('',(#2856),#3788);
#2702=STYLED_ITEM('',(#2857),#3789);
#2703=STYLED_ITEM('',(#2858),#3790);
#2704=STYLED_ITEM('',(#2859),#3791);
#2705=STYLED_ITEM('',(#2860),#3792);
#2706=STYLED_ITEM('',(#2861),#3793);
#2707=STYLED_ITEM('',(#2862),#3794);
#2708=STYLED_ITEM('',(#2863),#3795);
#2709=STYLED_ITEM('',(#2864),#3796);
#2710=STYLED_ITEM('',(#2865),#3797);
#2711=STYLED_ITEM('',(#2866),#3798);
#2712=STYLED_ITEM('',(#2867),#3799);
#2713=STYLED_ITEM('',(#2868),#3800);
#2714=STYLED_ITEM('',(#2869),#3801);
#2715=STYLED_ITEM('',(#2870),#3802);
#2716=STYLED_ITEM('',(#2871),#3803);
#2717=STYLED_ITEM('',(#2872),#3804);
#2718=STYLED_ITEM('',(#2873),#3805);
#2719=STYLED_ITEM('',(#2874),#3806);
#2720=STYLED_ITEM('',(#2875),#3807);
#2721=STYLED_ITEM('',(#2876),#3808);
#2722=STYLED_ITEM('',(#2877),#3809);
#2723=STYLED_ITEM('',(#2878),#3810);
#2724=STYLED_ITEM('',(#2879),#3811);
#2725=STYLED_ITEM('',(#2880),#3812);
#2726=PRESENTATION_STYLE_ASSIGNMENT((#2881));
#2727=PRESENTATION_STYLE_ASSIGNMENT((#2882));
#2728=PRESENTATION_STYLE_ASSIGNMENT((#2883));
#2729=PRESENTATION_STYLE_ASSIGNMENT((#2884));
#2730=PRESENTATION_STYLE_ASSIGNMENT((#2885));
#2731=PRESENTATION_STYLE_ASSIGNMENT((#2886));
#2732=PRESENTATION_STYLE_ASSIGNMENT((#2887));
#2733=PRESENTATION_STYLE_ASSIGNMENT((#2888));
#2734=PRESENTATION_STYLE_ASSIGNMENT((#2889));
#2735=PRESENTATION_STYLE_ASSIGNMENT((#2890));
#2736=PRESENTATION_STYLE_ASSIGNMENT((#2891));
#2737=PRESENTATION_STYLE_ASSIGNMENT((#2892));
#2738=PRESENTATION_STYLE_ASSIGNMENT((#2893));
#2739=PRESENTATION_STYLE_ASSIGNMENT((#2894));
#2740=PRESENTATION_STYLE_ASSIGNMENT((#2895));
#2741=PRESENTATION_STYLE_ASSIGNMENT((#2896));
#2742=PRESENTATION_STYLE_ASSIGNMENT((#2897));
#2743=PRESENTATION_STYLE_ASSIGNMENT((#2898));
#2744=PRESENTATION_STYLE_ASSIGNMENT((#2899));
#2745=PRESENTATION_STYLE_ASSIGNMENT((#2900));
#2746=PRESENTATION_STYLE_ASSIGNMENT((#2901));
#2747=PRESENTATION_STYLE_ASSIGNMENT((#2902));
#2748=PRESENTATION_STYLE_ASSIGNMENT((#2903));
#2749=PRESENTATION_STYLE_ASSIGNMENT((#2904));
#2750=PRESENTATION_STYLE_ASSIGNMENT((#2905));
#2751=PRESENTATION_STYLE_ASSIGNMENT((#2906));
#2752=PRESENTATION_STYLE_ASSIGNMENT((#2907));
#2753=PRESENTATION_STYLE_ASSIGNMENT((#2908));
#2754=PRESENTATION_STYLE_ASSIGNMENT((#2909));
#2755=PRESENTATION_STYLE_ASSIGNMENT((#2910));
#2756=PRESENTATION_STYLE_ASSIGNMENT((#2911));
#2757=PRESENTATION_STYLE_ASSIGNMENT((#2912));
#2758=PRESENTATION_STYLE_ASSIGNMENT((#2913));
#2759=PRESENTATION_STYLE_ASSIGNMENT((#2914));
#2760=PRESENTATION_STYLE_ASSIGNMENT((#2915));
#2761=PRESENTATION_STYLE_ASSIGNMENT((#2916));
#2762=PRESENTATION_STYLE_ASSIGNMENT((#2917));
#2763=PRESENTATION_STYLE_ASSIGNMENT((#2918));
#2764=PRESENTATION_STYLE_ASSIGNMENT((#2919));
#2765=PRESENTATION_STYLE_ASSIGNMENT((#2920));
#2766=PRESENTATION_STYLE_ASSIGNMENT((#2921));
#2767=PRESENTATION_STYLE_ASSIGNMENT((#2922));
#2768=PRESENTATION_STYLE_ASSIGNMENT((#2923));
#2769=PRESENTATION_STYLE_ASSIGNMENT((#2924));
#2770=PRESENTATION_STYLE_ASSIGNMENT((#2925));
#2771=PRESENTATION_STYLE_ASSIGNMENT((#2926));
#2772=PRESENTATION_STYLE_ASSIGNMENT((#2927));
#2773=PRESENTATION_STYLE_ASSIGNMENT((#2928));
#2774=PRESENTATION_STYLE_ASSIGNMENT((#2929));
#2775=PRESENTATION_STYLE_ASSIGNMENT((#2930));
#2776=PRESENTATION_STYLE_ASSIGNMENT((#2931));
#2777=PRESENTATION_STYLE_ASSIGNMENT((#2932));
#2778=PRESENTATION_STYLE_ASSIGNMENT((#2933));
#2779=PRESENTATION_STYLE_ASSIGNMENT((#2934));
#2780=PRESENTATION_STYLE_ASSIGNMENT((#2935));
#2781=PRESENTATION_STYLE_ASSIGNMENT((#2936));
#2782=PRESENTATION_STYLE_ASSIGNMENT((#2937));
#2783=PRESENTATION_STYLE_ASSIGNMENT((#2938));
#2784=PRESENTATION_STYLE_ASSIGNMENT((#2939));
#2785=PRESENTATION_STYLE_ASSIGNMENT((#2940));
#2786=PRESENTATION_STYLE_ASSIGNMENT((#2941));
#2787=PRESENTATION_STYLE_ASSIGNMENT((#2942));
#2788=PRESENTATION_STYLE_ASSIGNMENT((#2943));
#2789=PRESENTATION_STYLE_ASSIGNMENT((#2944));
#2790=PRESENTATION_STYLE_ASSIGNMENT((#2945));
#2791=PRESENTATION_STYLE_ASSIGNMENT((#2946));
#2792=PRESENTATION_STYLE_ASSIGNMENT((#2947));
#2793=PRESENTATION_STYLE_ASSIGNMENT((#2948));
#2794=PRESENTATION_STYLE_ASSIGNMENT((#2949));
#2795=PRESENTATION_STYLE_ASSIGNMENT((#2950));
#2796=PRESENTATION_STYLE_ASSIGNMENT((#2951));
#2797=PRESENTATION_STYLE_ASSIGNMENT((#2952));
#2798=PRESENTATION_STYLE_ASSIGNMENT((#2953));
#2799=PRESENTATION_STYLE_ASSIGNMENT((#2954));
#2800=PRESENTATION_STYLE_ASSIGNMENT((#2955));
#2801=PRESENTATION_STYLE_ASSIGNMENT((#2956));
#2802=PRESENTATION_STYLE_ASSIGNMENT((#2957));
#2803=PRESENTATION_STYLE_ASSIGNMENT((#2958));
#2804=PRESENTATION_STYLE_ASSIGNMENT((#2959));
#2805=PRESENTATION_STYLE_ASSIGNMENT((#2960));
#2806=PRESENTATION_STYLE_ASSIGNMENT((#2961));
#2807=PRESENTATION_STYLE_ASSIGNMENT((#2962));
#2808=PRESENTATION_STYLE_ASSIGNMENT((#2963));
#2809=PRESENTATION_STYLE_ASSIGNMENT((#2964));
#2810=PRESENTATION_STYLE_ASSIGNMENT((#2965));
#2811=PRESENTATION_STYLE_ASSIGNMENT((#2966));
#2812=PRESENTATION_STYLE_ASSIGNMENT((#2967));
#2813=PRESENTATION_STYLE_ASSIGNMENT((#2968));
#2814=PRESENTATION_STYLE_ASSIGNMENT((#2969));
#2815=PRESENTATION_STYLE_ASSIGNMENT((#2970));
#2816=PRESENTATION_STYLE_ASSIGNMENT((#2971));
#2817=PRESENTATION_STYLE_ASSIGNMENT((#2972));
#2818=PRESENTATION_STYLE_ASSIGNMENT((#2973));
#2819=PRESENTATION_STYLE_ASSIGNMENT((#2974));
#2820=PRESENTATION_STYLE_ASSIGNMENT((#2975));
#2821=PRESENTATION_STYLE_ASSIGNMENT((#2976));
#2822=PRESENTATION_STYLE_ASSIGNMENT((#2977));
#2823=PRESENTATION_STYLE_ASSIGNMENT((#2978));
#2824=PRESENTATION_STYLE_ASSIGNMENT((#2979));
#2825=PRESENTATION_STYLE_ASSIGNMENT((#2980));
#2826=PRESENTATION_STYLE_ASSIGNMENT((#2981));
#2827=PRESENTATION_STYLE_ASSIGNMENT((#2982));
#2828=PRESENTATION_STYLE_ASSIGNMENT((#2983));
#2829=PRESENTATION_STYLE_ASSIGNMENT((#2984));
#2830=PRESENTATION_STYLE_ASSIGNMENT((#2985));
#2831=PRESENTATION_STYLE_ASSIGNMENT((#2986));
#2832=PRESENTATION_STYLE_ASSIGNMENT((#2987));
#2833=PRESENTATION_STYLE_ASSIGNMENT((#2988));
#2834=PRESENTATION_STYLE_ASSIGNMENT((#2989));
#2835=PRESENTATION_STYLE_ASSIGNMENT((#2990));
#2836=PRESENTATION_STYLE_ASSIGNMENT((#2991));
#2837=PRESENTATION_STYLE_ASSIGNMENT((#2992));
#2838=PRESENTATION_STYLE_ASSIGNMENT((#2993));
#2839=PRESENTATION_STYLE_ASSIGNMENT((#2994));
#2840=PRESENTATION_STYLE_ASSIGNMENT((#2995));
#2841=PRESENTATION_STYLE_ASSIGNMENT((#2996));
#2842=PRESENTATION_STYLE_ASSIGNMENT((#2997));
#2843=PRESENTATION_STYLE_ASSIGNMENT((#2998));
#2844=PRESENTATION_STYLE_ASSIGNMENT((#2999));
#2845=PRESENTATION_STYLE_ASSIGNMENT((#3000));
#2846=PRESENTATION_STYLE_ASSIGNMENT((#3001));
#2847=PRESENTATION_STYLE_ASSIGNMENT((#3002));
#2848=PRESENTATION_STYLE_ASSIGNMENT((#3003));
#2849=PRESENTATION_STYLE_ASSIGNMENT((#3004));
#2850=PRESENTATION_STYLE_ASSIGNMENT((#3005));
#2851=PRESENTATION_STYLE_ASSIGNMENT((#3006));
#2852=PRESENTATION_STYLE_ASSIGNMENT((#3007));
#2853=PRESENTATION_STYLE_ASSIGNMENT((#3008));
#2854=PRESENTATION_STYLE_ASSIGNMENT((#3009));
#2855=PRESENTATION_STYLE_ASSIGNMENT((#3010));
#2856=PRESENTATION_STYLE_ASSIGNMENT((#3011));
#2857=PRESENTATION_STYLE_ASSIGNMENT((#3012));
#2858=PRESENTATION_STYLE_ASSIGNMENT((#3013));
#2859=PRESENTATION_STYLE_ASSIGNMENT((#3014));
#2860=PRESENTATION_STYLE_ASSIGNMENT((#3015));
#2861=PRESENTATION_STYLE_ASSIGNMENT((#3016));
#2862=PRESENTATION_STYLE_ASSIGNMENT((#3017));
#2863=PRESENTATION_STYLE_ASSIGNMENT((#3018));
#2864=PRESENTATION_STYLE_ASSIGNMENT((#3019));
#2865=PRESENTATION_STYLE_ASSIGNMENT((#3020));
#2866=PRESENTATION_STYLE_ASSIGNMENT((#3021));
#2867=PRESENTATION_STYLE_ASSIGNMENT((#3022));
#2868=PRESENTATION_STYLE_ASSIGNMENT((#3023));
#2869=PRESENTATION_STYLE_ASSIGNMENT((#3024));
#2870=PRESENTATION_STYLE_ASSIGNMENT((#3025));
#2871=PRESENTATION_STYLE_ASSIGNMENT((#3026));
#2872=PRESENTATION_STYLE_ASSIGNMENT((#3027));
#2873=PRESENTATION_STYLE_ASSIGNMENT((#3028));
#2874=PRESENTATION_STYLE_ASSIGNMENT((#3029));
#2875=PRESENTATION_STYLE_ASSIGNMENT((#3030));
#2876=PRESENTATION_STYLE_ASSIGNMENT((#3031));
#2877=PRESENTATION_STYLE_ASSIGNMENT((#3032));
#2878=PRESENTATION_STYLE_ASSIGNMENT((#3033));
#2879=PRESENTATION_STYLE_ASSIGNMENT((#3034));
#2880=PRESENTATION_STYLE_ASSIGNMENT((#3035));
#2881=SURFACE_STYLE_USAGE(.BOTH.,#3036);
#2882=SURFACE_STYLE_USAGE(.BOTH.,#3037);
#2883=SURFACE_STYLE_USAGE(.BOTH.,#3038);
#2884=SURFACE_STYLE_USAGE(.BOTH.,#3039);
#2885=SURFACE_STYLE_USAGE(.BOTH.,#3040);
#2886=SURFACE_STYLE_USAGE(.BOTH.,#3041);
#2887=SURFACE_STYLE_USAGE(.BOTH.,#3042);
#2888=SURFACE_STYLE_USAGE(.BOTH.,#3043);
#2889=SURFACE_STYLE_USAGE(.BOTH.,#3044);
#2890=SURFACE_STYLE_USAGE(.BOTH.,#3045);
#2891=SURFACE_STYLE_USAGE(.BOTH.,#3046);
#2892=SURFACE_STYLE_USAGE(.BOTH.,#3047);
#2893=SURFACE_STYLE_USAGE(.BOTH.,#3048);
#2894=SURFACE_STYLE_USAGE(.BOTH.,#3049);
#2895=SURFACE_STYLE_USAGE(.BOTH.,#3050);
#2896=SURFACE_STYLE_USAGE(.BOTH.,#3051);
#2897=SURFACE_STYLE_USAGE(.BOTH.,#3052);
#2898=SURFACE_STYLE_USAGE(.BOTH.,#3053);
#2899=SURFACE_STYLE_USAGE(.BOTH.,#3054);
#2900=SURFACE_STYLE_USAGE(.BOTH.,#3055);
#2901=SURFACE_STYLE_USAGE(.BOTH.,#3056);
#2902=SURFACE_STYLE_USAGE(.BOTH.,#3057);
#2903=SURFACE_STYLE_USAGE(.BOTH.,#3058);
#2904=SURFACE_STYLE_USAGE(.BOTH.,#3059);
#2905=SURFACE_STYLE_USAGE(.BOTH.,#3060);
#2906=SURFACE_STYLE_USAGE(.BOTH.,#3061);
#2907=SURFACE_STYLE_USAGE(.BOTH.,#3062);
#2908=SURFACE_STYLE_USAGE(.BOTH.,#3063);
#2909=SURFACE_STYLE_USAGE(.BOTH.,#3064);
#2910=SURFACE_STYLE_USAGE(.BOTH.,#3065);
#2911=SURFACE_STYLE_USAGE(.BOTH.,#3066);
#2912=SURFACE_STYLE_USAGE(.BOTH.,#3067);
#2913=SURFACE_STYLE_USAGE(.BOTH.,#3068);
#2914=SURFACE_STYLE_USAGE(.BOTH.,#3069);
#2915=SURFACE_STYLE_USAGE(.BOTH.,#3070);
#2916=SURFACE_STYLE_USAGE(.BOTH.,#3071);
#2917=SURFACE_STYLE_USAGE(.BOTH.,#3072);
#2918=SURFACE_STYLE_USAGE(.BOTH.,#3073);
#2919=SURFACE_STYLE_USAGE(.BOTH.,#3074);
#2920=SURFACE_STYLE_USAGE(.BOTH.,#3075);
#2921=SURFACE_STYLE_USAGE(.BOTH.,#3076);
#2922=SURFACE_STYLE_USAGE(.BOTH.,#3077);
#2923=SURFACE_STYLE_USAGE(.BOTH.,#3078);
#2924=SURFACE_STYLE_USAGE(.BOTH.,#3079);
#2925=SURFACE_STYLE_USAGE(.BOTH.,#3080);
#2926=SURFACE_STYLE_USAGE(.BOTH.,#3081);
#2927=SURFACE_STYLE_USAGE(.BOTH.,#3082);
#2928=SURFACE_STYLE_USAGE(.BOTH.,#3083);
#2929=SURFACE_STYLE_USAGE(.BOTH.,#3084);
#2930=SURFACE_STYLE_USAGE(.BOTH.,#3085);
#2931=SURFACE_STYLE_USAGE(.BOTH.,#3086);
#2932=SURFACE_STYLE_USAGE(.BOTH.,#3087);
#2933=SURFACE_STYLE_USAGE(.BOTH.,#3088);
#2934=SURFACE_STYLE_USAGE(.BOTH.,#3089);
#2935=SURFACE_STYLE_USAGE(.BOTH.,#3090);
#2936=SURFACE_STYLE_USAGE(.BOTH.,#3091);
#2937=SURFACE_STYLE_USAGE(.BOTH.,#3092);
#2938=SURFACE_STYLE_USAGE(.BOTH.,#3093);
#2939=SURFACE_STYLE_USAGE(.BOTH.,#3094);
#2940=SURFACE_STYLE_USAGE(.BOTH.,#3095);
#2941=SURFACE_STYLE_USAGE(.BOTH.,#3096);
#2942=SURFACE_STYLE_USAGE(.BOTH.,#3097);
#2943=SURFACE_STYLE_USAGE(.BOTH.,#3098);
#2944=SURFACE_STYLE_USAGE(.BOTH.,#3099);
#2945=SURFACE_STYLE_USAGE(.BOTH.,#3100);
#2946=SURFACE_STYLE_USAGE(.BOTH.,#3101);
#2947=SURFACE_STYLE_USAGE(.BOTH.,#3102);
#2948=SURFACE_STYLE_USAGE(.BOTH.,#3103);
#2949=SURFACE_STYLE_USAGE(.BOTH.,#3104);
#2950=SURFACE_STYLE_USAGE(.BOTH.,#3105);
#2951=SURFACE_STYLE_USAGE(.BOTH.,#3106);
#2952=SURFACE_STYLE_USAGE(.BOTH.,#3107);
#2953=SURFACE_STYLE_USAGE(.BOTH.,#3108);
#2954=SURFACE_STYLE_USAGE(.BOTH.,#3109);
#2955=SURFACE_STYLE_USAGE(.BOTH.,#3110);
#2956=SURFACE_STYLE_USAGE(.BOTH.,#3111);
#2957=SURFACE_STYLE_USAGE(.BOTH.,#3112);
#2958=SURFACE_STYLE_USAGE(.BOTH.,#3113);
#2959=SURFACE_STYLE_USAGE(.BOTH.,#3114);
#2960=SURFACE_STYLE_USAGE(.BOTH.,#3115);
#2961=SURFACE_STYLE_USAGE(.BOTH.,#3116);
#2962=SURFACE_STYLE_USAGE(.BOTH.,#3117);
#2963=SURFACE_STYLE_USAGE(.BOTH.,#3118);
#2964=SURFACE_STYLE_USAGE(.BOTH.,#3119);
#2965=SURFACE_STYLE_USAGE(.BOTH.,#3120);
#2966=SURFACE_STYLE_USAGE(.BOTH.,#3121);
#2967=SURFACE_STYLE_USAGE(.BOTH.,#3122);
#2968=SURFACE_STYLE_USAGE(.BOTH.,#3123);
#2969=SURFACE_STYLE_USAGE(.BOTH.,#3124);
#2970=SURFACE_STYLE_USAGE(.BOTH.,#3125);
#2971=SURFACE_STYLE_USAGE(.BOTH.,#3126);
#2972=SURFACE_STYLE_USAGE(.BOTH.,#3127);
#2973=SURFACE_STYLE_USAGE(.BOTH.,#3128);
#2974=SURFACE_STYLE_USAGE(.BOTH.,#3129);
#2975=SURFACE_STYLE_USAGE(.BOTH.,#3130);
#2976=SURFACE_STYLE_USAGE(.BOTH.,#3131);
#2977=SURFACE_STYLE_USAGE(.BOTH.,#3132);
#2978=SURFACE_STYLE_USAGE(.BOTH.,#3133);
#2979=SURFACE_STYLE_USAGE(.BOTH.,#3134);
#2980=SURFACE_STYLE_USAGE(.BOTH.,#3135);
#2981=SURFACE_STYLE_USAGE(.BOTH.,#3136);
#2982=SURFACE_STYLE_USAGE(.BOTH.,#3137);
#2983=SURFACE_STYLE_USAGE(.BOTH.,#3138);
#2984=SURFACE_STYLE_USAGE(.BOTH.,#3139);
#2985=SURFACE_STYLE_USAGE(.BOTH.,#3140);
#2986=SURFACE_STYLE_USAGE(.BOTH.,#3141);
#2987=SURFACE_STYLE_USAGE(.BOTH.,#3142);
#2988=SURFACE_STYLE_USAGE(.BOTH.,#3143);
#2989=SURFACE_STYLE_USAGE(.BOTH.,#3144);
#2990=SURFACE_STYLE_USAGE(.BOTH.,#3145);
#2991=SURFACE_STYLE_USAGE(.BOTH.,#3146);
#2992=SURFACE_STYLE_USAGE(.BOTH.,#3147);
#2993=SURFACE_STYLE_USAGE(.BOTH.,#3148);
#2994=SURFACE_STYLE_USAGE(.BOTH.,#3149);
#2995=SURFACE_STYLE_USAGE(.BOTH.,#3150);
#2996=SURFACE_STYLE_USAGE(.BOTH.,#3151);
#2997=SURFACE_STYLE_USAGE(.BOTH.,#3152);
#2998=SURFACE_STYLE_USAGE(.BOTH.,#3153);
#2999=SURFACE_STYLE_USAGE(.BOTH.,#3154);
#3000=SURFACE_STYLE_USAGE(.BOTH.,#3155);
#3001=SURFACE_STYLE_USAGE(.BOTH.,#3156);
#3002=SURFACE_STYLE_USAGE(.BOTH.,#3157);
#3003=SURFACE_STYLE_USAGE(.BOTH.,#3158);
#3004=SURFACE_STYLE_USAGE(.BOTH.,#3159);
#3005=SURFACE_STYLE_USAGE(.BOTH.,#3160);
#3006=SURFACE_STYLE_USAGE(.BOTH.,#3161);
#3007=SURFACE_STYLE_USAGE(.BOTH.,#3162);
#3008=SURFACE_STYLE_USAGE(.BOTH.,#3163);
#3009=SURFACE_STYLE_USAGE(.BOTH.,#3164);
#3010=SURFACE_STYLE_USAGE(.BOTH.,#3165);
#3011=SURFACE_STYLE_USAGE(.BOTH.,#3166);
#3012=SURFACE_STYLE_USAGE(.BOTH.,#3167);
#3013=SURFACE_STYLE_USAGE(.BOTH.,#3168);
#3014=SURFACE_STYLE_USAGE(.BOTH.,#3169);
#3015=SURFACE_STYLE_USAGE(.BOTH.,#3170);
#3016=SURFACE_STYLE_USAGE(.BOTH.,#3171);
#3017=SURFACE_STYLE_USAGE(.BOTH.,#3172);
#3018=SURFACE_STYLE_USAGE(.BOTH.,#3173);
#3019=SURFACE_STYLE_USAGE(.BOTH.,#3174);
#3020=SURFACE_STYLE_USAGE(.BOTH.,#3175);
#3021=SURFACE_STYLE_USAGE(.BOTH.,#3176);
#3022=SURFACE_STYLE_USAGE(.BOTH.,#3177);
#3023=SURFACE_STYLE_USAGE(.BOTH.,#3178);
#3024=SURFACE_STYLE_USAGE(.BOTH.,#3179);
#3025=SURFACE_STYLE_USAGE(.BOTH.,#3180);
#3026=SURFACE_STYLE_USAGE(.BOTH.,#3181);
#3027=SURFACE_STYLE_USAGE(.BOTH.,#3182);
#3028=SURFACE_STYLE_USAGE(.BOTH.,#3183);
#3029=SURFACE_STYLE_USAGE(.BOTH.,#3184);
#3030=SURFACE_STYLE_USAGE(.BOTH.,#3185);
#3031=SURFACE_STYLE_USAGE(.BOTH.,#3186);
#3032=SURFACE_STYLE_USAGE(.BOTH.,#3187);
#3033=SURFACE_STYLE_USAGE(.BOTH.,#3188);
#3034=SURFACE_STYLE_USAGE(.BOTH.,#3189);
#3035=SURFACE_STYLE_USAGE(.BOTH.,#3190);
#3036=SURFACE_SIDE_STYLE('',(#3191));
#3037=SURFACE_SIDE_STYLE('',(#3192));
#3038=SURFACE_SIDE_STYLE('',(#3193));
#3039=SURFACE_SIDE_STYLE('',(#3194));
#3040=SURFACE_SIDE_STYLE('',(#3195));
#3041=SURFACE_SIDE_STYLE('',(#3196));
#3042=SURFACE_SIDE_STYLE('',(#3197));
#3043=SURFACE_SIDE_STYLE('',(#3198));
#3044=SURFACE_SIDE_STYLE('',(#3199));
#3045=SURFACE_SIDE_STYLE('',(#3200));
#3046=SURFACE_SIDE_STYLE('',(#3201));
#3047=SURFACE_SIDE_STYLE('',(#3202));
#3048=SURFACE_SIDE_STYLE('',(#3203));
#3049=SURFACE_SIDE_STYLE('',(#3204));
#3050=SURFACE_SIDE_STYLE('',(#3205));
#3051=SURFACE_SIDE_STYLE('',(#3206));
#3052=SURFACE_SIDE_STYLE('',(#3207));
#3053=SURFACE_SIDE_STYLE('',(#3208));
#3054=SURFACE_SIDE_STYLE('',(#3209));
#3055=SURFACE_SIDE_STYLE('',(#3210));
#3056=SURFACE_SIDE_STYLE('',(#3211));
#3057=SURFACE_SIDE_STYLE('',(#3212));
#3058=SURFACE_SIDE_STYLE('',(#3213));
#3059=SURFACE_SIDE_STYLE('',(#3214));
#3060=SURFACE_SIDE_STYLE('',(#3215));
#3061=SURFACE_SIDE_STYLE('',(#3216));
#3062=SURFACE_SIDE_STYLE('',(#3217));
#3063=SURFACE_SIDE_STYLE('',(#3218));
#3064=SURFACE_SIDE_STYLE('',(#3219));
#3065=SURFACE_SIDE_STYLE('',(#3220));
#3066=SURFACE_SIDE_STYLE('',(#3221));
#3067=SURFACE_SIDE_STYLE('',(#3222));
#3068=SURFACE_SIDE_STYLE('',(#3223));
#3069=SURFACE_SIDE_STYLE('',(#3224));
#3070=SURFACE_SIDE_STYLE('',(#3225));
#3071=SURFACE_SIDE_STYLE('',(#3226));
#3072=SURFACE_SIDE_STYLE('',(#3227));
#3073=SURFACE_SIDE_STYLE('',(#3228));
#3074=SURFACE_SIDE_STYLE('',(#3229));
#3075=SURFACE_SIDE_STYLE('',(#3230));
#3076=SURFACE_SIDE_STYLE('',(#3231));
#3077=SURFACE_SIDE_STYLE('',(#3232));
#3078=SURFACE_SIDE_STYLE('',(#3233));
#3079=SURFACE_SIDE_STYLE('',(#3234));
#3080=SURFACE_SIDE_STYLE('',(#3235));
#3081=SURFACE_SIDE_STYLE('',(#3236));
#3082=SURFACE_SIDE_STYLE('',(#3237));
#3083=SURFACE_SIDE_STYLE('',(#3238));
#3084=SURFACE_SIDE_STYLE('',(#3239));
#3085=SURFACE_SIDE_STYLE('',(#3240));
#3086=SURFACE_SIDE_STYLE('',(#3241));
#3087=SURFACE_SIDE_STYLE('',(#3242));
#3088=SURFACE_SIDE_STYLE('',(#3243));
#3089=SURFACE_SIDE_STYLE('',(#3244));
#3090=SURFACE_SIDE_STYLE('',(#3245));
#3091=SURFACE_SIDE_STYLE('',(#3246));
#3092=SURFACE_SIDE_STYLE('',(#3247));
#3093=SURFACE_SIDE_STYLE('',(#3248));
#3094=SURFACE_SIDE_STYLE('',(#3249));
#3095=SURFACE_SIDE_STYLE('',(#3250));
#3096=SURFACE_SIDE_STYLE('',(#3251));
#3097=SURFACE_SIDE_STYLE('',(#3252));
#3098=SURFACE_SIDE_STYLE('',(#3253));
#3099=SURFACE_SIDE_STYLE('',(#3254));
#3100=SURFACE_SIDE_STYLE('',(#3255));
#3101=SURFACE_SIDE_STYLE('',(#3256));
#3102=SURFACE_SIDE_STYLE('',(#3257));
#3103=SURFACE_SIDE_STYLE('',(#3258));
#3104=SURFACE_SIDE_STYLE('',(#3259));
#3105=SURFACE_SIDE_STYLE('',(#3260));
#3106=SURFACE_SIDE_STYLE('',(#3261));
#3107=SURFACE_SIDE_STYLE('',(#3262));
#3108=SURFACE_SIDE_STYLE('',(#3263));
#3109=SURFACE_SIDE_STYLE('',(#3264));
#3110=SURFACE_SIDE_STYLE('',(#3265));
#3111=SURFACE_SIDE_STYLE('',(#3266));
#3112=SURFACE_SIDE_STYLE('',(#3267));
#3113=SURFACE_SIDE_STYLE('',(#3268));
#3114=SURFACE_SIDE_STYLE('',(#3269));
#3115=SURFACE_SIDE_STYLE('',(#3270));
#3116=SURFACE_SIDE_STYLE('',(#3271));
#3117=SURFACE_SIDE_STYLE('',(#3272));
#3118=SURFACE_SIDE_STYLE('',(#3273));
#3119=SURFACE_SIDE_STYLE('',(#3274));
#3120=SURFACE_SIDE_STYLE('',(#3275));
#3121=SURFACE_SIDE_STYLE('',(#3276));
#3122=SURFACE_SIDE_STYLE('',(#3277));
#3123=SURFACE_SIDE_STYLE('',(#3278));
#3124=SURFACE_SIDE_STYLE('',(#3279));
#3125=SURFACE_SIDE_STYLE('',(#3280));
#3126=SURFACE_SIDE_STYLE('',(#3281));
#3127=SURFACE_SIDE_STYLE('',(#3282));
#3128=SURFACE_SIDE_STYLE('',(#3283));
#3129=SURFACE_SIDE_STYLE('',(#3284));
#3130=SURFACE_SIDE_STYLE('',(#3285));
#3131=SURFACE_SIDE_STYLE('',(#3286));
#3132=SURFACE_SIDE_STYLE('',(#3287));
#3133=SURFACE_SIDE_STYLE('',(#3288));
#3134=SURFACE_SIDE_STYLE('',(#3289));
#3135=SURFACE_SIDE_STYLE('',(#3290));
#3136=SURFACE_SIDE_STYLE('',(#3291));
#3137=SURFACE_SIDE_STYLE('',(#3292));
#3138=SURFACE_SIDE_STYLE('',(#3293));
#3139=SURFACE_SIDE_STYLE('',(#3294));
#3140=SURFACE_SIDE_STYLE('',(#3295));
#3141=SURFACE_SIDE_STYLE('',(#3296));
#3142=SURFACE_SIDE_STYLE('',(#3297));
#3143=SURFACE_SIDE_STYLE('',(#3298));
#3144=SURFACE_SIDE_STYLE('',(#3299));
#3145=SURFACE_SIDE_STYLE('',(#3300));
#3146=SURFACE_SIDE_STYLE('',(#3301));
#3147=SURFACE_SIDE_STYLE('',(#3302));
#3148=SURFACE_SIDE_STYLE('',(#3303));
#3149=SURFACE_SIDE_STYLE('',(#3304));
#3150=SURFACE_SIDE_STYLE('',(#3305));
#3151=SURFACE_SIDE_STYLE('',(#3306));
#3152=SURFACE_SIDE_STYLE('',(#3307));
#3153=SURFACE_SIDE_STYLE('',(#3308));
#3154=SURFACE_SIDE_STYLE('',(#3309));
#3155=SURFACE_SIDE_STYLE('',(#3310));
#3156=SURFACE_SIDE_STYLE('',(#3311));
#3157=SURFACE_SIDE_STYLE('',(#3312));
#3158=SURFACE_SIDE_STYLE('',(#3313));
#3159=SURFACE_SIDE_STYLE('',(#3314));
#3160=SURFACE_SIDE_STYLE('',(#3315));
#3161=SURFACE_SIDE_STYLE('',(#3316));
#3162=SURFACE_SIDE_STYLE('',(#3317));
#3163=SURFACE_SIDE_STYLE('',(#3318));
#3164=SURFACE_SIDE_STYLE('',(#3319));
#3165=SURFACE_SIDE_STYLE('',(#3320));
#3166=SURFACE_SIDE_STYLE('',(#3321));
#3167=SURFACE_SIDE_STYLE('',(#3322));
#3168=SURFACE_SIDE_STYLE('',(#3323));
#3169=SURFACE_SIDE_STYLE('',(#3324));
#3170=SURFACE_SIDE_STYLE('',(#3325));
#3171=SURFACE_SIDE_STYLE('',(#3326));
#3172=SURFACE_SIDE_STYLE('',(#3327));
#3173=SURFACE_SIDE_STYLE('',(#3328));
#3174=SURFACE_SIDE_STYLE('',(#3329));
#3175=SURFACE_SIDE_STYLE('',(#3330));
#3176=SURFACE_SIDE_STYLE('',(#3331));
#3177=SURFACE_SIDE_STYLE('',(#3332));
#3178=SURFACE_SIDE_STYLE('',(#3333));
#3179=SURFACE_SIDE_STYLE('',(#3334));
#3180=SURFACE_SIDE_STYLE('',(#3335));
#3181=SURFACE_SIDE_STYLE('',(#3336));
#3182=SURFACE_SIDE_STYLE('',(#3337));
#3183=SURFACE_SIDE_STYLE('',(#3338));
#3184=SURFACE_SIDE_STYLE('',(#3339));
#3185=SURFACE_SIDE_STYLE('',(#3340));
#3186=SURFACE_SIDE_STYLE('',(#3341));
#3187=SURFACE_SIDE_STYLE('',(#3342));
#3188=SURFACE_SIDE_STYLE('',(#3343));
#3189=SURFACE_SIDE_STYLE('',(#3344));
#3190=SURFACE_SIDE_STYLE('',(#3345));
#3191=SURFACE_STYLE_FILL_AREA(#3346);
#3192=SURFACE_STYLE_FILL_AREA(#3347);
#3193=SURFACE_STYLE_FILL_AREA(#3348);
#3194=SURFACE_STYLE_FILL_AREA(#3349);
#3195=SURFACE_STYLE_FILL_AREA(#3350);
#3196=SURFACE_STYLE_FILL_AREA(#3351);
#3197=SURFACE_STYLE_FILL_AREA(#3352);
#3198=SURFACE_STYLE_FILL_AREA(#3353);
#3199=SURFACE_STYLE_FILL_AREA(#3354);
#3200=SURFACE_STYLE_FILL_AREA(#3355);
#3201=SURFACE_STYLE_FILL_AREA(#3356);
#3202=SURFACE_STYLE_FILL_AREA(#3357);
#3203=SURFACE_STYLE_FILL_AREA(#3358);
#3204=SURFACE_STYLE_FILL_AREA(#3359);
#3205=SURFACE_STYLE_FILL_AREA(#3360);
#3206=SURFACE_STYLE_FILL_AREA(#3361);
#3207=SURFACE_STYLE_FILL_AREA(#3362);
#3208=SURFACE_STYLE_FILL_AREA(#3363);
#3209=SURFACE_STYLE_FILL_AREA(#3364);
#3210=SURFACE_STYLE_FILL_AREA(#3365);
#3211=SURFACE_STYLE_FILL_AREA(#3366);
#3212=SURFACE_STYLE_FILL_AREA(#3367);
#3213=SURFACE_STYLE_FILL_AREA(#3368);
#3214=SURFACE_STYLE_FILL_AREA(#3369);
#3215=SURFACE_STYLE_FILL_AREA(#3370);
#3216=SURFACE_STYLE_FILL_AREA(#3371);
#3217=SURFACE_STYLE_FILL_AREA(#3372);
#3218=SURFACE_STYLE_FILL_AREA(#3373);
#3219=SURFACE_STYLE_FILL_AREA(#3374);
#3220=SURFACE_STYLE_FILL_AREA(#3375);
#3221=SURFACE_STYLE_FILL_AREA(#3376);
#3222=SURFACE_STYLE_FILL_AREA(#3377);
#3223=SURFACE_STYLE_FILL_AREA(#3378);
#3224=SURFACE_STYLE_FILL_AREA(#3379);
#3225=SURFACE_STYLE_FILL_AREA(#3380);
#3226=SURFACE_STYLE_FILL_AREA(#3381);
#3227=SURFACE_STYLE_FILL_AREA(#3382);
#3228=SURFACE_STYLE_FILL_AREA(#3383);
#3229=SURFACE_STYLE_FILL_AREA(#3384);
#3230=SURFACE_STYLE_FILL_AREA(#3385);
#3231=SURFACE_STYLE_FILL_AREA(#3386);
#3232=SURFACE_STYLE_FILL_AREA(#3387);
#3233=SURFACE_STYLE_FILL_AREA(#3388);
#3234=SURFACE_STYLE_FILL_AREA(#3389);
#3235=SURFACE_STYLE_FILL_AREA(#3390);
#3236=SURFACE_STYLE_FILL_AREA(#3391);
#3237=SURFACE_STYLE_FILL_AREA(#3392);
#3238=SURFACE_STYLE_FILL_AREA(#3393);
#3239=SURFACE_STYLE_FILL_AREA(#3394);
#3240=SURFACE_STYLE_FILL_AREA(#3395);
#3241=SURFACE_STYLE_FILL_AREA(#3396);
#3242=SURFACE_STYLE_FILL_AREA(#3397);
#3243=SURFACE_STYLE_FILL_AREA(#3398);
#3244=SURFACE_STYLE_FILL_AREA(#3399);
#3245=SURFACE_STYLE_FILL_AREA(#3400);
#3246=SURFACE_STYLE_FILL_AREA(#3401);
#3247=SURFACE_STYLE_FILL_AREA(#3402);
#3248=SURFACE_STYLE_FILL_AREA(#3403);
#3249=SURFACE_STYLE_FILL_AREA(#3404);
#3250=SURFACE_STYLE_FILL_AREA(#3405);
#3251=SURFACE_STYLE_FILL_AREA(#3406);
#3252=SURFACE_STYLE_FILL_AREA(#3407);
#3253=SURFACE_STYLE_FILL_AREA(#3408);
#3254=SURFACE_STYLE_FILL_AREA(#3409);
#3255=SURFACE_STYLE_FILL_AREA(#3410);
#3256=SURFACE_STYLE_FILL_AREA(#3411);
#3257=SURFACE_STYLE_FILL_AREA(#3412);
#3258=SURFACE_STYLE_FILL_AREA(#3413);
#3259=SURFACE_STYLE_FILL_AREA(#3414);
#3260=SURFACE_STYLE_FILL_AREA(#3415);
#3261=SURFACE_STYLE_FILL_AREA(#3416);
#3262=SURFACE_STYLE_FILL_AREA(#3417);
#3263=SURFACE_STYLE_FILL_AREA(#3418);
#3264=SURFACE_STYLE_FILL_AREA(#3419);
#3265=SURFACE_STYLE_FILL_AREA(#3420);
#3266=SURFACE_STYLE_FILL_AREA(#3421);
#3267=SURFACE_STYLE_FILL_AREA(#3422);
#3268=SURFACE_STYLE_FILL_AREA(#3423);
#3269=SURFACE_STYLE_FILL_AREA(#3424);
#3270=SURFACE_STYLE_FILL_AREA(#3425);
#3271=SURFACE_STYLE_FILL_AREA(#3426);
#3272=SURFACE_STYLE_FILL_AREA(#3427);
#3273=SURFACE_STYLE_FILL_AREA(#3428);
#3274=SURFACE_STYLE_FILL_AREA(#3429);
#3275=SURFACE_STYLE_FILL_AREA(#3430);
#3276=SURFACE_STYLE_FILL_AREA(#3431);
#3277=SURFACE_STYLE_FILL_AREA(#3432);
#3278=SURFACE_STYLE_FILL_AREA(#3433);
#3279=SURFACE_STYLE_FILL_AREA(#3434);
#3280=SURFACE_STYLE_FILL_AREA(#3435);
#3281=SURFACE_STYLE_FILL_AREA(#3436);
#3282=SURFACE_STYLE_FILL_AREA(#3437);
#3283=SURFACE_STYLE_FILL_AREA(#3438);
#3284=SURFACE_STYLE_FILL_AREA(#3439);
#3285=SURFACE_STYLE_FILL_AREA(#3440);
#3286=SURFACE_STYLE_FILL_AREA(#3441);
#3287=SURFACE_STYLE_FILL_AREA(#3442);
#3288=SURFACE_STYLE_FILL_AREA(#3443);
#3289=SURFACE_STYLE_FILL_AREA(#3444);
#3290=SURFACE_STYLE_FILL_AREA(#3445);
#3291=SURFACE_STYLE_FILL_AREA(#3446);
#3292=SURFACE_STYLE_FILL_AREA(#3447);
#3293=SURFACE_STYLE_FILL_AREA(#3448);
#3294=SURFACE_STYLE_FILL_AREA(#3449);
#3295=SURFACE_STYLE_FILL_AREA(#3450);
#3296=SURFACE_STYLE_FILL_AREA(#3451);
#3297=SURFACE_STYLE_FILL_AREA(#3452);
#3298=SURFACE_STYLE_FILL_AREA(#3453);
#3299=SURFACE_STYLE_FILL_AREA(#3454);
#3300=SURFACE_STYLE_FILL_AREA(#3455);
#3301=SURFACE_STYLE_FILL_AREA(#3456);
#3302=SURFACE_STYLE_FILL_AREA(#3457);
#3303=SURFACE_STYLE_FILL_AREA(#3458);
#3304=SURFACE_STYLE_FILL_AREA(#3459);
#3305=SURFACE_STYLE_FILL_AREA(#3460);
#3306=SURFACE_STYLE_FILL_AREA(#3461);
#3307=SURFACE_STYLE_FILL_AREA(#3462);
#3308=SURFACE_STYLE_FILL_AREA(#3463);
#3309=SURFACE_STYLE_FILL_AREA(#3464);
#3310=SURFACE_STYLE_FILL_AREA(#3465);
#3311=SURFACE_STYLE_FILL_AREA(#3466);
#3312=SURFACE_STYLE_FILL_AREA(#3467);
#3313=SURFACE_STYLE_FILL_AREA(#3468);
#3314=SURFACE_STYLE_FILL_AREA(#3469);
#3315=SURFACE_STYLE_FILL_AREA(#3470);
#3316=SURFACE_STYLE_FILL_AREA(#3471);
#3317=SURFACE_STYLE_FILL_AREA(#3472);
#3318=SURFACE_STYLE_FILL_AREA(#3473);
#3319=SURFACE_STYLE_FILL_AREA(#3474);
#3320=SURFACE_STYLE_FILL_AREA(#3475);
#3321=SURFACE_STYLE_FILL_AREA(#3476);
#3322=SURFACE_STYLE_FILL_AREA(#3477);
#3323=SURFACE_STYLE_FILL_AREA(#3478);
#3324=SURFACE_STYLE_FILL_AREA(#3479);
#3325=SURFACE_STYLE_FILL_AREA(#3480);
#3326=SURFACE_STYLE_FILL_AREA(#3481);
#3327=SURFACE_STYLE_FILL_AREA(#3482);
#3328=SURFACE_STYLE_FILL_AREA(#3483);
#3329=SURFACE_STYLE_FILL_AREA(#3484);
#3330=SURFACE_STYLE_FILL_AREA(#3485);
#3331=SURFACE_STYLE_FILL_AREA(#3486);
#3332=SURFACE_STYLE_FILL_AREA(#3487);
#3333=SURFACE_STYLE_FILL_AREA(#3488);
#3334=SURFACE_STYLE_FILL_AREA(#3489);
#3335=SURFACE_STYLE_FILL_AREA(#3490);
#3336=SURFACE_STYLE_FILL_AREA(#3491);
#3337=SURFACE_STYLE_FILL_AREA(#3492);
#3338=SURFACE_STYLE_FILL_AREA(#3493);
#3339=SURFACE_STYLE_FILL_AREA(#3494);
#3340=SURFACE_STYLE_FILL_AREA(#3495);
#3341=SURFACE_STYLE_FILL_AREA(#3496);
#3342=SURFACE_STYLE_FILL_AREA(#3497);
#3343=SURFACE_STYLE_FILL_AREA(#3498);
#3344=SURFACE_STYLE_FILL_AREA(#3499);
#3345=SURFACE_STYLE_FILL_AREA(#3500);
#3346=FILL_AREA_STYLE('',(#3501));
#3347=FILL_AREA_STYLE('',(#3502));
#3348=FILL_AREA_STYLE('',(#3503));
#3349=FILL_AREA_STYLE('',(#3504));
#3350=FILL_AREA_STYLE('',(#3505));
#3351=FILL_AREA_STYLE('',(#3506));
#3352=FILL_AREA_STYLE('',(#3507));
#3353=FILL_AREA_STYLE('',(#3508));
#3354=FILL_AREA_STYLE('',(#3509));
#3355=FILL_AREA_STYLE('',(#3510));
#3356=FILL_AREA_STYLE('',(#3511));
#3357=FILL_AREA_STYLE('',(#3512));
#3358=FILL_AREA_STYLE('',(#3513));
#3359=FILL_AREA_STYLE('',(#3514));
#3360=FILL_AREA_STYLE('',(#3515));
#3361=FILL_AREA_STYLE('',(#3516));
#3362=FILL_AREA_STYLE('',(#3517));
#3363=FILL_AREA_STYLE('',(#3518));
#3364=FILL_AREA_STYLE('',(#3519));
#3365=FILL_AREA_STYLE('',(#3520));
#3366=FILL_AREA_STYLE('',(#3521));
#3367=FILL_AREA_STYLE('',(#3522));
#3368=FILL_AREA_STYLE('',(#3523));
#3369=FILL_AREA_STYLE('',(#3524));
#3370=FILL_AREA_STYLE('',(#3525));
#3371=FILL_AREA_STYLE('',(#3526));
#3372=FILL_AREA_STYLE('',(#3527));
#3373=FILL_AREA_STYLE('',(#3528));
#3374=FILL_AREA_STYLE('',(#3529));
#3375=FILL_AREA_STYLE('',(#3530));
#3376=FILL_AREA_STYLE('',(#3531));
#3377=FILL_AREA_STYLE('',(#3532));
#3378=FILL_AREA_STYLE('',(#3533));
#3379=FILL_AREA_STYLE('',(#3534));
#3380=FILL_AREA_STYLE('',(#3535));
#3381=FILL_AREA_STYLE('',(#3536));
#3382=FILL_AREA_STYLE('',(#3537));
#3383=FILL_AREA_STYLE('',(#3538));
#3384=FILL_AREA_STYLE('',(#3539));
#3385=FILL_AREA_STYLE('',(#3540));
#3386=FILL_AREA_STYLE('',(#3541));
#3387=FILL_AREA_STYLE('',(#3542));
#3388=FILL_AREA_STYLE('',(#3543));
#3389=FILL_AREA_STYLE('',(#3544));
#3390=FILL_AREA_STYLE('',(#3545));
#3391=FILL_AREA_STYLE('',(#3546));
#3392=FILL_AREA_STYLE('',(#3547));
#3393=FILL_AREA_STYLE('',(#3548));
#3394=FILL_AREA_STYLE('',(#3549));
#3395=FILL_AREA_STYLE('',(#3550));
#3396=FILL_AREA_STYLE('',(#3551));
#3397=FILL_AREA_STYLE('',(#3552));
#3398=FILL_AREA_STYLE('',(#3553));
#3399=FILL_AREA_STYLE('',(#3554));
#3400=FILL_AREA_STYLE('',(#3555));
#3401=FILL_AREA_STYLE('',(#3556));
#3402=FILL_AREA_STYLE('',(#3557));
#3403=FILL_AREA_STYLE('',(#3558));
#3404=FILL_AREA_STYLE('',(#3559));
#3405=FILL_AREA_STYLE('',(#3560));
#3406=FILL_AREA_STYLE('',(#3561));
#3407=FILL_AREA_STYLE('',(#3562));
#3408=FILL_AREA_STYLE('',(#3563));
#3409=FILL_AREA_STYLE('',(#3564));
#3410=FILL_AREA_STYLE('',(#3565));
#3411=FILL_AREA_STYLE('',(#3566));
#3412=FILL_AREA_STYLE('',(#3567));
#3413=FILL_AREA_STYLE('',(#3568));
#3414=FILL_AREA_STYLE('',(#3569));
#3415=FILL_AREA_STYLE('',(#3570));
#3416=FILL_AREA_STYLE('',(#3571));
#3417=FILL_AREA_STYLE('',(#3572));
#3418=FILL_AREA_STYLE('',(#3573));
#3419=FILL_AREA_STYLE('',(#3574));
#3420=FILL_AREA_STYLE('',(#3575));
#3421=FILL_AREA_STYLE('',(#3576));
#3422=FILL_AREA_STYLE('',(#3577));
#3423=FILL_AREA_STYLE('',(#3578));
#3424=FILL_AREA_STYLE('',(#3579));
#3425=FILL_AREA_STYLE('',(#3580));
#3426=FILL_AREA_STYLE('',(#3581));
#3427=FILL_AREA_STYLE('',(#3582));
#3428=FILL_AREA_STYLE('',(#3583));
#3429=FILL_AREA_STYLE('',(#3584));
#3430=FILL_AREA_STYLE('',(#3585));
#3431=FILL_AREA_STYLE('',(#3586));
#3432=FILL_AREA_STYLE('',(#3587));
#3433=FILL_AREA_STYLE('',(#3588));
#3434=FILL_AREA_STYLE('',(#3589));
#3435=FILL_AREA_STYLE('',(#3590));
#3436=FILL_AREA_STYLE('',(#3591));
#3437=FILL_AREA_STYLE('',(#3592));
#3438=FILL_AREA_STYLE('',(#3593));
#3439=FILL_AREA_STYLE('',(#3594));
#3440=FILL_AREA_STYLE('',(#3595));
#3441=FILL_AREA_STYLE('',(#3596));
#3442=FILL_AREA_STYLE('',(#3597));
#3443=FILL_AREA_STYLE('',(#3598));
#3444=FILL_AREA_STYLE('',(#3599));
#3445=FILL_AREA_STYLE('',(#3600));
#3446=FILL_AREA_STYLE('',(#3601));
#3447=FILL_AREA_STYLE('',(#3602));
#3448=FILL_AREA_STYLE('',(#3603));
#3449=FILL_AREA_STYLE('',(#3604));
#3450=FILL_AREA_STYLE('',(#3605));
#3451=FILL_AREA_STYLE('',(#3606));
#3452=FILL_AREA_STYLE('',(#3607));
#3453=FILL_AREA_STYLE('',(#3608));
#3454=FILL_AREA_STYLE('',(#3609));
#3455=FILL_AREA_STYLE('',(#3610));
#3456=FILL_AREA_STYLE('',(#3611));
#3457=FILL_AREA_STYLE('',(#3612));
#3458=FILL_AREA_STYLE('',(#3613));
#3459=FILL_AREA_STYLE('',(#3614));
#3460=FILL_AREA_STYLE('',(#3615));
#3461=FILL_AREA_STYLE('',(#3616));
#3462=FILL_AREA_STYLE('',(#3617));
#3463=FILL_AREA_STYLE('',(#3618));
#3464=FILL_AREA_STYLE('',(#3619));
#3465=FILL_AREA_STYLE('',(#3620));
#3466=FILL_AREA_STYLE('',(#3621));
#3467=FILL_AREA_STYLE('',(#3622));
#3468=FILL_AREA_STYLE('',(#3623));
#3469=FILL_AREA_STYLE('',(#3624));
#3470=FILL_AREA_STYLE('',(#3625));
#3471=FILL_AREA_STYLE('',(#3626));
#3472=FILL_AREA_STYLE('',(#3627));
#3473=FILL_AREA_STYLE('',(#3628));
#3474=FILL_AREA_STYLE('',(#3629));
#3475=FILL_AREA_STYLE('',(#3630));
#3476=FILL_AREA_STYLE('',(#3631));
#3477=FILL_AREA_STYLE('',(#3632));
#3478=FILL_AREA_STYLE('',(#3633));
#3479=FILL_AREA_STYLE('',(#3634));
#3480=FILL_AREA_STYLE('',(#3635));
#3481=FILL_AREA_STYLE('',(#3636));
#3482=FILL_AREA_STYLE('',(#3637));
#3483=FILL_AREA_STYLE('',(#3638));
#3484=FILL_AREA_STYLE('',(#3639));
#3485=FILL_AREA_STYLE('',(#3640));
#3486=FILL_AREA_STYLE('',(#3641));
#3487=FILL_AREA_STYLE('',(#3642));
#3488=FILL_AREA_STYLE('',(#3643));
#3489=FILL_AREA_STYLE('',(#3644));
#3490=FILL_AREA_STYLE('',(#3645));
#3491=FILL_AREA_STYLE('',(#3646));
#3492=FILL_AREA_STYLE('',(#3647));
#3493=FILL_AREA_STYLE('',(#3648));
#3494=FILL_AREA_STYLE('',(#3649));
#3495=FILL_AREA_STYLE('',(#3650));
#3496=FILL_AREA_STYLE('',(#3651));
#3497=FILL_AREA_STYLE('',(#3652));
#3498=FILL_AREA_STYLE('',(#3653));
#3499=FILL_AREA_STYLE('',(#3654));
#3500=FILL_AREA_STYLE('',(#3655));
#3501=FILL_AREA_STYLE_COLOUR('',#3656);
#3502=FILL_AREA_STYLE_COLOUR('',#3656);
#3503=FILL_AREA_STYLE_COLOUR('',#3656);
#3504=FILL_AREA_STYLE_COLOUR('',#3656);
#3505=FILL_AREA_STYLE_COLOUR('',#3656);
#3506=FILL_AREA_STYLE_COLOUR('',#3656);
#3507=FILL_AREA_STYLE_COLOUR('',#3656);
#3508=FILL_AREA_STYLE_COLOUR('',#3656);
#3509=FILL_AREA_STYLE_COLOUR('',#3656);
#3510=FILL_AREA_STYLE_COLOUR('',#3656);
#3511=FILL_AREA_STYLE_COLOUR('',#3656);
#3512=FILL_AREA_STYLE_COLOUR('',#3656);
#3513=FILL_AREA_STYLE_COLOUR('',#3656);
#3514=FILL_AREA_STYLE_COLOUR('',#3656);
#3515=FILL_AREA_STYLE_COLOUR('',#3656);
#3516=FILL_AREA_STYLE_COLOUR('',#3656);
#3517=FILL_AREA_STYLE_COLOUR('',#3656);
#3518=FILL_AREA_STYLE_COLOUR('',#3656);
#3519=FILL_AREA_STYLE_COLOUR('',#3656);
#3520=FILL_AREA_STYLE_COLOUR('',#3656);
#3521=FILL_AREA_STYLE_COLOUR('',#3656);
#3522=FILL_AREA_STYLE_COLOUR('',#3656);
#3523=FILL_AREA_STYLE_COLOUR('',#3656);
#3524=FILL_AREA_STYLE_COLOUR('',#3656);
#3525=FILL_AREA_STYLE_COLOUR('',#3656);
#3526=FILL_AREA_STYLE_COLOUR('',#3656);
#3527=FILL_AREA_STYLE_COLOUR('',#3656);
#3528=FILL_AREA_STYLE_COLOUR('',#3656);
#3529=FILL_AREA_STYLE_COLOUR('',#3656);
#3530=FILL_AREA_STYLE_COLOUR('',#3656);
#3531=FILL_AREA_STYLE_COLOUR('',#3656);
#3532=FILL_AREA_STYLE_COLOUR('',#3656);
#3533=FILL_AREA_STYLE_COLOUR('',#3656);
#3534=FILL_AREA_STYLE_COLOUR('',#3656);
#3535=FILL_AREA_STYLE_COLOUR('',#3656);
#3536=FILL_AREA_STYLE_COLOUR('',#3656);
#3537=FILL_AREA_STYLE_COLOUR('',#3656);
#3538=FILL_AREA_STYLE_COLOUR('',#3656);
#3539=FILL_AREA_STYLE_COLOUR('',#3656);
#3540=FILL_AREA_STYLE_COLOUR('',#3656);
#3541=FILL_AREA_STYLE_COLOUR('',#3656);
#3542=FILL_AREA_STYLE_COLOUR('',#3656);
#3543=FILL_AREA_STYLE_COLOUR('',#3656);
#3544=FILL_AREA_STYLE_COLOUR('',#3656);
#3545=FILL_AREA_STYLE_COLOUR('',#3656);
#3546=FILL_AREA_STYLE_COLOUR('',#3656);
#3547=FILL_AREA_STYLE_COLOUR('',#3657);
#3548=FILL_AREA_STYLE_COLOUR('',#3656);
#3549=FILL_AREA_STYLE_COLOUR('',#3657);
#3550=FILL_AREA_STYLE_COLOUR('',#3656);
#3551=FILL_AREA_STYLE_COLOUR('',#3656);
#3552=FILL_AREA_STYLE_COLOUR('',#3656);
#3553=FILL_AREA_STYLE_COLOUR('',#3656);
#3554=FILL_AREA_STYLE_COLOUR('',#3656);
#3555=FILL_AREA_STYLE_COLOUR('',#3656);
#3556=FILL_AREA_STYLE_COLOUR('',#3656);
#3557=FILL_AREA_STYLE_COLOUR('',#3656);
#3558=FILL_AREA_STYLE_COLOUR('',#3656);
#3559=FILL_AREA_STYLE_COLOUR('',#3656);
#3560=FILL_AREA_STYLE_COLOUR('',#3656);
#3561=FILL_AREA_STYLE_COLOUR('',#3656);
#3562=FILL_AREA_STYLE_COLOUR('',#3656);
#3563=FILL_AREA_STYLE_COLOUR('',#3656);
#3564=FILL_AREA_STYLE_COLOUR('',#3656);
#3565=FILL_AREA_STYLE_COLOUR('',#3656);
#3566=FILL_AREA_STYLE_COLOUR('',#3656);
#3567=FILL_AREA_STYLE_COLOUR('',#3656);
#3568=FILL_AREA_STYLE_COLOUR('',#3656);
#3569=FILL_AREA_STYLE_COLOUR('',#3656);
#3570=FILL_AREA_STYLE_COLOUR('',#3656);
#3571=FILL_AREA_STYLE_COLOUR('',#3656);
#3572=FILL_AREA_STYLE_COLOUR('',#3656);
#3573=FILL_AREA_STYLE_COLOUR('',#3656);
#3574=FILL_AREA_STYLE_COLOUR('',#3656);
#3575=FILL_AREA_STYLE_COLOUR('',#3656);
#3576=FILL_AREA_STYLE_COLOUR('',#3656);
#3577=FILL_AREA_STYLE_COLOUR('',#3656);
#3578=FILL_AREA_STYLE_COLOUR('',#3656);
#3579=FILL_AREA_STYLE_COLOUR('',#3656);
#3580=FILL_AREA_STYLE_COLOUR('',#3656);
#3581=FILL_AREA_STYLE_COLOUR('',#3656);
#3582=FILL_AREA_STYLE_COLOUR('',#3656);
#3583=FILL_AREA_STYLE_COLOUR('',#3656);
#3584=FILL_AREA_STYLE_COLOUR('',#3656);
#3585=FILL_AREA_STYLE_COLOUR('',#3656);
#3586=FILL_AREA_STYLE_COLOUR('',#3656);
#3587=FILL_AREA_STYLE_COLOUR('',#3656);
#3588=FILL_AREA_STYLE_COLOUR('',#3656);
#3589=FILL_AREA_STYLE_COLOUR('',#3656);
#3590=FILL_AREA_STYLE_COLOUR('',#3656);
#3591=FILL_AREA_STYLE_COLOUR('',#3656);
#3592=FILL_AREA_STYLE_COLOUR('',#3656);
#3593=FILL_AREA_STYLE_COLOUR('',#3656);
#3594=FILL_AREA_STYLE_COLOUR('',#3656);
#3595=FILL_AREA_STYLE_COLOUR('',#3656);
#3596=FILL_AREA_STYLE_COLOUR('',#3656);
#3597=FILL_AREA_STYLE_COLOUR('',#3656);
#3598=FILL_AREA_STYLE_COLOUR('',#3656);
#3599=FILL_AREA_STYLE_COLOUR('',#3656);
#3600=FILL_AREA_STYLE_COLOUR('',#3656);
#3601=FILL_AREA_STYLE_COLOUR('',#3656);
#3602=FILL_AREA_STYLE_COLOUR('',#3656);
#3603=FILL_AREA_STYLE_COLOUR('',#3656);
#3604=FILL_AREA_STYLE_COLOUR('',#3656);
#3605=FILL_AREA_STYLE_COLOUR('',#3656);
#3606=FILL_AREA_STYLE_COLOUR('',#3656);
#3607=FILL_AREA_STYLE_COLOUR('',#3656);
#3608=FILL_AREA_STYLE_COLOUR('',#3656);
#3609=FILL_AREA_STYLE_COLOUR('',#3656);
#3610=FILL_AREA_STYLE_COLOUR('',#3656);
#3611=FILL_AREA_STYLE_COLOUR('',#3656);
#3612=FILL_AREA_STYLE_COLOUR('',#3656);
#3613=FILL_AREA_STYLE_COLOUR('',#3656);
#3614=FILL_AREA_STYLE_COLOUR('',#3656);
#3615=FILL_AREA_STYLE_COLOUR('',#3656);
#3616=FILL_AREA_STYLE_COLOUR('',#3656);
#3617=FILL_AREA_STYLE_COLOUR('',#3656);
#3618=FILL_AREA_STYLE_COLOUR('',#3656);
#3619=FILL_AREA_STYLE_COLOUR('',#3656);
#3620=FILL_AREA_STYLE_COLOUR('',#3656);
#3621=FILL_AREA_STYLE_COLOUR('',#3656);
#3622=FILL_AREA_STYLE_COLOUR('',#3656);
#3623=FILL_AREA_STYLE_COLOUR('',#3656);
#3624=FILL_AREA_STYLE_COLOUR('',#3656);
#3625=FILL_AREA_STYLE_COLOUR('',#3656);
#3626=FILL_AREA_STYLE_COLOUR('',#3656);
#3627=FILL_AREA_STYLE_COLOUR('',#3656);
#3628=FILL_AREA_STYLE_COLOUR('',#3656);
#3629=FILL_AREA_STYLE_COLOUR('',#3656);
#3630=FILL_AREA_STYLE_COLOUR('',#3656);
#3631=FILL_AREA_STYLE_COLOUR('',#3656);
#3632=FILL_AREA_STYLE_COLOUR('',#3656);
#3633=FILL_AREA_STYLE_COLOUR('',#3656);
#3634=FILL_AREA_STYLE_COLOUR('',#3656);
#3635=FILL_AREA_STYLE_COLOUR('',#3656);
#3636=FILL_AREA_STYLE_COLOUR('',#3656);
#3637=FILL_AREA_STYLE_COLOUR('',#3656);
#3638=FILL_AREA_STYLE_COLOUR('',#3656);
#3639=FILL_AREA_STYLE_COLOUR('',#3656);
#3640=FILL_AREA_STYLE_COLOUR('',#3656);
#3641=FILL_AREA_STYLE_COLOUR('',#3656);
#3642=FILL_AREA_STYLE_COLOUR('',#3656);
#3643=FILL_AREA_STYLE_COLOUR('',#3656);
#3644=FILL_AREA_STYLE_COLOUR('',#3656);
#3645=FILL_AREA_STYLE_COLOUR('',#3656);
#3646=FILL_AREA_STYLE_COLOUR('',#3656);
#3647=FILL_AREA_STYLE_COLOUR('',#3656);
#3648=FILL_AREA_STYLE_COLOUR('',#3656);
#3649=FILL_AREA_STYLE_COLOUR('',#3656);
#3650=FILL_AREA_STYLE_COLOUR('',#3656);
#3651=FILL_AREA_STYLE_COLOUR('',#3656);
#3652=FILL_AREA_STYLE_COLOUR('',#3656);
#3653=FILL_AREA_STYLE_COLOUR('',#3656);
#3654=FILL_AREA_STYLE_COLOUR('',#3656);
#3655=FILL_AREA_STYLE_COLOUR('',#3656);
#3656=COLOUR_RGB('',0.506983280181885,0.531564235687256,0.550000011920929);
#3657=COLOUR_RGB('',0.1875,0.75,0.581249892711639);
#3658=ADVANCED_FACE('',(#2327,#2328),#2527,.F.);
#3659=ADVANCED_FACE('',(#2329),#2528,.F.);
#3660=ADVANCED_FACE('',(#2330,#2331,#2332,#2333),#58,.T.);
#3661=ADVANCED_FACE('',(#2334),#59,.T.);
#3662=ADVANCED_FACE('',(#2335),#60,.T.);
#3663=ADVANCED_FACE('',(#2336),#61,.T.);
#3664=ADVANCED_FACE('',(#2337),#62,.T.);
#3665=ADVANCED_FACE('',(#2338),#63,.T.);
#3666=ADVANCED_FACE('',(#2339),#2529,.F.);
#3667=ADVANCED_FACE('',(#2340),#2530,.F.);
#3668=ADVANCED_FACE('',(#2341),#2531,.F.);
#3669=ADVANCED_FACE('',(#2342),#2532,.F.);
#3670=ADVANCED_FACE('',(#2343),#2533,.F.);
#3671=ADVANCED_FACE('',(#2344),#2534,.F.);
#3672=ADVANCED_FACE('',(#2345),#64,.T.);
#3673=ADVANCED_FACE('',(#2346),#65,.T.);
#3674=ADVANCED_FACE('',(#2347),#66,.T.);
#3675=ADVANCED_FACE('',(#2348),#67,.T.);
#3676=ADVANCED_FACE('',(#2349),#68,.T.);
#3677=ADVANCED_FACE('',(#2350),#2535,.F.);
#3678=ADVANCED_FACE('',(#2351),#2536,.F.);
#3679=ADVANCED_FACE('',(#2352),#2537,.F.);
#3680=ADVANCED_FACE('',(#2353),#2538,.F.);
#3681=ADVANCED_FACE('',(#2354,#2355,#2356,#2357),#2539,.F.);
#3682=ADVANCED_FACE('',(#2358,#2359),#2540,.F.);
#3683=ADVANCED_FACE('',(#2360),#69,.T.);
#3684=ADVANCED_FACE('',(#2361),#70,.T.);
#3685=ADVANCED_FACE('',(#2362,#2363,#2364,#2365,#2366),#71,.F.);
#3686=ADVANCED_FACE('',(#2367,#2368,#2369,#2370),#72,.F.);
#3687=ADVANCED_FACE('',(#2371),#73,.F.);
#3688=ADVANCED_FACE('',(#2372,#2373,#2374),#74,.F.);
#3689=ADVANCED_FACE('',(#2375),#75,.F.);
#3690=ADVANCED_FACE('',(#2376,#2377,#2378),#76,.F.);
#3691=ADVANCED_FACE('',(#2379),#77,.F.);
#3692=ADVANCED_FACE('',(#2380,#2381),#78,.T.);
#3693=ADVANCED_FACE('',(#2382),#2541,.T.);
#3694=ADVANCED_FACE('',(#2383),#2542,.T.);
#3695=ADVANCED_FACE('',(#2384),#2543,.F.);
#3696=ADVANCED_FACE('',(#2385),#79,.F.);
#3697=ADVANCED_FACE('',(#2386),#80,.T.);
#3698=ADVANCED_FACE('',(#2387),#81,.T.);
#3699=ADVANCED_FACE('',(#2388),#82,.T.);
#3700=ADVANCED_FACE('',(#2389),#83,.T.);
#3701=ADVANCED_FACE('',(#2390),#84,.T.);
#3702=ADVANCED_FACE('',(#2391),#85,.F.);
#3703=ADVANCED_FACE('',(#2392),#86,.T.);
#3704=ADVANCED_FACE('',(#2393,#2394),#2544,.F.);
#3705=ADVANCED_FACE('',(#2395,#2396),#2545,.F.);
#3706=ADVANCED_FACE('',(#2397,#2398),#2546,.F.);
#3707=ADVANCED_FACE('',(#2399,#2400,#2401,#2402),#2547,.F.);
#3708=ADVANCED_FACE('',(#2403,#2404),#2548,.F.);
#3709=ADVANCED_FACE('',(#2405),#2549,.F.);
#3710=ADVANCED_FACE('',(#2406,#2407),#2550,.F.);
#3711=ADVANCED_FACE('',(#2408,#2409),#2551,.F.);
#3712=ADVANCED_FACE('',(#2410),#87,.F.);
#3713=ADVANCED_FACE('',(#2411),#88,.F.);
#3714=ADVANCED_FACE('',(#2412),#89,.F.);
#3715=ADVANCED_FACE('',(#2413),#90,.F.);
#3716=ADVANCED_FACE('',(#2414),#91,.F.);
#3717=ADVANCED_FACE('',(#2415),#92,.F.);
#3718=ADVANCED_FACE('',(#2416),#93,.F.);
#3719=ADVANCED_FACE('',(#2417),#94,.T.);
#3720=ADVANCED_FACE('',(#2418),#2552,.F.);
#3721=ADVANCED_FACE('',(#2419),#95,.F.);
#3722=ADVANCED_FACE('',(#2420),#96,.F.);
#3723=ADVANCED_FACE('',(#2421),#97,.F.);
#3724=ADVANCED_FACE('',(#2422),#98,.F.);
#3725=ADVANCED_FACE('',(#2423),#99,.F.);
#3726=ADVANCED_FACE('',(#2424),#2553,.F.);
#3727=ADVANCED_FACE('',(#2425),#100,.F.);
#3728=ADVANCED_FACE('',(#2426,#2427,#2428,#2429,#2430,#2431),#101,.T.);
#3729=ADVANCED_FACE('',(#2432,#2433),#2554,.F.);
#3730=ADVANCED_FACE('',(#2434,#2435),#2555,.F.);
#3731=ADVANCED_FACE('',(#2436,#2437),#2556,.F.);
#3732=ADVANCED_FACE('',(#2438,#2439),#2557,.F.);
#3733=ADVANCED_FACE('',(#2440,#2441),#2558,.F.);
#3734=ADVANCED_FACE('',(#2442,#2443,#2444),#2559,.F.);
#3735=ADVANCED_FACE('',(#2445,#2446,#2447),#2560,.F.);
#3736=ADVANCED_FACE('',(#2448,#2449),#2561,.F.);
#3737=ADVANCED_FACE('',(#2450,#2451),#2562,.F.);
#3738=ADVANCED_FACE('',(#2452),#2563,.F.);
#3739=ADVANCED_FACE('',(#2453),#2564,.F.);
#3740=ADVANCED_FACE('',(#2454),#2565,.F.);
#3741=ADVANCED_FACE('',(#2455),#2566,.F.);
#3742=ADVANCED_FACE('',(#2456),#102,.T.);
#3743=ADVANCED_FACE('',(#2457),#28,.F.);
#3744=ADVANCED_FACE('',(#2458),#103,.T.);
#3745=ADVANCED_FACE('',(#2459),#29,.F.);
#3746=ADVANCED_FACE('',(#2460),#104,.T.);
#3747=ADVANCED_FACE('',(#2461),#30,.F.);
#3748=ADVANCED_FACE('',(#2462),#105,.T.);
#3749=ADVANCED_FACE('',(#2463),#31,.F.);
#3750=ADVANCED_FACE('',(#2464),#106,.T.);
#3751=ADVANCED_FACE('',(#2465),#2567,.T.);
#3752=ADVANCED_FACE('',(#2466),#2568,.T.);
#3753=ADVANCED_FACE('',(#2467),#2569,.T.);
#3754=ADVANCED_FACE('',(#2468),#2570,.T.);
#3755=ADVANCED_FACE('',(#2469),#107,.T.);
#3756=ADVANCED_FACE('',(#2470),#32,.T.);
#3757=ADVANCED_FACE('',(#2471),#108,.T.);
#3758=ADVANCED_FACE('',(#2472),#109,.T.);
#3759=ADVANCED_FACE('',(#2473),#110,.T.);
#3760=ADVANCED_FACE('',(#2474),#33,.T.);
#3761=ADVANCED_FACE('',(#2475),#111,.T.);
#3762=ADVANCED_FACE('',(#2476),#112,.T.);
#3763=ADVANCED_FACE('',(#2477),#113,.F.);
#3764=ADVANCED_FACE('',(#2478),#34,.F.);
#3765=ADVANCED_FACE('',(#2479),#35,.F.);
#3766=ADVANCED_FACE('',(#2480),#114,.F.);
#3767=ADVANCED_FACE('',(#2481),#115,.F.);
#3768=ADVANCED_FACE('',(#2482),#36,.F.);
#3769=ADVANCED_FACE('',(#2483),#37,.F.);
#3770=ADVANCED_FACE('',(#2484),#116,.F.);
#3771=ADVANCED_FACE('',(#2485),#117,.F.);
#3772=ADVANCED_FACE('',(#2486),#38,.F.);
#3773=ADVANCED_FACE('',(#2487),#39,.F.);
#3774=ADVANCED_FACE('',(#2488),#118,.F.);
#3775=ADVANCED_FACE('',(#2489),#40,.F.);
#3776=ADVANCED_FACE('',(#2490),#119,.T.);
#3777=ADVANCED_FACE('',(#2491),#120,.T.);
#3778=ADVANCED_FACE('',(#2492),#41,.F.);
#3779=ADVANCED_FACE('',(#2493),#42,.F.);
#3780=ADVANCED_FACE('',(#2494),#121,.T.);
#3781=ADVANCED_FACE('',(#2495),#122,.T.);
#3782=ADVANCED_FACE('',(#2496),#43,.F.);
#3783=ADVANCED_FACE('',(#2497),#44,.F.);
#3784=ADVANCED_FACE('',(#2498),#123,.T.);
#3785=ADVANCED_FACE('',(#2499),#124,.T.);
#3786=ADVANCED_FACE('',(#2500),#45,.F.);
#3787=ADVANCED_FACE('',(#2501),#125,.T.);
#3788=ADVANCED_FACE('',(#2502),#46,.F.);
#3789=ADVANCED_FACE('',(#2503),#126,.T.);
#3790=ADVANCED_FACE('',(#2504),#47,.F.);
#3791=ADVANCED_FACE('',(#2505),#127,.T.);
#3792=ADVANCED_FACE('',(#2506),#48,.F.);
#3793=ADVANCED_FACE('',(#2507),#128,.T.);
#3794=ADVANCED_FACE('',(#2508),#49,.F.);
#3795=ADVANCED_FACE('',(#2509),#129,.T.);
#3796=ADVANCED_FACE('',(#2510),#50,.F.);
#3797=ADVANCED_FACE('',(#2511),#130,.T.);
#3798=ADVANCED_FACE('',(#2512),#51,.F.);
#3799=ADVANCED_FACE('',(#2513),#131,.T.);
#3800=ADVANCED_FACE('',(#2514),#132,.F.);
#3801=ADVANCED_FACE('',(#2515),#52,.T.);
#3802=ADVANCED_FACE('',(#2516),#133,.F.);
#3803=ADVANCED_FACE('',(#2517),#53,.T.);
#3804=ADVANCED_FACE('',(#2518),#134,.F.);
#3805=ADVANCED_FACE('',(#2519),#54,.T.);
#3806=ADVANCED_FACE('',(#2520),#135,.F.);
#3807=ADVANCED_FACE('',(#2521),#55,.T.);
#3808=ADVANCED_FACE('',(#2522),#136,.F.);
#3809=ADVANCED_FACE('',(#2523),#56,.T.);
#3810=ADVANCED_FACE('',(#2524),#137,.F.);
#3811=ADVANCED_FACE('',(#2525),#57,.T.);
#3812=ADVANCED_FACE('',(#2526),#138,.F.);
#3813=CLOSED_SHELL('',(#3658,#3659,#3660,#3661,#3662,#3663,#3664,#3665,
#3666,#3667,#3668,#3669,#3670,#3671,#3672,#3673,#3674,#3675,#3676,#3677,
#3678,#3679,#3680,#3681,#3682,#3683,#3684,#3685,#3686,#3687,#3688,#3689,
#3690,#3691,#3692,#3693,#3694,#3695,#3696,#3697,#3698,#3699,#3700,#3701,
#3702,#3703,#3704,#3705,#3706,#3707,#3708,#3709,#3710,#3711,#3712,#3713,
#3714,#3715,#3716,#3717,#3718,#3719,#3720,#3721,#3722,#3723,#3724,#3725,
#3726,#3727,#3728,#3729,#3730,#3731,#3732,#3733,#3734,#3735,#3736,#3737,
#3738,#3739,#3740,#3741,#3742,#3743,#3744,#3745,#3746,#3747,#3748,#3749,
#3750,#3751,#3752,#3753,#3754,#3755,#3756,#3757,#3758,#3759,#3760,#3761,
#3762,#3763,#3764,#3765,#3766,#3767,#3768,#3769,#3770,#3771,#3772,#3773,
#3774,#3775,#3776,#3777,#3778,#3779,#3780,#3781,#3782,#3783,#3784,#3785,
#3786,#3787,#3788,#3789,#3790,#3791,#3792,#3793,#3794,#3795,#3796,#3797,
#3798,#3799,#3800,#3801,#3802,#3803,#3804,#3805,#3806,#3807,#3808,#3809,
#3810,#3811,#3812));
#3814=MANIFOLD_SOLID_BREP('',#3813);
#3815=SHAPE_DEFINITION_REPRESENTATION(#5761,#3816);
#3816=SHAPE_REPRESENTATION('CURIOSITY-PIC64GX1000_Housing_2',(#3817),#5756);
#3817=AXIS2_PLACEMENT_3D('',#4871,#4083,#4084);
#3818=AXIS2_PLACEMENT_3D('',#4872,#4085,#4086);
#3819=AXIS2_PLACEMENT_3D('',#4887,#4087,#4088);
#3820=AXIS2_PLACEMENT_3D('',#4892,#4090,#4091);
#3821=AXIS2_PLACEMENT_3D('',#4895,#4093,#4094);
#3822=AXIS2_PLACEMENT_3D('',#4896,#4095,#4096);
#3823=AXIS2_PLACEMENT_3D('',#4901,#4098,#4099);
#3824=AXIS2_PLACEMENT_3D('',#4904,#4101,#4102);
#3825=AXIS2_PLACEMENT_3D('',#4905,#4103,#4104);
#3826=AXIS2_PLACEMENT_3D('',#4907,#4105,#4106);
#3827=AXIS2_PLACEMENT_3D('',#4909,#4107,#4108);
#3828=AXIS2_PLACEMENT_3D('',#4922,#4114,#4115);
#3829=AXIS2_PLACEMENT_3D('',#4927,#4118,#4119);
#3830=AXIS2_PLACEMENT_3D('',#4936,#4124,#4125);
#3831=AXIS2_PLACEMENT_3D('',#4945,#4130,#4131);
#3832=AXIS2_PLACEMENT_3D('',#4954,#4136,#4137);
#3833=AXIS2_PLACEMENT_3D('',#4963,#4142,#4143);
#3834=AXIS2_PLACEMENT_3D('',#4972,#4148,#4149);
#3835=AXIS2_PLACEMENT_3D('',#4973,#4150,#4151);
#3836=AXIS2_PLACEMENT_3D('',#4978,#4154,#4155);
#3837=AXIS2_PLACEMENT_3D('',#4979,#4156,#4157);
#3838=AXIS2_PLACEMENT_3D('',#4980,#4158,#4159);
#3839=AXIS2_PLACEMENT_3D('',#4981,#4160,#4161);
#3840=AXIS2_PLACEMENT_3D('',#4986,#4164,#4165);
#3841=AXIS2_PLACEMENT_3D('',#4987,#4166,#4167);
#3842=AXIS2_PLACEMENT_3D('',#4988,#4168,#4169);
#3843=AXIS2_PLACEMENT_3D('',#4989,#4170,#4171);
#3844=AXIS2_PLACEMENT_3D('',#4990,#4172,#4173);
#3845=AXIS2_PLACEMENT_3D('',#4991,#4174,#4175);
#3846=AXIS2_PLACEMENT_3D('',#4992,#4176,#4177);
#3847=AXIS2_PLACEMENT_3D('',#4993,#4178,#4179);
#3848=AXIS2_PLACEMENT_3D('',#4994,#4180,#4181);
#3849=AXIS2_PLACEMENT_3D('',#4995,#4182,#4183);
#3850=AXIS2_PLACEMENT_3D('',#4996,#4184,#4185);
#3851=AXIS2_PLACEMENT_3D('',#4997,#4186,#4187);
#3852=AXIS2_PLACEMENT_3D('',#4998,#4188,#4189);
#3853=AXIS2_PLACEMENT_3D('',#5004,#4193,#4194);
#3854=AXIS2_PLACEMENT_3D('',#5013,#4199,#4200);
#3855=AXIS2_PLACEMENT_3D('',#5022,#4205,#4206);
#3856=AXIS2_PLACEMENT_3D('',#5031,#4211,#4212);
#3857=AXIS2_PLACEMENT_3D('',#5037,#4216,#4217);
#3858=AXIS2_PLACEMENT_3D('',#5038,#4218,#4219);
#3859=AXIS2_PLACEMENT_3D('',#5039,#4220,#4221);
#3860=AXIS2_PLACEMENT_3D('',#5040,#4222,#4223);
#3861=AXIS2_PLACEMENT_3D('',#5041,#4224,#4225);
#3862=AXIS2_PLACEMENT_3D('',#5042,#4226,#4227);
#3863=AXIS2_PLACEMENT_3D('',#5043,#4228,#4229);
#3864=AXIS2_PLACEMENT_3D('',#5044,#4230,#4231);
#3865=AXIS2_PLACEMENT_3D('',#5045,#4232,#4233);
#3866=AXIS2_PLACEMENT_3D('',#5046,#4234,#4235);
#3867=AXIS2_PLACEMENT_3D('',#5047,#4236,#4237);
#3868=AXIS2_PLACEMENT_3D('',#5048,#4238,#4239);
#3869=AXIS2_PLACEMENT_3D('',#5049,#4240,#4241);
#3870=AXIS2_PLACEMENT_3D('',#5096,#4242,#4243);
#3871=AXIS2_PLACEMENT_3D('',#5098,#4244,#4245);
#3872=AXIS2_PLACEMENT_3D('',#5099,#4246,#4247);
#3873=AXIS2_PLACEMENT_3D('',#5101,#4248,#4249);
#3874=AXIS2_PLACEMENT_3D('',#5119,#4259,#4260);
#3875=AXIS2_PLACEMENT_3D('',#5137,#4270,#4271);
#3876=AXIS2_PLACEMENT_3D('',#5140,#4273,#4274);
#3877=AXIS2_PLACEMENT_3D('',#5144,#4276,#4277);
#3878=AXIS2_PLACEMENT_3D('',#5148,#4279,#4280);
#3879=AXIS2_PLACEMENT_3D('',#5152,#4282,#4283);
#3880=AXIS2_PLACEMENT_3D('',#5156,#4285,#4286);
#3881=AXIS2_PLACEMENT_3D('',#5160,#4288,#4289);
#3882=AXIS2_PLACEMENT_3D('',#5170,#4295,#4296);
#3883=AXIS2_PLACEMENT_3D('',#5174,#4298,#4299);
#3884=AXIS2_PLACEMENT_3D('',#5178,#4301,#4302);
#3885=AXIS2_PLACEMENT_3D('',#5182,#4304,#4305);
#3886=AXIS2_PLACEMENT_3D('',#5186,#4307,#4308);
#3887=AXIS2_PLACEMENT_3D('',#5190,#4310,#4311);
#3888=AXIS2_PLACEMENT_3D('',#5198,#4316,#4317);
#3889=AXIS2_PLACEMENT_3D('',#5200,#4318,#4319);
#3890=AXIS2_PLACEMENT_3D('',#5202,#4320,#4321);
#3891=AXIS2_PLACEMENT_3D('',#5204,#4322,#4323);
#3892=AXIS2_PLACEMENT_3D('',#5206,#4324,#4325);
#3893=AXIS2_PLACEMENT_3D('',#5207,#4326,#4327);
#3894=AXIS2_PLACEMENT_3D('',#5209,#4328,#4329);
#3895=AXIS2_PLACEMENT_3D('',#5211,#4330,#4331);
#3896=AXIS2_PLACEMENT_3D('',#5222,#4337,#4338);
#3897=AXIS2_PLACEMENT_3D('',#5223,#4339,#4340);
#3898=AXIS2_PLACEMENT_3D('',#5232,#4345,#4346);
#3899=AXIS2_PLACEMENT_3D('',#5233,#4347,#4348);
#3900=AXIS2_PLACEMENT_3D('',#5235,#4349,#4350);
#3901=AXIS2_PLACEMENT_3D('',#5245,#4355,#4356);
#3902=AXIS2_PLACEMENT_3D('',#5254,#4361,#4362);
#3903=AXIS2_PLACEMENT_3D('',#5255,#4363,#4364);
#3904=AXIS2_PLACEMENT_3D('',#5257,#4365,#4366);
#3905=AXIS2_PLACEMENT_3D('',#5267,#4371,#4372);
#3906=AXIS2_PLACEMENT_3D('',#5276,#4377,#4378);
#3907=AXIS2_PLACEMENT_3D('',#5280,#4380,#4381);
#3908=AXIS2_PLACEMENT_3D('',#5284,#4383,#4384);
#3909=AXIS2_PLACEMENT_3D('',#5288,#4386,#4387);
#3910=AXIS2_PLACEMENT_3D('',#5292,#4389,#4390);
#3911=AXIS2_PLACEMENT_3D('',#5296,#4392,#4393);
#3912=AXIS2_PLACEMENT_3D('',#5300,#4395,#4396);
#3913=AXIS2_PLACEMENT_3D('',#5301,#4397,#4398);
#3914=AXIS2_PLACEMENT_3D('',#5314,#4404,#4405);
#3915=AXIS2_PLACEMENT_3D('',#5317,#4407,#4408);
#3916=AXIS2_PLACEMENT_3D('',#5318,#4409,#4410);
#3917=AXIS2_PLACEMENT_3D('',#5319,#4411,#4412);
#3918=AXIS2_PLACEMENT_3D('',#5320,#4413,#4414);
#3919=AXIS2_PLACEMENT_3D('',#5321,#4415,#4416);
#3920=AXIS2_PLACEMENT_3D('',#5322,#4417,#4418);
#3921=AXIS2_PLACEMENT_3D('',#5323,#4419,#4420);
#3922=AXIS2_PLACEMENT_3D('',#5324,#4421,#4422);
#3923=AXIS2_PLACEMENT_3D('',#5330,#4426,#4427);
#3924=AXIS2_PLACEMENT_3D('',#5332,#4429,#4430);
#3925=AXIS2_PLACEMENT_3D('',#5334,#4432,#4433);
#3926=AXIS2_PLACEMENT_3D('',#5335,#4434,#4435);
#3927=AXIS2_PLACEMENT_3D('',#5339,#4438,#4439);
#3928=AXIS2_PLACEMENT_3D('',#5343,#4442,#4443);
#3929=AXIS2_PLACEMENT_3D('',#5345,#4445,#4446);
#3930=AXIS2_PLACEMENT_3D('',#5346,#4447,#4448);
#3931=AXIS2_PLACEMENT_3D('',#5347,#4449,#4450);
#3932=AXIS2_PLACEMENT_3D('',#5362,#4451,#4452);
#3933=AXIS2_PLACEMENT_3D('',#5363,#4453,#4454);
#3934=AXIS2_PLACEMENT_3D('',#5410,#4455,#4456);
#3935=AXIS2_PLACEMENT_3D('',#5411,#4457,#4458);
#3936=AXIS2_PLACEMENT_3D('',#5416,#4460,#4461);
#3937=AXIS2_PLACEMENT_3D('',#5419,#4463,#4464);
#3938=AXIS2_PLACEMENT_3D('',#5420,#4465,#4466);
#3939=AXIS2_PLACEMENT_3D('',#5425,#4468,#4469);
#3940=AXIS2_PLACEMENT_3D('',#5428,#4471,#4472);
#3941=AXIS2_PLACEMENT_3D('',#5429,#4473,#4474);
#3942=AXIS2_PLACEMENT_3D('',#5434,#4476,#4477);
#3943=AXIS2_PLACEMENT_3D('',#5437,#4479,#4480);
#3944=AXIS2_PLACEMENT_3D('',#5438,#4481,#4482);
#3945=AXIS2_PLACEMENT_3D('',#5443,#4484,#4485);
#3946=AXIS2_PLACEMENT_3D('',#5446,#4487,#4488);
#3947=AXIS2_PLACEMENT_3D('',#5452,#4492,#4493);
#3948=AXIS2_PLACEMENT_3D('',#5455,#4496,#4497);
#3949=AXIS2_PLACEMENT_3D('',#5458,#4500,#4501);
#3950=AXIS2_PLACEMENT_3D('',#5461,#4504,#4505);
#3951=AXIS2_PLACEMENT_3D('',#5464,#4508,#4509);
#3952=AXIS2_PLACEMENT_3D('',#5470,#4513,#4514);
#3953=AXIS2_PLACEMENT_3D('',#5473,#4517,#4518);
#3954=AXIS2_PLACEMENT_3D('',#5474,#4519,#4520);
#3955=AXIS2_PLACEMENT_3D('',#5475,#4521,#4522);
#3956=AXIS2_PLACEMENT_3D('',#5476,#4523,#4524);
#3957=AXIS2_PLACEMENT_3D('',#5480,#4526,#4527);
#3958=AXIS2_PLACEMENT_3D('',#5484,#4529,#4530);
#3959=AXIS2_PLACEMENT_3D('',#5485,#4531,#4532);
#3960=AXIS2_PLACEMENT_3D('',#5491,#4536,#4537);
#3961=AXIS2_PLACEMENT_3D('',#5500,#4542,#4543);
#3962=AXIS2_PLACEMENT_3D('',#5509,#4548,#4549);
#3963=AXIS2_PLACEMENT_3D('',#5518,#4554,#4555);
#3964=AXIS2_PLACEMENT_3D('',#5527,#4560,#4561);
#3965=AXIS2_PLACEMENT_3D('',#5528,#4562,#4563);
#3966=AXIS2_PLACEMENT_3D('',#5532,#4565,#4566);
#3967=AXIS2_PLACEMENT_3D('',#5533,#4567,#4568);
#3968=AXIS2_PLACEMENT_3D('',#5536,#4571,#4572);
#3969=AXIS2_PLACEMENT_3D('',#5537,#4573,#4574);
#3970=AXIS2_PLACEMENT_3D('',#5542,#4576,#4577);
#3971=AXIS2_PLACEMENT_3D('',#5546,#4579,#4580);
#3972=AXIS2_PLACEMENT_3D('',#5550,#4582,#4583);
#3973=AXIS2_PLACEMENT_3D('',#5554,#4585,#4586);
#3974=AXIS2_PLACEMENT_3D('',#5558,#4588,#4589);
#3975=AXIS2_PLACEMENT_3D('',#5561,#4591,#4592);
#3976=AXIS2_PLACEMENT_3D('',#5563,#4593,#4594);
#3977=AXIS2_PLACEMENT_3D('',#5565,#4595,#4596);
#3978=AXIS2_PLACEMENT_3D('',#5567,#4597,#4598);
#3979=AXIS2_PLACEMENT_3D('',#5569,#4599,#4600);
#3980=AXIS2_PLACEMENT_3D('',#5570,#4601,#4602);
#3981=AXIS2_PLACEMENT_3D('',#5571,#4603,#4604);
#3982=AXIS2_PLACEMENT_3D('',#5572,#4605,#4606);
#3983=AXIS2_PLACEMENT_3D('',#5573,#4607,#4608);
#3984=AXIS2_PLACEMENT_3D('',#5574,#4609,#4610);
#3985=AXIS2_PLACEMENT_3D('',#5575,#4611,#4612);
#3986=AXIS2_PLACEMENT_3D('',#5576,#4613,#4614);
#3987=AXIS2_PLACEMENT_3D('',#5577,#4615,#4616);
#3988=AXIS2_PLACEMENT_3D('',#5578,#4617,#4618);
#3989=AXIS2_PLACEMENT_3D('',#5586,#4619,#4620);
#3990=AXIS2_PLACEMENT_3D('',#5594,#4621,#4622);
#3991=AXIS2_PLACEMENT_3D('',#5595,#4623,#4624);
#3992=AXIS2_PLACEMENT_3D('',#5596,#4625,#4626);
#3993=AXIS2_PLACEMENT_3D('',#5597,#4627,#4628);
#3994=AXIS2_PLACEMENT_3D('',#5598,#4629,#4630);
#3995=AXIS2_PLACEMENT_3D('',#5599,#4631,#4632);
#3996=AXIS2_PLACEMENT_3D('',#5600,#4633,#4634);
#3997=AXIS2_PLACEMENT_3D('',#5601,#4635,#4636);
#3998=AXIS2_PLACEMENT_3D('',#5602,#4637,#4638);
#3999=AXIS2_PLACEMENT_3D('',#5603,#4639,#4640);
#4000=AXIS2_PLACEMENT_3D('',#5604,#4641,#4642);
#4001=AXIS2_PLACEMENT_3D('',#5606,#4644,#4645);
#4002=AXIS2_PLACEMENT_3D('',#5608,#4647,#4648);
#4003=AXIS2_PLACEMENT_3D('',#5610,#4650,#4651);
#4004=AXIS2_PLACEMENT_3D('',#5612,#4653,#4654);
#4005=AXIS2_PLACEMENT_3D('',#5614,#4656,#4657);
#4006=AXIS2_PLACEMENT_3D('',#5616,#4659,#4660);
#4007=AXIS2_PLACEMENT_3D('',#5618,#4662,#4663);
#4008=AXIS2_PLACEMENT_3D('',#5620,#4665,#4666);
#4009=AXIS2_PLACEMENT_3D('',#5621,#4667,#4668);
#4010=AXIS2_PLACEMENT_3D('',#5622,#4669,#4670);
#4011=AXIS2_PLACEMENT_3D('',#5623,#4671,#4672);
#4012=AXIS2_PLACEMENT_3D('',#5625,#4673,#4674);
#4013=AXIS2_PLACEMENT_3D('',#5626,#4675,#4676);
#4014=AXIS2_PLACEMENT_3D('',#5627,#4677,#4678);
#4015=AXIS2_PLACEMENT_3D('',#5628,#4679,#4680);
#4016=AXIS2_PLACEMENT_3D('',#5630,#4681,#4682);
#4017=AXIS2_PLACEMENT_3D('',#5631,#4683,#4684);
#4018=AXIS2_PLACEMENT_3D('',#5632,#4685,#4686);
#4019=AXIS2_PLACEMENT_3D('',#5633,#4687,#4688);
#4020=AXIS2_PLACEMENT_3D('',#5635,#4689,#4690);
#4021=AXIS2_PLACEMENT_3D('',#5636,#4691,#4692);
#4022=AXIS2_PLACEMENT_3D('',#5637,#4693,#4694);
#4023=AXIS2_PLACEMENT_3D('',#5638,#4695,#4696);
#4024=AXIS2_PLACEMENT_3D('',#5640,#4697,#4698);
#4025=AXIS2_PLACEMENT_3D('',#5641,#4699,#4700);
#4026=AXIS2_PLACEMENT_3D('',#5644,#4703,#4704);
#4027=AXIS2_PLACEMENT_3D('',#5646,#4706,#4707);
#4028=AXIS2_PLACEMENT_3D('',#5648,#4709,#4710);
#4029=AXIS2_PLACEMENT_3D('',#5650,#4712,#4713);
#4030=AXIS2_PLACEMENT_3D('',#5652,#4715,#4716);
#4031=AXIS2_PLACEMENT_3D('',#5654,#4718,#4719);
#4032=AXIS2_PLACEMENT_3D('',#5656,#4721,#4722);
#4033=AXIS2_PLACEMENT_3D('',#5657,#4723,#4724);
#4034=AXIS2_PLACEMENT_3D('',#5660,#4727,#4728);
#4035=AXIS2_PLACEMENT_3D('',#5662,#4730,#4731);
#4036=AXIS2_PLACEMENT_3D('',#5664,#4733,#4734);
#4037=AXIS2_PLACEMENT_3D('',#5666,#4736,#4737);
#4038=AXIS2_PLACEMENT_3D('',#5668,#4739,#4740);
#4039=AXIS2_PLACEMENT_3D('',#5670,#4742,#4743);
#4040=AXIS2_PLACEMENT_3D('',#5672,#4745,#4746);
#4041=AXIS2_PLACEMENT_3D('',#5674,#4748,#4749);
#4042=AXIS2_PLACEMENT_3D('',#5676,#4751,#4752);
#4043=AXIS2_PLACEMENT_3D('',#5678,#4754,#4755);
#4044=AXIS2_PLACEMENT_3D('',#5680,#4757,#4758);
#4045=AXIS2_PLACEMENT_3D('',#5681,#4759,#4760);
#4046=AXIS2_PLACEMENT_3D('',#5684,#4763,#4764);
#4047=AXIS2_PLACEMENT_3D('',#5686,#4766,#4767);
#4048=AXIS2_PLACEMENT_3D('',#5688,#4769,#4770);
#4049=AXIS2_PLACEMENT_3D('',#5690,#4772,#4773);
#4050=AXIS2_PLACEMENT_3D('',#5692,#4775,#4776);
#4051=AXIS2_PLACEMENT_3D('',#5694,#4778,#4779);
#4052=AXIS2_PLACEMENT_3D('',#5696,#4781,#4782);
#4053=AXIS2_PLACEMENT_3D('',#5698,#4784,#4785);
#4054=AXIS2_PLACEMENT_3D('',#5700,#4787,#4788);
#4055=AXIS2_PLACEMENT_3D('',#5702,#4790,#4791);
#4056=AXIS2_PLACEMENT_3D('',#5704,#4793,#4794);
#4057=AXIS2_PLACEMENT_3D('',#5705,#4795,#4796);
#4058=AXIS2_PLACEMENT_3D('',#5707,#4798,#4799);
#4059=AXIS2_PLACEMENT_3D('',#5709,#4801,#4802);
#4060=AXIS2_PLACEMENT_3D('',#5711,#4804,#4805);
#4061=AXIS2_PLACEMENT_3D('',#5713,#4807,#4808);
#4062=AXIS2_PLACEMENT_3D('',#5715,#4810,#4811);
#4063=AXIS2_PLACEMENT_3D('',#5717,#4813,#4814);
#4064=AXIS2_PLACEMENT_3D('',#5719,#4816,#4817);
#4065=AXIS2_PLACEMENT_3D('',#5721,#4819,#4820);
#4066=AXIS2_PLACEMENT_3D('',#5723,#4822,#4823);
#4067=AXIS2_PLACEMENT_3D('',#5725,#4825,#4826);
#4068=AXIS2_PLACEMENT_3D('',#5727,#4828,#4829);
#4069=AXIS2_PLACEMENT_3D('',#5729,#4831,#4832);
#4070=AXIS2_PLACEMENT_3D('',#5730,#4833,#4834);
#4071=AXIS2_PLACEMENT_3D('',#5732,#4836,#4837);
#4072=AXIS2_PLACEMENT_3D('',#5734,#4839,#4840);
#4073=AXIS2_PLACEMENT_3D('',#5736,#4842,#4843);
#4074=AXIS2_PLACEMENT_3D('',#5738,#4845,#4846);
#4075=AXIS2_PLACEMENT_3D('',#5740,#4848,#4849);
#4076=AXIS2_PLACEMENT_3D('',#5742,#4851,#4852);
#4077=AXIS2_PLACEMENT_3D('',#5744,#4854,#4855);
#4078=AXIS2_PLACEMENT_3D('',#5746,#4857,#4858);
#4079=AXIS2_PLACEMENT_3D('',#5748,#4860,#4861);
#4080=AXIS2_PLACEMENT_3D('',#5750,#4863,#4864);
#4081=AXIS2_PLACEMENT_3D('',#5752,#4866,#4867);
#4082=AXIS2_PLACEMENT_3D('',#5754,#4869,#4870);
#4083=DIRECTION('',(0.,0.,1.));
#4084=DIRECTION('',(1.,0.,0.));
#4085=DIRECTION('',(0.,0.,-1.));
#4086=DIRECTION('',(-1.,0.,0.));
#4087=DIRECTION('',(0.,0.,-1.));
#4088=DIRECTION('',(-1.,0.,0.));
#4089=DIRECTION('',(0.,0.,-1.));
#4090=DIRECTION('',(0.,0.,-1.));
#4091=DIRECTION('',(-1.,0.,0.));
#4092=DIRECTION('',(0.,0.,-1.));
#4093=DIRECTION('',(0.,0.,-1.));
#4094=DIRECTION('',(-1.,0.,0.));
#4095=DIRECTION('',(0.,0.,-1.));
#4096=DIRECTION('',(1.,0.,0.));
#4097=DIRECTION('',(0.,0.,-1.));
#4098=DIRECTION('',(0.,0.,-1.));
#4099=DIRECTION('',(1.,0.,0.));
#4100=DIRECTION('',(0.,0.,-1.));
#4101=DIRECTION('',(2.31296463463574E-16,-1.,0.));
#4102=DIRECTION('',(1.,2.31296463463574E-16,0.));
#4103=DIRECTION('',(2.31296463463574E-16,-1.,0.));
#4104=DIRECTION('',(1.,2.31296463463574E-16,0.));
#4105=DIRECTION('',(2.31296463463574E-16,-1.,0.));
#4106=DIRECTION('',(1.,2.31296463463574E-16,0.));
#4107=DIRECTION('',(2.31296463463574E-16,-1.,0.));
#4108=DIRECTION('',(1.,2.31296463463574E-16,0.));
#4109=DIRECTION('',(0.,0.,1.));
#4110=DIRECTION('',(-1.,-2.31296463463574E-16,0.));
#4111=DIRECTION('',(0.,0.,1.));
#4112=DIRECTION('',(1.,2.31296463463574E-16,0.));
#4113=DIRECTION('',(0.,0.,1.));
#4114=DIRECTION('',(2.31296463463574E-16,-1.,0.));
#4115=DIRECTION('',(1.,2.31296463463574E-16,0.));
#4116=DIRECTION('',(1.55930200087803E-16,3.60661038274763E-32,-1.));
#4117=DIRECTION('',(1.,2.31296463463574E-16,0.));
#4118=DIRECTION('',(-0.496138938356834,-0.868243142124459,0.));
#4119=DIRECTION('',(0.868243142124459,-0.496138938356834,0.));
#4120=DIRECTION('',(0.,0.,1.));
#4121=DIRECTION('',(-0.868243142124459,0.496138938356834,0.));
#4122=DIRECTION('',(0.,0.,1.));
#4123=DIRECTION('',(0.868243142124459,-0.496138938356834,0.));
#4124=DIRECTION('',(-1.,0.,0.));
#4125=DIRECTION('',(0.,0.,1.));
#4126=DIRECTION('',(0.,0.,1.));
#4127=DIRECTION('',(0.,1.,0.));
#4128=DIRECTION('',(0.,0.,1.));
#4129=DIRECTION('',(0.,-1.,0.));
#4130=DIRECTION('',(1.,0.,0.));
#4131=DIRECTION('',(0.,0.,-1.));
#4132=DIRECTION('',(0.,0.,1.));
#4133=DIRECTION('',(0.,-1.,0.));
#4134=DIRECTION('',(0.,0.,1.));
#4135=DIRECTION('',(0.,1.,0.));
#4136=DIRECTION('',(0.,1.,0.));
#4137=DIRECTION('',(0.,0.,1.));
#4138=DIRECTION('',(0.,0.,1.));
#4139=DIRECTION('',(1.,0.,0.));
#4140=DIRECTION('',(0.,0.,1.));
#4141=DIRECTION('',(-1.,0.,0.));
#4142=DIRECTION('',(0.496138938356834,-0.868243142124459,0.));
#4143=DIRECTION('',(0.868243142124459,0.496138938356834,0.));
#4144=DIRECTION('',(0.,0.,1.));
#4145=DIRECTION('',(-0.868243142124459,-0.496138938356834,0.));
#4146=DIRECTION('',(0.,0.,1.));
#4147=DIRECTION('',(0.868243142124459,0.496138938356834,0.));
#4148=DIRECTION('',(0.,0.,-1.));
#4149=DIRECTION('',(-1.,0.,0.));
#4150=DIRECTION('',(0.,0.,1.));
#4151=DIRECTION('',(1.,0.,0.));
#4152=DIRECTION('',(0.,0.,-1.));
#4153=DIRECTION('',(0.,0.,1.));
#4154=DIRECTION('',(0.,0.,1.));
#4155=DIRECTION('',(1.,0.,0.));
#4156=DIRECTION('',(0.,0.,-1.));
#4157=DIRECTION('',(-1.,0.,0.));
#4158=DIRECTION('',(0.,0.,1.));
#4159=DIRECTION('',(1.,0.,0.));
#4160=DIRECTION('',(0.,0.,1.));
#4161=DIRECTION('',(1.,0.,0.));
#4162=DIRECTION('',(0.,0.,1.));
#4163=DIRECTION('',(0.,0.,1.));
#4164=DIRECTION('',(0.,0.,1.));
#4165=DIRECTION('',(1.,0.,0.));
#4166=DIRECTION('',(0.,0.,1.));
#4167=DIRECTION('',(1.,0.,0.));
#4168=DIRECTION('',(0.,0.,1.));
#4169=DIRECTION('',(1.,0.,0.));
#4170=DIRECTION('',(0.,0.,1.));
#4171=DIRECTION('',(1.,0.,0.));
#4172=DIRECTION('',(0.,0.,1.));
#4173=DIRECTION('',(1.,0.,0.));
#4174=DIRECTION('',(0.,0.,1.));
#4175=DIRECTION('',(1.,0.,0.));
#4176=DIRECTION('',(0.,0.,1.));
#4177=DIRECTION('',(1.,0.,0.));
#4178=DIRECTION('',(0.,0.,1.));
#4179=DIRECTION('',(1.,0.,0.));
#4180=DIRECTION('',(0.,0.,1.));
#4181=DIRECTION('',(1.,0.,0.));
#4182=DIRECTION('',(0.,0.,1.));
#4183=DIRECTION('',(1.,0.,0.));
#4184=DIRECTION('',(0.,0.,1.));
#4185=DIRECTION('',(1.,0.,0.));
#4186=DIRECTION('',(0.,0.,1.));
#4187=DIRECTION('',(1.,0.,0.));
#4188=DIRECTION('',(-0.496138938356834,-0.868243142124459,0.));
#4189=DIRECTION('',(0.868243142124459,-0.496138938356834,0.));
#4190=DIRECTION('',(0.868243142124459,-0.496138938356834,0.));
#4191=DIRECTION('',(0.,0.,1.));
#4192=DIRECTION('',(-0.86824314212446,0.496138938356833,0.));
#4193=DIRECTION('',(-1.,0.,0.));
#4194=DIRECTION('',(0.,0.,1.));
#4195=DIRECTION('',(0.,0.,1.));
#4196=DIRECTION('',(0.,-1.,0.));
#4197=DIRECTION('',(0.,0.,1.));
#4198=DIRECTION('',(0.,1.,0.));
#4199=DIRECTION('',(1.,0.,0.));
#4200=DIRECTION('',(0.,0.,-1.));
#4201=DIRECTION('',(0.,0.,1.));
#4202=DIRECTION('',(0.,1.,0.));
#4203=DIRECTION('',(0.,0.,1.));
#4204=DIRECTION('',(5.68905743718527E-16,-1.,0.));
#4205=DIRECTION('',(0.,1.,0.));
#4206=DIRECTION('',(0.,0.,1.));
#4207=DIRECTION('',(0.,0.,1.));
#4208=DIRECTION('',(-1.,0.,0.));
#4209=DIRECTION('',(0.,0.,1.));
#4210=DIRECTION('',(1.,0.,0.));
#4211=DIRECTION('',(0.496138938356834,-0.868243142124459,0.));
#4212=DIRECTION('',(0.868243142124459,0.496138938356834,0.));
#4213=DIRECTION('',(0.,0.,1.));
#4214=DIRECTION('',(0.868243142124459,0.496138938356834,0.));
#4215=DIRECTION('',(-0.868243142124459,-0.496138938356833,0.));
#4216=DIRECTION('',(0.,0.,1.));
#4217=DIRECTION('',(1.,0.,0.));
#4218=DIRECTION('',(0.,0.,1.));
#4219=DIRECTION('',(1.,0.,0.));
#4220=DIRECTION('',(0.,0.,1.));
#4221=DIRECTION('',(1.,0.,0.));
#4222=DIRECTION('',(0.,0.,1.));
#4223=DIRECTION('',(1.,0.,0.));
#4224=DIRECTION('',(0.,0.,1.));
#4225=DIRECTION('',(1.,0.,0.));
#4226=DIRECTION('',(0.,0.,1.));
#4227=DIRECTION('',(1.,0.,0.));
#4228=DIRECTION('',(0.,0.,1.));
#4229=DIRECTION('',(1.,0.,0.));
#4230=DIRECTION('',(0.,0.,1.));
#4231=DIRECTION('',(1.,0.,0.));
#4232=DIRECTION('',(0.,0.,1.));
#4233=DIRECTION('',(-1.,0.,0.));
#4234=DIRECTION('',(0.,0.,1.));
#4235=DIRECTION('',(1.,0.,0.));
#4236=DIRECTION('',(0.,0.,1.));
#4237=DIRECTION('',(1.,0.,0.));
#4238=DIRECTION('',(0.,0.,1.));
#4239=DIRECTION('',(-1.,0.,0.));
#4240=DIRECTION('',(-1.,0.,0.));
#4241=DIRECTION('',(0.,0.,-1.));
#4242=DIRECTION('',(1.,0.,0.));
#4243=DIRECTION('',(0.,0.,-1.));
#4244=DIRECTION('',(-1.,0.,0.));
#4245=DIRECTION('',(0.,0.,-1.));
#4246=DIRECTION('',(1.,0.,0.));
#4247=DIRECTION('',(0.,0.,-1.));
#4248=DIRECTION('',(-1.,0.,-1.55930200087803E-16));
#4249=DIRECTION('',(-1.55930200087803E-16,0.,1.));
#4250=DIRECTION('',(0.,-1.,0.));
#4251=DIRECTION('',(-1.1025930187386E-16,-0.70710678118655,0.707106781186545));
#4252=DIRECTION('',(0.,-1.,0.));
#4253=DIRECTION('',(1.55930200087803E-16,3.60661038274763E-32,-1.));
#4254=DIRECTION('',(-1.10259301873862E-16,0.70710678118654,0.707106781186555));
#4255=DIRECTION('',(0.,-1.,0.));
#4256=DIRECTION('',(-1.55930200087803E-16,0.,1.));
#4257=DIRECTION('',(0.,1.,0.));
#4258=DIRECTION('',(1.55930200087803E-16,0.,-1.));
#4259=DIRECTION('',(1.,0.,0.));
#4260=DIRECTION('',(0.,0.,-1.));
#4261=DIRECTION('',(0.,0.70710678118655,-0.707106781186545));
#4262=DIRECTION('',(0.,-1.,0.));
#4263=DIRECTION('',(0.,0.,1.));
#4264=DIRECTION('',(0.,-1.,0.));
#4265=DIRECTION('',(0.,0.,-1.));
#4266=DIRECTION('',(0.,-1.,0.));
#4267=DIRECTION('',(0.,-0.70710678118654,-0.707106781186555));
#4268=DIRECTION('',(0.,0.,1.));
#4269=DIRECTION('',(0.,-1.,0.));
#4270=DIRECTION('',(0.,0.,1.));
#4271=DIRECTION('',(1.,0.,0.));
#4272=DIRECTION('',(-1.,-2.31296463463574E-16,0.));
#4273=DIRECTION('',(0.,0.,1.));
#4274=DIRECTION('',(1.,0.,0.));
#4275=DIRECTION('',(-0.868243142124459,-0.496138938356834,0.));
#4276=DIRECTION('',(0.,0.,1.));
#4277=DIRECTION('',(1.,0.,0.));
#4278=DIRECTION('',(0.,-1.,0.));
#4279=DIRECTION('',(0.,0.,1.));
#4280=DIRECTION('',(1.,0.,0.));
#4281=DIRECTION('',(1.,0.,0.));
#4282=DIRECTION('',(0.,0.,1.));
#4283=DIRECTION('',(1.,0.,0.));
#4284=DIRECTION('',(0.,1.,0.));
#4285=DIRECTION('',(0.,0.,1.));
#4286=DIRECTION('',(1.,0.,0.));
#4287=DIRECTION('',(-0.868243142124459,0.496138938356834,0.));
#4288=DIRECTION('',(0.,0.,1.));
#4289=DIRECTION('',(1.,0.,0.));
#4290=DIRECTION('',(-1.,-2.31296463463574E-16,0.));
#4291=DIRECTION('',(1.,0.,0.));
#4292=DIRECTION('',(0.,1.,0.));
#4293=DIRECTION('',(-1.,0.,0.));
#4294=DIRECTION('',(1.,2.31296463463574E-16,0.));
#4295=DIRECTION('',(0.,0.,1.));
#4296=DIRECTION('',(1.,0.,0.));
#4297=DIRECTION('',(0.868243142124459,-0.496138938356834,0.));
#4298=DIRECTION('',(0.,0.,1.));
#4299=DIRECTION('',(1.,0.,0.));
#4300=DIRECTION('',(0.,-1.,0.));
#4301=DIRECTION('',(0.,0.,1.));
#4302=DIRECTION('',(1.,0.,0.));
#4303=DIRECTION('',(-1.,0.,0.));
#4304=DIRECTION('',(0.,0.,1.));
#4305=DIRECTION('',(1.,0.,0.));
#4306=DIRECTION('',(0.,1.,0.));
#4307=DIRECTION('',(0.,0.,1.));
#4308=DIRECTION('',(1.,0.,0.));
#4309=DIRECTION('',(0.868243142124459,0.496138938356834,0.));
#4310=DIRECTION('',(0.,0.,1.));
#4311=DIRECTION('',(1.,0.,0.));
#4312=DIRECTION('',(1.,2.31296463463574E-16,0.));
#4313=DIRECTION('',(-1.,0.,0.));
#4314=DIRECTION('',(0.,-1.,0.));
#4315=DIRECTION('',(1.,0.,0.));
#4316=DIRECTION('',(0.,0.,1.));
#4317=DIRECTION('',(1.,0.,0.));
#4318=DIRECTION('',(0.,0.,1.));
#4319=DIRECTION('',(1.,0.,0.));
#4320=DIRECTION('',(0.,0.,1.));
#4321=DIRECTION('',(1.,0.,0.));
#4322=DIRECTION('',(0.,0.,1.));
#4323=DIRECTION('',(1.,0.,0.));
#4324=DIRECTION('',(2.31296463463574E-16,-1.,0.));
#4325=DIRECTION('',(1.,2.31296463463574E-16,0.));
#4326=DIRECTION('',(3.21821441965603E-16,-1.,0.));
#4327=DIRECTION('',(-1.,-3.21821441965603E-16,0.));
#4328=DIRECTION('',(3.21821441965603E-16,-1.,0.));
#4329=DIRECTION('',(-1.,-3.21821441965603E-16,0.));
#4330=DIRECTION('',(3.21821441965603E-16,-1.,0.));
#4331=DIRECTION('',(-1.,-3.21821441965603E-16,0.));
#4332=DIRECTION('',(-1.,-2.31296463463574E-16,0.));
#4333=DIRECTION('',(0.,0.,-1.));
#4334=DIRECTION('',(1.,2.31296463463574E-16,0.));
#4335=DIRECTION('',(0.,0.,-1.));
#4336=DIRECTION('',(-1.,-2.31296463463574E-16,0.));
#4337=DIRECTION('',(2.31296463463574E-16,-1.,0.));
#4338=DIRECTION('',(1.,2.31296463463574E-16,0.));
#4339=DIRECTION('',(0.496138938356834,-0.868243142124459,0.));
#4340=DIRECTION('',(0.868243142124459,0.496138938356834,0.));
#4341=DIRECTION('',(0.,0.,-1.));
#4342=DIRECTION('',(-0.868243142124459,-0.496138938356834,0.));
#4343=DIRECTION('',(0.,0.,-1.));
#4344=DIRECTION('',(0.868243142124459,0.496138938356834,0.));
#4345=DIRECTION('',(1.,0.,0.));
#4346=DIRECTION('',(0.,0.,-1.));
#4347=DIRECTION('',(1.,0.,0.));
#4348=DIRECTION('',(0.,0.,-1.));
#4349=DIRECTION('',(1.,0.,0.));
#4350=DIRECTION('',(0.,0.,-1.));
#4351=DIRECTION('',(0.,0.,-1.));
#4352=DIRECTION('',(0.,-1.,0.));
#4353=DIRECTION('',(0.,0.,-1.));
#4354=DIRECTION('',(0.,1.,0.));
#4355=DIRECTION('',(0.,1.,0.));
#4356=DIRECTION('',(0.,0.,1.));
#4357=DIRECTION('',(0.,0.,-1.));
#4358=DIRECTION('',(1.,0.,0.));
#4359=DIRECTION('',(0.,0.,-1.));
#4360=DIRECTION('',(-1.,0.,0.));
#4361=DIRECTION('',(-1.,0.,0.));
#4362=DIRECTION('',(0.,0.,1.));
#4363=DIRECTION('',(-1.,0.,0.));
#4364=DIRECTION('',(0.,0.,-1.));
#4365=DIRECTION('',(-1.,0.,0.));
#4366=DIRECTION('',(0.,0.,-1.));
#4367=DIRECTION('',(0.,0.,-1.));
#4368=DIRECTION('',(0.,1.,0.));
#4369=DIRECTION('',(0.,0.,-1.));
#4370=DIRECTION('',(0.,-1.,0.));
#4371=DIRECTION('',(-0.496138938356834,-0.868243142124459,0.));
#4372=DIRECTION('',(0.868243142124459,-0.496138938356834,0.));
#4373=DIRECTION('',(0.,0.,-1.));
#4374=DIRECTION('',(-0.868243142124459,0.496138938356834,0.));
#4375=DIRECTION('',(0.,0.,-1.));
#4376=DIRECTION('',(0.868243142124459,-0.496138938356834,0.));
#4377=DIRECTION('',(0.,0.,1.));
#4378=DIRECTION('',(1.,0.,0.));
#4379=DIRECTION('',(0.,1.,0.));
#4380=DIRECTION('',(0.,0.,1.));
#4381=DIRECTION('',(1.,0.,0.));
#4382=DIRECTION('',(0.868243142124459,0.496138938356834,0.));
#4383=DIRECTION('',(0.,0.,1.));
#4384=DIRECTION('',(1.,0.,0.));
#4385=DIRECTION('',(1.,0.,0.));
#4386=DIRECTION('',(0.,0.,1.));
#4387=DIRECTION('',(1.,0.,0.));
#4388=DIRECTION('',(0.868243142124459,-0.496138938356834,0.));
#4389=DIRECTION('',(0.,0.,1.));
#4390=DIRECTION('',(1.,0.,0.));
#4391=DIRECTION('',(0.,-1.,0.));
#4392=DIRECTION('',(0.,0.,1.));
#4393=DIRECTION('',(1.,0.,0.));
#4394=DIRECTION('',(-1.,0.,0.));
#4395=DIRECTION('',(0.,0.,1.));
#4396=DIRECTION('',(1.,0.,0.));
#4397=DIRECTION('',(0.,0.,1.));
#4398=DIRECTION('',(1.,0.,0.));
#4399=DIRECTION('',(-0.868243142124459,-0.496138938356834,0.));
#4400=DIRECTION('',(0.,-1.,0.));
#4401=DIRECTION('',(1.,0.,0.));
#4402=DIRECTION('',(0.,1.,0.));
#4403=DIRECTION('',(-0.868243142124459,0.496138938356834,0.));
#4404=DIRECTION('',(0.,0.,1.));
#4405=DIRECTION('',(1.,0.,0.));
#4406=DIRECTION('',(-1.,-2.31296463463574E-16,0.));
#4407=DIRECTION('',(0.,0.,-1.));
#4408=DIRECTION('',(-1.,0.,0.));
#4409=DIRECTION('',(0.,0.,1.));
#4410=DIRECTION('',(1.,0.,0.));
#4411=DIRECTION('',(0.,0.,1.));
#4412=DIRECTION('',(1.,0.,0.));
#4413=DIRECTION('',(0.,0.,-1.));
#4414=DIRECTION('',(-1.,0.,0.));
#4415=DIRECTION('',(0.,0.,1.));
#4416=DIRECTION('',(1.,0.,0.));
#4417=DIRECTION('',(0.,0.,1.));
#4418=DIRECTION('',(1.,0.,0.));
#4419=DIRECTION('',(0.,-1.,0.));
#4420=DIRECTION('',(0.,0.,-1.));
#4421=DIRECTION('',(0.,0.,1.));
#4422=DIRECTION('',(1.,0.,0.));
#4423=DIRECTION('',(1.,0.,0.));
#4424=DIRECTION('',(0.,-1.,0.));
#4425=DIRECTION('',(-1.,0.,0.));
#4426=DIRECTION('',(0.,1.,0.));
#4427=DIRECTION('',(0.,0.,1.));
#4428=DIRECTION('',(0.,0.,-1.));
#4429=DIRECTION('',(0.,-1.,0.));
#4430=DIRECTION('',(0.,0.,-1.));
#4431=DIRECTION('',(0.,0.,-1.));
#4432=DIRECTION('',(1.,0.,0.));
#4433=DIRECTION('',(0.,0.,-1.));
#4434=DIRECTION('',(0.,-1.,0.));
#4435=DIRECTION('',(0.,0.,-1.));
#4436=DIRECTION('',(0.,0.,-1.));
#4437=DIRECTION('',(-1.,0.,0.));
#4438=DIRECTION('',(0.,1.,0.));
#4439=DIRECTION('',(0.,0.,1.));
#4440=DIRECTION('',(1.,0.,0.));
#4441=DIRECTION('',(0.,0.,-1.));
#4442=DIRECTION('',(0.,0.,1.));
#4443=DIRECTION('',(1.,0.,0.));
#4444=DIRECTION('',(0.,1.,0.));
#4445=DIRECTION('',(-1.,0.,0.));
#4446=DIRECTION('',(0.,0.,1.));
#4447=DIRECTION('',(-1.,0.,0.));
#4448=DIRECTION('',(0.,0.,-1.));
#4449=DIRECTION('',(-1.,0.,0.));
#4450=DIRECTION('',(0.,0.,-1.));
#4451=DIRECTION('',(-1.,0.,0.));
#4452=DIRECTION('',(0.,0.,-1.));
#4453=DIRECTION('',(-1.,0.,0.));
#4454=DIRECTION('',(0.,0.,-1.));
#4455=DIRECTION('',(0.,0.,-1.));
#4456=DIRECTION('',(-1.,0.,0.));
#4457=DIRECTION('',(0.,0.,-1.));
#4458=DIRECTION('',(1.,0.,0.));
#4459=DIRECTION('',(0.,0.,-1.));
#4460=DIRECTION('',(0.,0.,-1.));
#4461=DIRECTION('',(1.,0.,0.));
#4462=DIRECTION('',(0.,0.,-1.));
#4463=DIRECTION('',(0.,0.,-1.));
#4464=DIRECTION('',(-1.,0.,0.));
#4465=DIRECTION('',(0.,0.,-1.));
#4466=DIRECTION('',(-1.,0.,0.));
#4467=DIRECTION('',(0.,0.,-1.));
#4468=DIRECTION('',(0.,0.,-1.));
#4469=DIRECTION('',(-1.,0.,0.));
#4470=DIRECTION('',(0.,0.,-1.));
#4471=DIRECTION('',(0.,0.,-1.));
#4472=DIRECTION('',(-1.,0.,0.));
#4473=DIRECTION('',(0.,0.,-1.));
#4474=DIRECTION('',(1.,0.,0.));
#4475=DIRECTION('',(0.,0.,-1.));
#4476=DIRECTION('',(0.,0.,-1.));
#4477=DIRECTION('',(1.,0.,0.));
#4478=DIRECTION('',(0.,0.,-1.));
#4479=DIRECTION('',(0.,0.,-1.));
#4480=DIRECTION('',(-1.,0.,0.));
#4481=DIRECTION('',(0.,0.,-1.));
#4482=DIRECTION('',(1.,0.,0.));
#4483=DIRECTION('',(0.,0.,-1.));
#4484=DIRECTION('',(0.,0.,-1.));
#4485=DIRECTION('',(1.,0.,0.));
#4486=DIRECTION('',(0.,0.,-1.));
#4487=DIRECTION('',(-0.868243142124458,0.496138938356836,0.));
#4488=DIRECTION('',(-0.496138938356836,-0.868243142124458,0.));
#4489=DIRECTION('',(0.496138938356836,0.868243142124458,0.));
#4490=DIRECTION('',(0.,0.,-1.));
#4491=DIRECTION('',(-0.350823207722812,-0.613940613514918,0.70710678118655));
#4492=DIRECTION('',(0.496138938356833,0.86824314212446,0.));
#4493=DIRECTION('',(-0.86824314212446,0.496138938356833,0.));
#4494=DIRECTION('',(0.86824314212446,-0.496138938356833,0.));
#4495=DIRECTION('',(0.86824314212446,-0.496138938356833,0.));
#4496=DIRECTION('',(1.,2.84452871859264E-16,0.));
#4497=DIRECTION('',(-2.84452871859264E-16,1.,0.));
#4498=DIRECTION('',(2.84452871859264E-16,-1.,0.));
#4499=DIRECTION('',(2.84452871859264E-16,-1.,0.));
#4500=DIRECTION('',(0.,-1.,0.));
#4501=DIRECTION('',(0.,0.,-1.));
#4502=DIRECTION('',(-1.,0.,0.));
#4503=DIRECTION('',(-1.,0.,0.));
#4504=DIRECTION('',(-1.,-5.68905743718528E-16,0.));
#4505=DIRECTION('',(5.68905743718528E-16,-1.,0.));
#4506=DIRECTION('',(-5.68905743718528E-16,1.,0.));
#4507=DIRECTION('',(-5.68905743718528E-16,1.,0.));
#4508=DIRECTION('',(-0.496138938356834,0.868243142124459,0.));
#4509=DIRECTION('',(-0.868243142124459,-0.496138938356834,0.));
#4510=DIRECTION('',(0.868243142124459,0.496138938356834,0.));
#4511=DIRECTION('',(0.,0.,-1.));
#4512=DIRECTION('',(0.868243142124459,0.496138938356834,0.));
#4513=DIRECTION('',(0.86824314212446,0.496138938356833,0.));
#4514=DIRECTION('',(-0.496138938356833,0.86824314212446,0.));
#4515=DIRECTION('',(0.496138938356833,-0.86824314212446,0.));
#4516=DIRECTION('',(-0.350823207722811,0.613940613514919,-0.707106781186549));
#4517=DIRECTION('',(0.,0.,1.));
#4518=DIRECTION('',(1.,0.,0.));
#4519=DIRECTION('',(0.,0.,1.));
#4520=DIRECTION('',(1.,0.,0.));
#4521=DIRECTION('',(0.,0.,1.));
#4522=DIRECTION('',(1.,0.,0.));
#4523=DIRECTION('',(0.,0.,1.));
#4524=DIRECTION('',(1.,0.,0.));
#4525=DIRECTION('',(0.,0.,1.));
#4526=DIRECTION('',(0.,0.,1.));
#4527=DIRECTION('',(1.,0.,0.));
#4528=DIRECTION('',(0.,0.,1.));
#4529=DIRECTION('',(0.,0.,1.));
#4530=DIRECTION('',(1.,0.,0.));
#4531=DIRECTION('',(-0.496138938356834,0.868243142124459,0.));
#4532=DIRECTION('',(-0.868243142124459,-0.496138938356834,0.));
#4533=DIRECTION('',(-0.868243142124459,-0.496138938356834,0.));
#4534=DIRECTION('',(0.,0.,1.));
#4535=DIRECTION('',(-0.868243142124459,-0.496138938356834,0.));
#4536=DIRECTION('',(-1.,0.,0.));
#4537=DIRECTION('',(0.,0.,1.));
#4538=DIRECTION('',(0.,0.,1.));
#4539=DIRECTION('',(0.,-1.,0.));
#4540=DIRECTION('',(0.,0.,1.));
#4541=DIRECTION('',(0.,-1.,0.));
#4542=DIRECTION('',(0.,-1.,0.));
#4543=DIRECTION('',(0.,0.,-1.));
#4544=DIRECTION('',(0.,0.,1.));
#4545=DIRECTION('',(1.,0.,0.));
#4546=DIRECTION('',(0.,0.,1.));
#4547=DIRECTION('',(1.,0.,0.));
#4548=DIRECTION('',(1.,0.,0.));
#4549=DIRECTION('',(0.,0.,-1.));
#4550=DIRECTION('',(0.,0.,1.));
#4551=DIRECTION('',(0.,1.,0.));
#4552=DIRECTION('',(0.,0.,1.));
#4553=DIRECTION('',(0.,1.,0.));
#4554=DIRECTION('',(0.496138938356834,0.868243142124459,0.));
#4555=DIRECTION('',(-0.868243142124459,0.496138938356834,0.));
#4556=DIRECTION('',(0.,0.,1.));
#4557=DIRECTION('',(-0.868243142124459,0.496138938356834,0.));
#4558=DIRECTION('',(0.,0.,1.));
#4559=DIRECTION('',(-0.868243142124459,0.496138938356834,0.));
#4560=DIRECTION('',(0.,0.,1.));
#4561=DIRECTION('',(1.,0.,0.));
#4562=DIRECTION('',(0.,0.,1.));
#4563=DIRECTION('',(1.,0.,0.));
#4564=DIRECTION('',(0.,0.,1.));
#4565=DIRECTION('',(0.,0.,1.));
#4566=DIRECTION('',(1.,0.,0.));
#4567=DIRECTION('',(0.,1.,0.));
#4568=DIRECTION('',(0.,0.,1.));
#4569=DIRECTION('',(-1.,0.,0.));
#4570=DIRECTION('',(-1.,0.,0.));
#4571=DIRECTION('',(0.,0.,1.));
#4572=DIRECTION('',(1.,0.,0.));
#4573=DIRECTION('',(0.,0.,1.));
#4574=DIRECTION('',(1.,0.,0.));
#4575=DIRECTION('',(0.868243142124459,0.496138938356834,0.));
#4576=DIRECTION('',(0.,0.,1.));
#4577=DIRECTION('',(1.,0.,0.));
#4578=DIRECTION('',(1.,2.31296463463574E-16,0.));
#4579=DIRECTION('',(0.,0.,1.));
#4580=DIRECTION('',(1.,0.,0.));
#4581=DIRECTION('',(0.868243142124459,-0.496138938356834,0.));
#4582=DIRECTION('',(0.,0.,1.));
#4583=DIRECTION('',(1.,0.,0.));
#4584=DIRECTION('',(0.,-1.,0.));
#4585=DIRECTION('',(0.,0.,1.));
#4586=DIRECTION('',(1.,0.,0.));
#4587=DIRECTION('',(-1.,0.,0.));
#4588=DIRECTION('',(0.,0.,1.));
#4589=DIRECTION('',(1.,0.,0.));
#4590=DIRECTION('',(0.,1.,0.));
#4591=DIRECTION('',(0.,0.,1.));
#4592=DIRECTION('',(1.,0.,0.));
#4593=DIRECTION('',(0.,0.,1.));
#4594=DIRECTION('',(1.,0.,0.));
#4595=DIRECTION('',(0.,0.,1.));
#4596=DIRECTION('',(1.,0.,0.));
#4597=DIRECTION('',(0.,0.,1.));
#4598=DIRECTION('',(1.,0.,0.));
#4599=DIRECTION('',(0.,0.,1.));
#4600=DIRECTION('',(1.,0.,0.));
#4601=DIRECTION('',(0.,0.,1.));
#4602=DIRECTION('',(1.,0.,0.));
#4603=DIRECTION('',(0.,0.,1.));
#4604=DIRECTION('',(1.,0.,0.));
#4605=DIRECTION('',(0.,0.,1.));
#4606=DIRECTION('',(1.,0.,0.));
#4607=DIRECTION('',(-3.90799025546521E-16,1.,0.));
#4608=DIRECTION('',(-1.,-3.90799025546521E-16,0.));
#4609=DIRECTION('',(-3.90799025546521E-16,1.,0.));
#4610=DIRECTION('',(-1.,-3.90799025546521E-16,0.));
#4611=DIRECTION('',(-3.90799025546521E-16,1.,0.));
#4612=DIRECTION('',(-1.,-3.90799025546521E-16,0.));
#4613=DIRECTION('',(0.,0.,-1.));
#4614=DIRECTION('',(0.,-1.,0.));
#4615=DIRECTION('',(0.,0.,-1.));
#4616=DIRECTION('',(0.,-1.,0.));
#4617=DIRECTION('',(0.,0.,-1.));
#4618=DIRECTION('',(0.,-1.,0.));
#4619=DIRECTION('',(0.,0.,-1.));
#4620=DIRECTION('',(0.,-1.,0.));
#4621=DIRECTION('',(0.,0.,-1.));
#4622=DIRECTION('',(0.,-1.,0.));
#4623=DIRECTION('',(0.,0.,-1.));
#4624=DIRECTION('',(0.,-1.,0.));
#4625=DIRECTION('',(0.,0.,-1.));
#4626=DIRECTION('',(-1.,0.,0.));
#4627=DIRECTION('',(0.,0.,1.));
#4628=DIRECTION('',(1.,0.,0.));
#4629=DIRECTION('',(0.,0.,-1.));
#4630=DIRECTION('',(-1.,0.,0.));
#4631=DIRECTION('',(0.,0.,1.));
#4632=DIRECTION('',(1.,0.,0.));
#4633=DIRECTION('',(0.,0.,-1.));
#4634=DIRECTION('',(-1.,0.,0.));
#4635=DIRECTION('',(0.,0.,1.));
#4636=DIRECTION('',(1.,0.,0.));
#4637=DIRECTION('',(0.,0.,-1.));
#4638=DIRECTION('',(-1.,0.,0.));
#4639=DIRECTION('',(0.,0.,1.));
#4640=DIRECTION('',(1.,0.,0.));
#4641=DIRECTION('',(0.350823207722812,-0.613940613514922,-0.707106781186546));
#4642=DIRECTION('',(0.868243142124459,0.496138938356834,0.));
#4643=DIRECTION('',(0.35082320772281,-0.613940613514922,0.707106781186547));
#4644=DIRECTION('',(0.,0.,-1.));
#4645=DIRECTION('',(-1.,0.,0.));
#4646=DIRECTION('',(0.707106781186547,0.,0.707106781186548));
#4647=DIRECTION('',(0.707106781186548,0.,-0.707106781186547));
#4648=DIRECTION('',(0.,1.,0.));
#4649=DIRECTION('',(0.707106781186547,0.,0.707106781186548));
#4650=DIRECTION('',(0.,0.,-1.));
#4651=DIRECTION('',(-1.,0.,0.));
#4652=DIRECTION('',(0.,0.707106781186546,0.707106781186549));
#4653=DIRECTION('',(0.,0.707106781186548,-0.707106781186547));
#4654=DIRECTION('',(-1.,0.,0.));
#4655=DIRECTION('',(0.,0.707106781186547,0.707106781186548));
#4656=DIRECTION('',(0.,0.,-1.));
#4657=DIRECTION('',(-1.,0.,0.));
#4658=DIRECTION('',(-0.707106781186545,0.,0.70710678118655));
#4659=DIRECTION('',(-0.70710678118655,0.,-0.707106781186545));
#4660=DIRECTION('',(0.,-1.,0.));
#4661=DIRECTION('',(-0.707106781186545,0.,0.70710678118655));
#4662=DIRECTION('',(0.,0.,-1.));
#4663=DIRECTION('',(-1.,0.,0.));
#4664=DIRECTION('',(-0.350823207722812,-0.613940613514917,0.70710678118655));
#4665=DIRECTION('',(-0.350823207722813,-0.613940613514922,-0.707106781186545));
#4666=DIRECTION('',(0.868243142124459,-0.496138938356834,0.));
#4667=DIRECTION('',(0.,0.,-1.));
#4668=DIRECTION('',(-1.,0.,0.));
#4669=DIRECTION('',(0.,0.,1.));
#4670=DIRECTION('',(1.,0.,0.));
#4671=DIRECTION('',(-0.707106781186547,0.,0.707106781186547));
#4672=DIRECTION('',(-0.707106781186548,0.,-0.707106781186548));
#4673=DIRECTION('',(-0.350823207722812,0.613940613514921,0.707106781186547));
#4674=DIRECTION('',(-0.350823207722812,0.61394061351492,-0.707106781186548));
#4675=DIRECTION('',(0.,0.,-1.));
#4676=DIRECTION('',(-1.,0.,0.));
#4677=DIRECTION('',(0.,0.,1.));
#4678=DIRECTION('',(1.,0.,0.));
#4679=DIRECTION('',(0.707106781186547,0.,0.707106781186547));
#4680=DIRECTION('',(0.707106781186548,0.,-0.707106781186548));
#4681=DIRECTION('',(0.,-0.707106781186547,0.707106781186547));
#4682=DIRECTION('',(0.,-0.707106781186548,-0.707106781186548));
#4683=DIRECTION('',(0.,0.,-1.));
#4684=DIRECTION('',(-1.,0.,0.));
#4685=DIRECTION('',(0.,0.,1.));
#4686=DIRECTION('',(1.,0.,0.));
#4687=DIRECTION('',(0.350823207722811,0.613940613514918,0.70710678118655));
#4688=DIRECTION('',(0.350823207722813,0.613940613514922,-0.707106781186545));
#4689=DIRECTION('',(0.707106781186547,0.,0.707106781186547));
#4690=DIRECTION('',(0.707106781186548,0.,-0.707106781186548));
#4691=DIRECTION('',(0.,0.,-1.));
#4692=DIRECTION('',(-1.,0.,0.));
#4693=DIRECTION('',(0.,0.,1.));
#4694=DIRECTION('',(1.,0.,0.));
#4695=DIRECTION('',(0.,-0.707106781186547,0.707106781186547));
#4696=DIRECTION('',(0.,-0.707106781186548,-0.707106781186548));
#4697=DIRECTION('',(-0.707106781186547,0.,0.707106781186547));
#4698=DIRECTION('',(-0.707106781186548,0.,-0.707106781186548));
#4699=DIRECTION('',(0.350823207722811,0.613940613514918,0.70710678118655));
#4700=DIRECTION('',(0.868243142124459,-0.496138938356834,0.));
#4701=DIRECTION('',(0.350823207722814,0.613940613514924,-0.707106781186543));
#4702=DIRECTION('',(-0.65417150273064,-0.379630465097669,0.65417150273064));
#4703=DIRECTION('',(0.,0.,-1.));
#4704=DIRECTION('',(-1.,0.,0.));
#4705=DIRECTION('',(0.,0.707106781186547,-0.707106781186547));
#4706=DIRECTION('',(0.707106781186547,0.,0.707106781186547));
#4707=DIRECTION('',(0.,-1.,0.));
#4708=DIRECTION('',(-0.577350269189626,0.577350269189626,0.577350269189626));
#4709=DIRECTION('',(-1.6355129777956E-16,0.707106781186549,0.707106781186546));
#4710=DIRECTION('',(1.,2.31296463463574E-16,0.));
#4711=DIRECTION('',(0.,0.707106781186545,-0.70710678118655));
#4712=DIRECTION('',(0.,-0.707106781186547,0.707106781186547));
#4713=DIRECTION('',(-1.,0.,0.));
#4714=DIRECTION('',(0.577350269189626,0.577350269189626,0.577350269189626));
#4715=DIRECTION('',(0.,0.,-1.));
#4716=DIRECTION('',(-1.,0.,0.));
#4717=DIRECTION('',(-0.350823207722812,0.613940613514919,-0.707106781186549));
#4718=DIRECTION('',(-0.707106781186547,0.,0.707106781186547));
#4719=DIRECTION('',(0.,1.,0.));
#4720=DIRECTION('',(-0.654171502730642,0.379630465097664,-0.654171502730642));
#4721=DIRECTION('',(-0.350823207722812,0.613940613514921,0.707106781186547));
#4722=DIRECTION('',(0.868243142124459,0.496138938356834,0.));
#4723=DIRECTION('',(0.707106781186533,0.,-0.707106781186562));
#4724=DIRECTION('',(0.,1.,0.));
#4725=DIRECTION('',(-0.707106781186562,0.,-0.707106781186533));
#4726=DIRECTION('',(0.707106781186562,0.,0.707106781186533));
#4727=DIRECTION('',(0.,0.,1.));
#4728=DIRECTION('',(1.,0.,0.));
#4729=DIRECTION('',(0.350823207722832,0.613940613514912,0.707106781186545));
#4730=DIRECTION('',(0.,0.,1.));
#4731=DIRECTION('',(1.,0.,0.));
#4732=DIRECTION('',(0.,0.707106781186552,-0.707106781186543));
#4733=DIRECTION('',(0.350823207722804,0.613940613514908,-0.707106781186562));
#4734=DIRECTION('',(-0.868243142124459,0.496138938356834,0.));
#4735=DIRECTION('',(0.350823207722815,0.613940613514938,0.707106781186531));
#4736=DIRECTION('',(0.,-0.707106781186533,-0.707106781186562));
#4737=DIRECTION('',(1.,0.,0.));
#4738=DIRECTION('',(0.,0.707106781186562,-0.707106781186533));
#4739=DIRECTION('',(0.,0.,1.));
#4740=DIRECTION('',(1.,0.,0.));
#4741=DIRECTION('',(0.,0.707106781186547,0.707106781186547));
#4742=DIRECTION('',(0.,0.,1.));
#4743=DIRECTION('',(1.,0.,0.));
#4744=DIRECTION('',(0.707106781186552,0.,-0.707106781186543));
#4745=DIRECTION('',(-1.6355129777956E-16,0.707106781186549,-0.707106781186546));
#4746=DIRECTION('',(-1.,-2.31296463463574E-16,0.));
#4747=DIRECTION('',(0.,0.707106781186547,0.707106781186547));
#4748=DIRECTION('',(-0.707106781186533,0.,-0.707106781186562));
#4749=DIRECTION('',(0.,-1.,0.));
#4750=DIRECTION('',(0.707106781186562,0.,-0.707106781186533));
#4751=DIRECTION('',(0.,0.,1.));
#4752=DIRECTION('',(1.,0.,0.));
#4753=DIRECTION('',(-0.350823207722812,0.613940613514913,0.707106781186554));
#4754=DIRECTION('',(0.,0.,1.));
#4755=DIRECTION('',(1.,0.,0.));
#4756=DIRECTION('',(0.350823207722832,-0.613940613514912,-0.707106781186545));
#4757=DIRECTION('',(-0.350823207722808,0.613940613514913,-0.707106781186556));
#4758=DIRECTION('',(-0.868243142124459,-0.496138938356834,0.));
#4759=DIRECTION('',(0.,0.,1.));
#4760=DIRECTION('',(1.,0.,0.));
#4761=DIRECTION('',(0.350823207722799,0.613940613514928,0.707106781186548));
#4762=DIRECTION('',(-0.707106781186547,0.,-0.707106781186547));
#4763=DIRECTION('',(-0.707106781186547,0.,0.707106781186547));
#4764=DIRECTION('',(0.,-1.,0.));
#4765=DIRECTION('',(-0.707106781186547,0.,-0.707106781186547));
#4766=DIRECTION('',(-0.350823207722805,-0.613940613514907,0.707106781186562));
#4767=DIRECTION('',(0.868243142124459,-0.496138938356834,0.));
#4768=DIRECTION('',(0.350823207722812,0.613940613514935,0.707106781186534));
#4769=DIRECTION('',(0.,0.,1.));
#4770=DIRECTION('',(1.,0.,0.));
#4771=DIRECTION('',(0.,0.707106781186547,-0.707106781186547));
#4772=DIRECTION('',(0.,0.,1.));
#4773=DIRECTION('',(1.,0.,0.));
#4774=DIRECTION('',(0.,0.707106781186547,0.707106781186547));
#4775=DIRECTION('',(0.,0.707106781186547,0.707106781186547));
#4776=DIRECTION('',(-1.,0.,0.));
#4777=DIRECTION('',(0.,0.707106781186547,-0.707106781186547));
#4778=DIRECTION('',(0.,-0.707106781186547,0.707106781186547));
#4779=DIRECTION('',(1.,0.,0.));
#4780=DIRECTION('',(0.,0.707106781186547,0.707106781186547));
#4781=DIRECTION('',(0.,0.,1.));
#4782=DIRECTION('',(1.,0.,0.));
#4783=DIRECTION('',(0.707106781186547,0.,-0.707106781186547));
#4784=DIRECTION('',(0.,0.,1.));
#4785=DIRECTION('',(1.,0.,0.));
#4786=DIRECTION('',(-0.350823207722803,0.613940613514915,0.707106781186556));
#4787=DIRECTION('',(0.707106781186547,0.,0.707106781186547));
#4788=DIRECTION('',(0.,1.,0.));
#4789=DIRECTION('',(0.707106781186547,0.,-0.707106781186547));
#4790=DIRECTION('',(0.350823207722807,-0.613940613514913,0.707106781186557));
#4791=DIRECTION('',(0.868243142124459,0.496138938356834,0.));
#4792=DIRECTION('',(-0.350823207722816,0.613940613514923,0.707106781186543));
#4793=DIRECTION('',(0.,0.,1.));
#4794=DIRECTION('',(1.,0.,0.));
#4795=DIRECTION('',(1.63551297779559E-16,-0.707106781186545,-0.70710678118655));
#4796=DIRECTION('',(1.,2.31296463463574E-16,0.));
#4797=DIRECTION('',(0.,0.707106781186545,-0.70710678118655));
#4798=DIRECTION('',(0.,0.,-1.));
#4799=DIRECTION('',(-1.,0.,0.));
#4800=DIRECTION('',(0.350823207722811,0.613940613514932,-0.707106781186538));
#4801=DIRECTION('',(-0.350823207722806,-0.61394061351491,-0.70710678118656));
#4802=DIRECTION('',(0.868243142124459,-0.496138938356834,0.));
#4803=DIRECTION('',(0.350823207722821,0.613940613514932,-0.707106781186533));
#4804=DIRECTION('',(0.,0.,-1.));
#4805=DIRECTION('',(-1.,0.,0.));
#4806=DIRECTION('',(0.70710678118654,0.,-0.707106781186555));
#4807=DIRECTION('',(-0.707106781186555,0.,-0.70710678118654));
#4808=DIRECTION('',(0.,-1.,0.));
#4809=DIRECTION('',(0.70710678118654,0.,-0.707106781186555));
#4810=DIRECTION('',(0.,0.,-1.));
#4811=DIRECTION('',(-1.,0.,0.));
#4812=DIRECTION('',(0.,-0.707106781186545,-0.70710678118655));
#4813=DIRECTION('',(0.,0.707106781186555,-0.70710678118654));
#4814=DIRECTION('',(-1.,0.,0.));
#4815=DIRECTION('',(0.,-0.70710678118654,-0.707106781186555));
#4816=DIRECTION('',(0.,0.,-1.));
#4817=DIRECTION('',(-1.,0.,0.));
#4818=DIRECTION('',(-0.70710678118654,0.,-0.707106781186555));
#4819=DIRECTION('',(0.707106781186555,0.,-0.70710678118654));
#4820=DIRECTION('',(0.,1.,0.));
#4821=DIRECTION('',(-0.70710678118654,0.,-0.707106781186555));
#4822=DIRECTION('',(0.,0.,-1.));
#4823=DIRECTION('',(-1.,0.,0.));
#4824=DIRECTION('',(-0.350823207722812,0.613940613514917,-0.70710678118655));
#4825=DIRECTION('',(0.35082320772281,-0.613940613514917,-0.707106781186551));
#4826=DIRECTION('',(0.868243142124459,0.496138938356834,0.));
#4827=DIRECTION('',(-0.350823207722811,0.613940613514933,-0.707106781186537));
#4828=DIRECTION('',(0.,0.,-1.));
#4829=DIRECTION('',(-1.,0.,0.));
#4830=DIRECTION('',(0.,0.707106781186555,-0.70710678118654));
#4831=DIRECTION('',(1.63551297779559E-16,-0.707106781186545,-0.70710678118655));
#4832=DIRECTION('',(1.,2.31296463463574E-16,0.));
#4833=DIRECTION('',(1.63551297779562E-16,-0.707106781186555,0.70710678118654));
#4834=DIRECTION('',(-1.,-2.31296463463574E-16,0.));
#4835=DIRECTION('',(0.,0.707106781186545,0.70710678118655));
#4836=DIRECTION('',(0.,0.,1.));
#4837=DIRECTION('',(1.,0.,0.));
#4838=DIRECTION('',(0.350823207722806,0.613940613514923,0.707106781186548));
#4839=DIRECTION('',(-0.350823207722808,-0.613940613514914,0.707106781186555));
#4840=DIRECTION('',(-0.868243142124459,0.496138938356834,0.));
#4841=DIRECTION('',(0.350823207722813,0.613940613514927,0.707106781186541));
#4842=DIRECTION('',(0.,0.,1.));
#4843=DIRECTION('',(1.,0.,0.));
#4844=DIRECTION('',(0.707106781186545,0.,0.70710678118655));
#4845=DIRECTION('',(-0.70710678118655,0.,0.707106781186545));
#4846=DIRECTION('',(0.,1.,0.));
#4847=DIRECTION('',(0.707106781186545,0.,0.70710678118655));
#4848=DIRECTION('',(0.,0.,1.));
#4849=DIRECTION('',(1.,0.,0.));
#4850=DIRECTION('',(0.,-0.707106781186545,0.70710678118655));
#4851=DIRECTION('',(0.,0.70710678118655,0.707106781186545));
#4852=DIRECTION('',(1.,0.,0.));
#4853=DIRECTION('',(0.,-0.707106781186545,0.70710678118655));
#4854=DIRECTION('',(0.,0.,1.));
#4855=DIRECTION('',(1.,0.,0.));
#4856=DIRECTION('',(-0.707106781186545,0.,0.70710678118655));
#4857=DIRECTION('',(0.70710678118655,0.,0.707106781186545));
#4858=DIRECTION('',(0.,-1.,0.));
#4859=DIRECTION('',(-0.707106781186545,0.,0.70710678118655));
#4860=DIRECTION('',(0.,0.,1.));
#4861=DIRECTION('',(1.,0.,0.));
#4862=DIRECTION('',(-0.350823207722798,0.613940613514925,0.70710678118655));
#4863=DIRECTION('',(0.350823207722814,-0.613940613514924,0.707106781186544));
#4864=DIRECTION('',(-0.868243142124459,-0.496138938356834,0.));
#4865=DIRECTION('',(-0.350823207722803,0.613940613514915,0.707106781186556));
#4866=DIRECTION('',(0.,0.,1.));
#4867=DIRECTION('',(1.,0.,0.));
#4868=DIRECTION('',(0.,0.707106781186545,0.70710678118655));
#4869=DIRECTION('',(1.63551297779562E-16,-0.707106781186555,0.70710678118654));
#4870=DIRECTION('',(-1.,-2.31296463463574E-16,0.));
#4871=CARTESIAN_POINT('',(0.,0.,0.));
#4872=CARTESIAN_POINT('',(40.,24.7876522993259,5.));
#4873=CARTESIAN_POINT('',(87.7842211049257,46.5448148420759,-1.09766252728284));
#4874=CARTESIAN_POINT('',(88.4672024021979,45.0062676558913,-1.6986673440085));
#4875=CARTESIAN_POINT('',(89.2026671117916,43.1224050971219,-0.978869060028164));
#4876=CARTESIAN_POINT('',(89.5113439767411,42.2449743945784,1.01498807513797));
#4877=CARTESIAN_POINT('',(89.1938220568247,43.1469448578345,3.00437239277823));
#4878=CARTESIAN_POINT('',(88.4510311764678,45.0449021291184,3.69739430244269));
#4879=CARTESIAN_POINT('',(87.7735727876693,46.5678168775583,3.07932292700626));
#4880=CARTESIAN_POINT('',(87.4185205880301,47.3217884798012,1.99469425298394));
#4881=CARTESIAN_POINT('',(87.3187628942561,47.5291510324444,0.990265067029767));
#4882=CARTESIAN_POINT('',(87.4229734697523,47.3124766046558,-0.0178707391954885));
#4883=CARTESIAN_POINT('',(87.7842211049257,46.5448148420759,-1.09766252728284));
#4884=CARTESIAN_POINT('',(88.4672024021979,45.0062676558913,-1.6986673440085));
#4885=CARTESIAN_POINT('',(89.2026671117916,43.1224050971219,-0.978869060028164));
#4886=CARTESIAN_POINT('',(88.4531835943424,45.,-1.45849999999998));
#4887=CARTESIAN_POINT('',(40.,24.7876522993259,5.));
#4888=CARTESIAN_POINT('',(85.9085295401231,50.2563961918629,5.));
#4889=CARTESIAN_POINT('',(92.5,24.7876522993259,5.));
#4890=CARTESIAN_POINT('',(85.908529540123,50.2563961918629,-104.751725826515));
#4891=CARTESIAN_POINT('',(85.908529540123,50.2563961918631,-5.));
#4892=CARTESIAN_POINT('',(40.,24.7876522993259,-5.));
#4893=CARTESIAN_POINT('',(92.5,24.7876522993259,-5.));
#4894=CARTESIAN_POINT('',(92.5,24.7876522993259,5.));
#4895=CARTESIAN_POINT('',(-40.,24.7876522993259,5.));
#4896=CARTESIAN_POINT('',(-40.,24.7876522993259,5.));
#4897=CARTESIAN_POINT('',(-84.8900713307795,52.0113826814305,5.));
#4898=CARTESIAN_POINT('',(-66.0472942637338,70.37041726086,5.));
#4899=CARTESIAN_POINT('',(-84.8900713307794,52.0113826814305,-104.751725826515));
#4900=CARTESIAN_POINT('',(-84.8900713307796,52.0113826814304,-5.));
#4901=CARTESIAN_POINT('',(-40.,24.7876522993259,-5.));
#4902=CARTESIAN_POINT('',(-66.0472942637338,70.37041726086,-5.));
#4903=CARTESIAN_POINT('',(-66.0472942637338,70.37041726086,5.));
#4904=CARTESIAN_POINT('',(30.,89.,22.));
#4905=CARTESIAN_POINT('',(-8.00000000000004,89.,-4.));
#4906=CARTESIAN_POINT('',(3.79999999999997,89.,-4.));
#4907=CARTESIAN_POINT('',(1.49999999999997,89.,8.));
#4908=CARTESIAN_POINT('',(3.14999999999997,89.,8.));
#4909=CARTESIAN_POINT('',(-17.5,89.,-16.));
#4910=CARTESIAN_POINT('',(-15.85,89.,-16.));
#4911=CARTESIAN_POINT('',(23.3608890731341,89.,22.));
#4912=CARTESIAN_POINT('',(23.3608890731341,89.,18.5));
#4913=CARTESIAN_POINT('',(23.3608890731341,89.,-19.5));
#4914=CARTESIAN_POINT('',(30.,89.,18.5));
#4915=CARTESIAN_POINT('',(-23.3608890731341,89.,18.5));
#4916=CARTESIAN_POINT('',(-23.3608890731341,89.,22.));
#4917=CARTESIAN_POINT('',(-23.3608890731341,89.,-19.5));
#4918=CARTESIAN_POINT('',(13.95,89.,-19.5));
#4919=CARTESIAN_POINT('',(13.95,89.,-19.5));
#4920=CARTESIAN_POINT('',(13.95,89.,22.));
#4921=CARTESIAN_POINT('',(13.95,89.,2.25));
#4922=CARTESIAN_POINT('',(16.7,89.,2.25));
#4923=CARTESIAN_POINT('',(19.45,89.,2.25));
#4924=CARTESIAN_POINT('',(19.45,89.,22.));
#4925=CARTESIAN_POINT('',(19.45,89.,-19.5));
#4926=CARTESIAN_POINT('',(23.3608890731341,89.,-19.5));
#4927=CARTESIAN_POINT('',(97.023166369859,49.7905411472532,22.));
#4928=CARTESIAN_POINT('',(64.8069469178417,68.1998094055489,-231.50345165303));
#4929=CARTESIAN_POINT('',(64.8069469178417,68.1998094055489,7.50000000000001));
#4930=CARTESIAN_POINT('',(64.8069469178417,68.1998094055489,18.5));
#4931=CARTESIAN_POINT('',(97.023166369859,49.7905411472532,18.5));
#4932=CARTESIAN_POINT('',(32.7875289019139,86.4966197003647,18.5));
#4933=CARTESIAN_POINT('',(32.7875289019139,86.4966197003647,22.));
#4934=CARTESIAN_POINT('',(32.7875289019139,86.4966197003647,7.49999999999999));
#4935=CARTESIAN_POINT('',(64.8069469178417,68.1998094055489,7.5));
#4936=CARTESIAN_POINT('',(90.,-55.,22.));
#4937=CARTESIAN_POINT('',(90.,-24.,-231.50345165303));
#4938=CARTESIAN_POINT('',(90.,-24.,7.50000000000001));
#4939=CARTESIAN_POINT('',(90.,-24.,18.5));
#4940=CARTESIAN_POINT('',(90.,-55.,18.5));
#4941=CARTESIAN_POINT('',(90.,24.7876522993259,18.5));
#4942=CARTESIAN_POINT('',(90.,24.7876522993259,-231.50345165303));
#4943=CARTESIAN_POINT('',(90.,24.7876522993259,7.50000000000001));
#4944=CARTESIAN_POINT('',(90.,-24.,7.50000000000001));
#4945=CARTESIAN_POINT('',(-90.,55.,22.));
#4946=CARTESIAN_POINT('',(-90.,24.7876522993259,-231.50345165303));
#4947=CARTESIAN_POINT('',(-90.,24.7876522993259,7.50000000000001));
#4948=CARTESIAN_POINT('',(-90.,24.7876522993259,18.5));
#4949=CARTESIAN_POINT('',(-90.,55.,18.5));
#4950=CARTESIAN_POINT('',(-90.,-24.,18.5));
#4951=CARTESIAN_POINT('',(-90.,-24.,-231.50345165303));
#4952=CARTESIAN_POINT('',(-90.,-24.,7.50000000000001));
#4953=CARTESIAN_POINT('',(-90.,24.7876522993259,7.50000000000001));
#4954=CARTESIAN_POINT('',(-100.,-49.,22.));
#4955=CARTESIAN_POINT('',(-65.,-49.,-231.50345165303));
#4956=CARTESIAN_POINT('',(-65.,-49.,7.50000000000001));
#4957=CARTESIAN_POINT('',(-65.,-49.,18.5));
#4958=CARTESIAN_POINT('',(-100.,-49.,18.5));
#4959=CARTESIAN_POINT('',(65.,-49.,18.5));
#4960=CARTESIAN_POINT('',(65.,-49.,-231.50345165303));
#4961=CARTESIAN_POINT('',(65.,-49.,7.50000000000001));
#4962=CARTESIAN_POINT('',(-65.,-49.,7.50000000000001));
#4963=CARTESIAN_POINT('',(-27.023166369859,89.7905411472532,22.));
#4964=CARTESIAN_POINT('',(-32.7875289019139,86.4966197003647,22.));
#4965=CARTESIAN_POINT('',(-32.7875289019139,86.4966197003647,18.5));
#4966=CARTESIAN_POINT('',(-32.7875289019139,86.4966197003647,7.50000000000001));
#4967=CARTESIAN_POINT('',(-27.023166369859,89.7905411472532,18.5));
#4968=CARTESIAN_POINT('',(-64.8069469178417,68.1998094055489,18.5));
#4969=CARTESIAN_POINT('',(-64.8069469178417,68.1998094055489,-231.50345165303));
#4970=CARTESIAN_POINT('',(-64.8069469178417,68.1998094055489,7.50000000000001));
#4971=CARTESIAN_POINT('',(-32.7875289019139,86.4966197003647,7.50000000000001));
#4972=CARTESIAN_POINT('',(-23.3608890731341,70.,22.));
#4973=CARTESIAN_POINT('',(-23.3608890731341,70.,18.5));
#4974=CARTESIAN_POINT('',(-32.7875289019139,86.4966197003647,5.));
#4975=CARTESIAN_POINT('',(-32.7875289019139,86.4966197003647,-5.));
#4976=CARTESIAN_POINT('',(-32.7875289019139,86.4966197003647,22.));
#4977=CARTESIAN_POINT('',(-32.7875289019139,86.4966197003647,-19.5));
#4978=CARTESIAN_POINT('',(-23.3608890731341,70.,-19.5));
#4979=CARTESIAN_POINT('',(23.3608890731341,70.,22.));
#4980=CARTESIAN_POINT('',(23.3608890731341,70.,18.5));
#4981=CARTESIAN_POINT('',(23.3608890731341,70.,-19.5));
#4982=CARTESIAN_POINT('',(32.7875289019139,86.4966197003647,-19.5));
#4983=CARTESIAN_POINT('',(32.7875289019139,86.4966197003647,22.));
#4984=CARTESIAN_POINT('',(32.7875289019139,86.4966197003647,-5.));
#4985=CARTESIAN_POINT('',(32.7875289019139,86.4966197003647,22.));
#4986=CARTESIAN_POINT('',(-65.,-24.,-231.50345165303));
#4987=CARTESIAN_POINT('',(-65.,-24.,18.5));
#4988=CARTESIAN_POINT('',(-65.,-24.,7.50000000000001));
#4989=CARTESIAN_POINT('',(-40.,24.7876522993259,-231.50345165303));
#4990=CARTESIAN_POINT('',(-40.,24.7876522993259,18.5));
#4991=CARTESIAN_POINT('',(-40.,24.7876522993259,7.50000000000001));
#4992=CARTESIAN_POINT('',(65.,-24.,-231.50345165303));
#4993=CARTESIAN_POINT('',(65.,-24.,18.5));
#4994=CARTESIAN_POINT('',(65.,-24.,7.50000000000001));
#4995=CARTESIAN_POINT('',(40.,24.7876522993259,-231.50345165303));
#4996=CARTESIAN_POINT('',(40.,24.7876522993259,18.5));
#4997=CARTESIAN_POINT('',(40.,24.7876522993259,7.50000000000001));
#4998=CARTESIAN_POINT('',(97.023166369859,49.7905411472532,22.));
#4999=CARTESIAN_POINT('',(64.8069469178417,68.1998094055489,-19.5));
#5000=CARTESIAN_POINT('',(64.8069469178417,68.1998094055489,-19.5));
#5001=CARTESIAN_POINT('',(64.8069469178417,68.1998094055489,-231.50345165303));
#5002=CARTESIAN_POINT('',(64.8069469178417,68.1998094055489,-5.));
#5003=CARTESIAN_POINT('',(64.8069469178417,68.1998094055489,-5.));
#5004=CARTESIAN_POINT('',(90.,-55.,22.));
#5005=CARTESIAN_POINT('',(90.,24.7876522993259,-231.50345165303));
#5006=CARTESIAN_POINT('',(90.,24.7876522993259,-19.5));
#5007=CARTESIAN_POINT('',(90.,24.7876522993259,-5.));
#5008=CARTESIAN_POINT('',(90.,-24.,-19.5));
#5009=CARTESIAN_POINT('',(90.,-24.,-19.5));
#5010=CARTESIAN_POINT('',(90.,-24.,-231.50345165303));
#5011=CARTESIAN_POINT('',(90.,-24.,-5.));
#5012=CARTESIAN_POINT('',(90.,-24.,-5.));
#5013=CARTESIAN_POINT('',(-90.,55.,22.));
#5014=CARTESIAN_POINT('',(-90.,-24.,-231.50345165303));
#5015=CARTESIAN_POINT('',(-90.,-24.,-19.5));
#5016=CARTESIAN_POINT('',(-90.,-24.,-5.));
#5017=CARTESIAN_POINT('',(-90.,24.7876522993259,-19.5));
#5018=CARTESIAN_POINT('',(-90.,24.7876522993259,-19.5));
#5019=CARTESIAN_POINT('',(-90.,24.7876522993259,-231.50345165303));
#5020=CARTESIAN_POINT('',(-90.,24.7876522993259,-5.));
#5021=CARTESIAN_POINT('',(-90.,24.7876522993259,-5.));
#5022=CARTESIAN_POINT('',(-100.,-49.,22.));
#5023=CARTESIAN_POINT('',(65.,-49.,-231.50345165303));
#5024=CARTESIAN_POINT('',(65.,-49.,-19.5));
#5025=CARTESIAN_POINT('',(65.,-49.,-5.));
#5026=CARTESIAN_POINT('',(-65.,-49.,-19.5));
#5027=CARTESIAN_POINT('',(-65.,-49.,-19.5));
#5028=CARTESIAN_POINT('',(-65.,-49.,-231.50345165303));
#5029=CARTESIAN_POINT('',(-65.,-49.,-5.));
#5030=CARTESIAN_POINT('',(-65.,-49.,-5.));
#5031=CARTESIAN_POINT('',(-27.023166369859,89.7905411472532,22.));
#5032=CARTESIAN_POINT('',(-64.8069469178417,68.1998094055489,-231.50345165303));
#5033=CARTESIAN_POINT('',(-64.8069469178417,68.1998094055489,-19.5));
#5034=CARTESIAN_POINT('',(-64.8069469178417,68.1998094055489,-5.));
#5035=CARTESIAN_POINT('',(-32.7875289019139,86.4966197003647,-19.5));
#5036=CARTESIAN_POINT('',(-32.7875289019139,86.4966197003647,-5.));
#5037=CARTESIAN_POINT('',(-65.,-24.,-231.50345165303));
#5038=CARTESIAN_POINT('',(-65.,-24.,-19.5));
#5039=CARTESIAN_POINT('',(-65.,-24.,-5.));
#5040=CARTESIAN_POINT('',(-40.,24.7876522993259,-231.50345165303));
#5041=CARTESIAN_POINT('',(-40.,24.7876522993259,-19.5));
#5042=CARTESIAN_POINT('',(-40.,24.7876522993259,-5.));
#5043=CARTESIAN_POINT('',(65.,-24.,-231.50345165303));
#5044=CARTESIAN_POINT('',(65.,-24.,-19.5));
#5045=CARTESIAN_POINT('',(65.,-24.,-5.));
#5046=CARTESIAN_POINT('',(40.,24.7876522993259,-231.50345165303));
#5047=CARTESIAN_POINT('',(40.,24.7876522993259,-19.5));
#5048=CARTESIAN_POINT('',(40.,24.7876522993259,-5.));
#5049=CARTESIAN_POINT('',(100.,-45.,1.));
#5050=CARTESIAN_POINT('',(86.9622715074369,-44.0341809562365,-1.30464580025323));
#5051=CARTESIAN_POINT('',(87.3632920779946,-45.0004313827515,-1.53530206269187));
#5052=CARTESIAN_POINT('',(86.9615601805847,-45.9640935127573,-1.30514594897928));
#5053=CARTESIAN_POINT('',(86.0043741596566,-46.3619399338882,-1.04109561515665));
#5054=CARTESIAN_POINT('',(85.0383396114879,-45.9651262395422,-1.30435802467102));
#5055=CARTESIAN_POINT('',(84.6369310082157,-45.0048490643555,-1.53521720526125));
#5056=CARTESIAN_POINT('',(85.036964799777,-44.0359632017648,-1.30575892934819));
#5057=CARTESIAN_POINT('',(85.9956369098723,-43.6382195831291,-1.04087071179836));
#5058=CARTESIAN_POINT('',(86.9622715074369,-44.0341809562365,-1.30464580025323));
#5059=CARTESIAN_POINT('',(87.3632920779946,-45.0004313827515,-1.53530206269187));
#5060=CARTESIAN_POINT('',(86.9615601805847,-45.9640935127573,-1.30514594897928));
#5061=CARTESIAN_POINT('',(87.2295,-45.,-1.4585));
#5062=CARTESIAN_POINT('',(85.0366366021927,-45.964639624762,3.30539575782701));
#5063=CARTESIAN_POINT('',(86.0003940495223,-46.3620887842568,3.04088282274149));
#5064=CARTESIAN_POINT('',(86.9617871997182,-45.9640052382104,3.30494753960045));
#5065=CARTESIAN_POINT('',(87.3631638999496,-45.0038309158348,3.53509944439508));
#5066=CARTESIAN_POINT('',(86.9625414079736,-44.0359355160446,3.30564678496465));
#5067=CARTESIAN_POINT('',(86.0050135984625,-43.638117480423,3.04097193842944));
#5068=CARTESIAN_POINT('',(85.0381731381376,-44.0346237983836,3.30435693372584));
#5069=CARTESIAN_POINT('',(84.6370523137677,-44.9959989188142,3.53530945220605));
#5070=CARTESIAN_POINT('',(85.0366366021927,-45.964639624762,3.30539575782701));
#5071=CARTESIAN_POINT('',(86.0003940495223,-46.3620887842568,3.04088282274149));
#5072=CARTESIAN_POINT('',(86.9617871997182,-45.9640052382104,3.30494753960045));
#5073=CARTESIAN_POINT('',(86.,-46.2295,3.12897909806557));
#5074=CARTESIAN_POINT('',(83.7064755286057,-44.1700076867522,-1.36942775793283));
#5075=CARTESIAN_POINT('',(82.7592205442607,-45.0094113508237,-1.50257916779843));
#5076=CARTESIAN_POINT('',(81.7883277217396,-45.7923469099529,-1.37125557087344));
#5077=CARTESIAN_POINT('',(80.8150040494173,-46.507709861645,-0.999129252399081));
#5078=CARTESIAN_POINT('',(80.0519869861169,-47.0187714297152,-0.46841048371783));
#5079=CARTESIAN_POINT('',(79.5608578805058,-47.3297219426623,0.151034921367327));
#5080=CARTESIAN_POINT('',(79.3286480818367,-47.4721481619202,0.73667427041208));
#5081=CARTESIAN_POINT('',(79.3571344219535,-47.4548575074784,1.38898626917769));
#5082=CARTESIAN_POINT('',(79.7183951842623,-47.2322293360577,2.13756110474631));
#5083=CARTESIAN_POINT('',(80.4361070200347,-46.7684662800939,2.77770466927335));
#5084=CARTESIAN_POINT('',(81.3916447221642,-46.0917543333205,3.24976384105874));
#5085=CARTESIAN_POINT('',(82.3614031719752,-45.3390648075591,3.47737983843231));
#5086=CARTESIAN_POINT('',(83.3237960172872,-44.5186811226163,3.46002297928808));
#5087=CARTESIAN_POINT('',(84.2189396021198,-43.6811683603606,3.14464185181814));
#5088=CARTESIAN_POINT('',(84.9730457234119,-42.91024112764,2.45244401538835));
#5089=CARTESIAN_POINT('',(85.3992618436713,-42.4419565204144,1.28417981784229));
#5090=CARTESIAN_POINT('',(85.2089949612194,-42.6541101314929,-0.0248808832305794));
#5091=CARTESIAN_POINT('',(84.5536614683848,-43.3473006479251,-0.910644917596484));
#5092=CARTESIAN_POINT('',(83.7064755286057,-44.1700076867522,-1.36942775793283));
#5093=CARTESIAN_POINT('',(82.7592205442607,-45.0094113508237,-1.50257916779843));
#5094=CARTESIAN_POINT('',(81.7883277217396,-45.7923469099529,-1.37125557087344));
#5095=CARTESIAN_POINT('',(82.7552809045647,-45.,-1.4585));
#5096=CARTESIAN_POINT('',(98.,-45.,1.));
#5097=CARTESIAN_POINT('',(98.,-45.,-1.4585));
#5098=CARTESIAN_POINT('',(100.,45.,1.00000000000002));
#5099=CARTESIAN_POINT('',(98.,45.,1.00000000000002));
#5100=CARTESIAN_POINT('',(98.,45.,-1.45849999999998));
#5101=CARTESIAN_POINT('',(19.45,253.50345165303,2.25));
#5102=CARTESIAN_POINT('',(19.45,253.50345165303,-20.));
#5103=CARTESIAN_POINT('',(19.45,91.,-20.));
#5104=CARTESIAN_POINT('',(19.45,89.5,-20.));
#5105=CARTESIAN_POINT('',(19.45,160.376725826515,-90.876725826515));
#5106=CARTESIAN_POINT('',(19.45,253.50345165303,2.25));
#5107=CARTESIAN_POINT('',(19.45,95.,2.25));
#5108=CARTESIAN_POINT('',(19.45,95.,22.));
#5109=CARTESIAN_POINT('',(19.45,95.,-19.5));
#5110=CARTESIAN_POINT('',(19.45,185.126725826513,70.6267258265151));
#5111=CARTESIAN_POINT('',(19.45,94.5,-20.));
#5112=CARTESIAN_POINT('',(19.45,253.50345165303,-20.));
#5113=CARTESIAN_POINT('',(19.45,93.,-20.));
#5114=CARTESIAN_POINT('',(19.45,93.,2.25));
#5115=CARTESIAN_POINT('',(19.45,93.,-10.));
#5116=CARTESIAN_POINT('',(19.45,253.50345165303,-10.));
#5117=CARTESIAN_POINT('',(19.45,91.,-10.));
#5118=CARTESIAN_POINT('',(19.45,91.,2.25));
#5119=CARTESIAN_POINT('',(13.95,253.50345165303,-20.));
#5120=CARTESIAN_POINT('',(13.95,171.501725826515,-102.001725826515));
#5121=CARTESIAN_POINT('',(13.95,89.5,-20.));
#5122=CARTESIAN_POINT('',(13.95,253.50345165303,-20.));
#5123=CARTESIAN_POINT('',(13.95,91.,-20.));
#5124=CARTESIAN_POINT('',(13.95,91.,-20.));
#5125=CARTESIAN_POINT('',(13.95,91.,-10.));
#5126=CARTESIAN_POINT('',(13.95,253.50345165303,-10.));
#5127=CARTESIAN_POINT('',(13.95,93.,-10.));
#5128=CARTESIAN_POINT('',(13.95,93.,-20.));
#5129=CARTESIAN_POINT('',(13.95,93.,-20.));
#5130=CARTESIAN_POINT('',(13.95,253.50345165303,-20.));
#5131=CARTESIAN_POINT('',(13.95,94.5,-20.));
#5132=CARTESIAN_POINT('',(13.95,174.001725826513,59.5017258265149));
#5133=CARTESIAN_POINT('',(13.95,95.,-19.5));
#5134=CARTESIAN_POINT('',(13.95,95.,22.));
#5135=CARTESIAN_POINT('',(13.95,95.,2.25));
#5136=CARTESIAN_POINT('',(13.95,253.50345165303,2.25));
#5137=CARTESIAN_POINT('',(0.,0.,-20.));
#5138=CARTESIAN_POINT('',(-23.3608890731341,89.5,-20.));
#5139=CARTESIAN_POINT('',(-23.3608890731341,89.5,-20.));
#5140=CARTESIAN_POINT('',(-23.3608890731341,70.,-20.));
#5141=CARTESIAN_POINT('',(-33.0355983710923,86.930741271427,-20.));
#5142=CARTESIAN_POINT('',(-65.0550163870201,68.6339309766111,-20.));
#5143=CARTESIAN_POINT('',(-65.0550163870201,68.6339309766111,-20.));
#5144=CARTESIAN_POINT('',(-40.,24.7876522993259,-20.));
#5145=CARTESIAN_POINT('',(-90.5,24.7876522993259,-20.));
#5146=CARTESIAN_POINT('',(-90.5,-24.,-20.));
#5147=CARTESIAN_POINT('',(-90.5,-24.,-20.));
#5148=CARTESIAN_POINT('',(-65.,-24.,-20.));
#5149=CARTESIAN_POINT('',(-65.,-49.5,-20.));
#5150=CARTESIAN_POINT('',(65.,-49.5,-20.));
#5151=CARTESIAN_POINT('',(65.,-49.5,-20.));
#5152=CARTESIAN_POINT('',(65.,-24.,-20.));
#5153=CARTESIAN_POINT('',(90.5,-24.,-20.));
#5154=CARTESIAN_POINT('',(90.5,24.7876522993259,-20.));
#5155=CARTESIAN_POINT('',(90.5,24.7876522993259,-20.));
#5156=CARTESIAN_POINT('',(40.,24.7876522993259,-20.));
#5157=CARTESIAN_POINT('',(65.0550163870201,68.6339309766111,-20.));
#5158=CARTESIAN_POINT('',(33.0355983710923,86.930741271427,-20.));
#5159=CARTESIAN_POINT('',(33.0355983710923,86.930741271427,-20.));
#5160=CARTESIAN_POINT('',(23.3608890731341,70.,-20.));
#5161=CARTESIAN_POINT('',(23.3608890731341,89.5,-20.));
#5162=CARTESIAN_POINT('',(19.45,89.5,-20.));
#5163=CARTESIAN_POINT('',(11.95,91.,-20.));
#5164=CARTESIAN_POINT('',(21.45,91.,-20.));
#5165=CARTESIAN_POINT('',(21.45,91.,-20.));
#5166=CARTESIAN_POINT('',(21.45,93.,-20.));
#5167=CARTESIAN_POINT('',(21.45,93.,-20.));
#5168=CARTESIAN_POINT('',(-2.18575157973078E-14,94.5,-20.));
#5169=CARTESIAN_POINT('',(23.3608890731341,94.5,-20.));
#5170=CARTESIAN_POINT('',(23.3608890731341,70.,-20.));
#5171=CARTESIAN_POINT('',(35.5162930628765,91.2719569820492,-20.));
#5172=CARTESIAN_POINT('',(48.0596228385139,84.1043399673993,-20.));
#5173=CARTESIAN_POINT('',(99.2480694691784,54.853799035591,-20.));
#5174=CARTESIAN_POINT('',(99.,54.4196774645288,-20.));
#5175=CARTESIAN_POINT('',(99.5,54.4196774645288,-20.));
#5176=CARTESIAN_POINT('',(99.5,0.,-20.));
#5177=CARTESIAN_POINT('',(99.5,-54.,-20.));
#5178=CARTESIAN_POINT('',(99.,-54.,-20.));
#5179=CARTESIAN_POINT('',(99.,-54.5,-20.));
#5180=CARTESIAN_POINT('',(0.,-54.5,-20.));
#5181=CARTESIAN_POINT('',(-99.,-54.5,-20.));
#5182=CARTESIAN_POINT('',(-99.,-54.,-20.));
#5183=CARTESIAN_POINT('',(-99.5,-54.,-20.));
#5184=CARTESIAN_POINT('',(-99.5,0.,-20.));
#5185=CARTESIAN_POINT('',(-99.5,54.4196774645288,-20.));
#5186=CARTESIAN_POINT('',(-99.,54.4196774645288,-20.));
#5187=CARTESIAN_POINT('',(-99.2480694691784,54.853799035591,-20.));
#5188=CARTESIAN_POINT('',(-48.0596228385139,84.1043399673993,-20.));
#5189=CARTESIAN_POINT('',(-35.5162930628765,91.2719569820492,-20.));
#5190=CARTESIAN_POINT('',(-23.3608890731341,70.,-20.));
#5191=CARTESIAN_POINT('',(-23.3608890731341,94.5,-20.));
#5192=CARTESIAN_POINT('',(-2.18575157973078E-14,94.5,-20.));
#5193=CARTESIAN_POINT('',(21.45,93.,-20.));
#5194=CARTESIAN_POINT('',(11.95,93.,-20.));
#5195=CARTESIAN_POINT('',(11.95,93.,-20.));
#5196=CARTESIAN_POINT('',(11.95,91.,-20.));
#5197=CARTESIAN_POINT('',(11.95,91.,-20.));
#5198=CARTESIAN_POINT('',(86.,-45.,-20.));
#5199=CARTESIAN_POINT('',(87.2295,-45.,-20.));
#5200=CARTESIAN_POINT('',(86.,51.4824889310021,-20.));
#5201=CARTESIAN_POINT('',(87.2295,51.4824889310021,-20.));
#5202=CARTESIAN_POINT('',(-86.,51.4824889310021,-20.));
#5203=CARTESIAN_POINT('',(-84.7705,51.4824889310021,-20.));
#5204=CARTESIAN_POINT('',(-86.,-45.,-20.));
#5205=CARTESIAN_POINT('',(-84.7705,-45.,-20.));
#5206=CARTESIAN_POINT('',(30.,95.,22.));
#5207=CARTESIAN_POINT('',(-8.00000000000004,95.,-4.));
#5208=CARTESIAN_POINT('',(-19.8,95.,-4.));
#5209=CARTESIAN_POINT('',(1.49999999999996,95.,8.));
#5210=CARTESIAN_POINT('',(-0.150000000000036,95.,8.));
#5211=CARTESIAN_POINT('',(-17.5,95.,-16.));
#5212=CARTESIAN_POINT('',(-19.15,95.,-16.));
#5213=CARTESIAN_POINT('',(30.,95.,-19.5));
#5214=CARTESIAN_POINT('',(-23.3608890731341,95.,-19.5));
#5215=CARTESIAN_POINT('',(-23.3608890731341,95.,22.));
#5216=CARTESIAN_POINT('',(-23.3608890731341,95.,20.));
#5217=CARTESIAN_POINT('',(23.3608890731341,95.,20.));
#5218=CARTESIAN_POINT('',(23.3608890731341,95.,20.));
#5219=CARTESIAN_POINT('',(23.3608890731341,95.,22.));
#5220=CARTESIAN_POINT('',(23.3608890731341,95.,-19.5));
#5221=CARTESIAN_POINT('',(30.,95.,-19.5));
#5222=CARTESIAN_POINT('',(16.7,95.,2.25));
#5223=CARTESIAN_POINT('',(-30.,95.,22.));
#5224=CARTESIAN_POINT('',(-35.7643625320549,91.7060785531115,22.));
#5225=CARTESIAN_POINT('',(-35.7643625320549,91.7060785531115,20.));
#5226=CARTESIAN_POINT('',(-35.7643625320549,91.7060785531115,-19.5));
#5227=CARTESIAN_POINT('',(-30.,95.,-19.5));
#5228=CARTESIAN_POINT('',(-99.4961389383568,55.2879206066532,-19.5));
#5229=CARTESIAN_POINT('',(-99.4961389383568,55.2879206066532,22.));
#5230=CARTESIAN_POINT('',(-99.4961389383568,55.2879206066532,20.));
#5231=CARTESIAN_POINT('',(-35.7643625320549,91.7060785531115,20.));
#5232=CARTESIAN_POINT('',(-100.,55.,22.));
#5233=CARTESIAN_POINT('',(-100.,-45.,1.));
#5234=CARTESIAN_POINT('',(-100.,-45.,-1.4585));
#5235=CARTESIAN_POINT('',(-100.,45.,1.00000000000002));
#5236=CARTESIAN_POINT('',(-100.,45.,-1.45849999999998));
#5237=CARTESIAN_POINT('',(-100.,54.4196774645288,22.));
#5238=CARTESIAN_POINT('',(-100.,54.4196774645288,20.));
#5239=CARTESIAN_POINT('',(-100.,54.4196774645288,-19.5));
#5240=CARTESIAN_POINT('',(-100.,55.,-19.5));
#5241=CARTESIAN_POINT('',(-100.,-54.,-19.5));
#5242=CARTESIAN_POINT('',(-100.,-54.,22.));
#5243=CARTESIAN_POINT('',(-100.,-54.,20.));
#5244=CARTESIAN_POINT('',(-100.,54.4196774645288,20.));
#5245=CARTESIAN_POINT('',(-100.,-55.,22.));
#5246=CARTESIAN_POINT('',(-99.,-55.,22.));
#5247=CARTESIAN_POINT('',(-99.,-55.,20.));
#5248=CARTESIAN_POINT('',(-99.,-55.,-19.5));
#5249=CARTESIAN_POINT('',(-100.,-55.,-19.5));
#5250=CARTESIAN_POINT('',(99.,-55.,-19.5));
#5251=CARTESIAN_POINT('',(99.,-55.,22.));
#5252=CARTESIAN_POINT('',(99.,-55.,20.));
#5253=CARTESIAN_POINT('',(-99.,-55.,20.));
#5254=CARTESIAN_POINT('',(100.,-55.,22.));
#5255=CARTESIAN_POINT('',(100.,-45.,1.));
#5256=CARTESIAN_POINT('',(100.,-45.,-1.4585));
#5257=CARTESIAN_POINT('',(100.,45.,1.00000000000002));
#5258=CARTESIAN_POINT('',(100.,45.,-1.45849999999998));
#5259=CARTESIAN_POINT('',(100.,-54.,22.));
#5260=CARTESIAN_POINT('',(100.,-54.,20.));
#5261=CARTESIAN_POINT('',(100.,-54.,-19.5));
#5262=CARTESIAN_POINT('',(100.,-55.,-19.5));
#5263=CARTESIAN_POINT('',(100.,54.4196774645288,-19.5));
#5264=CARTESIAN_POINT('',(100.,54.4196774645288,22.));
#5265=CARTESIAN_POINT('',(100.,54.4196774645288,20.));
#5266=CARTESIAN_POINT('',(100.,-54.,20.));
#5267=CARTESIAN_POINT('',(100.,55.,22.));
#5268=CARTESIAN_POINT('',(99.4961389383568,55.2879206066532,22.));
#5269=CARTESIAN_POINT('',(99.4961389383568,55.2879206066532,20.));
#5270=CARTESIAN_POINT('',(99.4961389383568,55.2879206066532,-19.5));
#5271=CARTESIAN_POINT('',(100.,55.,-19.5));
#5272=CARTESIAN_POINT('',(35.7643625320549,91.7060785531115,-19.5));
#5273=CARTESIAN_POINT('',(35.7643625320549,91.7060785531115,22.));
#5274=CARTESIAN_POINT('',(35.7643625320549,91.7060785531115,20.));
#5275=CARTESIAN_POINT('',(99.4961389383568,55.2879206066532,20.));
#5276=CARTESIAN_POINT('',(0.,0.,22.));
#5277=CARTESIAN_POINT('',(-92.5,52.0628114664733,22.));
#5278=CARTESIAN_POINT('',(-92.5,-46.,22.));
#5279=CARTESIAN_POINT('',(-92.5,52.0628114664733,22.));
#5280=CARTESIAN_POINT('',(-87.,52.0628114664733,22.));
#5281=CARTESIAN_POINT('',(-89.7287641609626,56.8381487481579,22.));
#5282=CARTESIAN_POINT('',(-34.027876247806,88.6672275556759,22.));
#5283=CARTESIAN_POINT('',(-34.027876247806,88.6672275556759,22.));
#5284=CARTESIAN_POINT('',(-23.3608890731341,70.,22.));
#5285=CARTESIAN_POINT('',(-23.3608890731341,91.5,22.));
#5286=CARTESIAN_POINT('',(23.3608890731341,91.5,22.));
#5287=CARTESIAN_POINT('',(23.3608890731341,91.5,22.));
#5288=CARTESIAN_POINT('',(23.3608890731341,70.,22.));
#5289=CARTESIAN_POINT('',(34.027876247806,88.6672275556759,22.));
#5290=CARTESIAN_POINT('',(89.7287641609626,56.8381487481578,22.));
#5291=CARTESIAN_POINT('',(89.7287641609626,56.8381487481578,22.));
#5292=CARTESIAN_POINT('',(87.,52.0628114664733,22.));
#5293=CARTESIAN_POINT('',(92.5,52.0628114664733,22.));
#5294=CARTESIAN_POINT('',(92.5,-46.,22.));
#5295=CARTESIAN_POINT('',(92.5,-46.,22.));
#5296=CARTESIAN_POINT('',(87.,-46.,22.));
#5297=CARTESIAN_POINT('',(87.,-51.5,22.));
#5298=CARTESIAN_POINT('',(-87.,-51.5,22.));
#5299=CARTESIAN_POINT('',(-87.,-51.5,22.));
#5300=CARTESIAN_POINT('',(-87.,-46.,22.));
#5301=CARTESIAN_POINT('',(-23.3608890731341,70.,22.));
#5302=CARTESIAN_POINT('',(-23.3608890731341,93.,22.));
#5303=CARTESIAN_POINT('',(-34.7720846553413,89.9695922688626,22.));
#5304=CARTESIAN_POINT('',(-98.5038610616432,53.5514343224043,22.));
#5305=CARTESIAN_POINT('',(-98.,53.8393549290576,22.));
#5306=CARTESIAN_POINT('',(-98.,-54.,22.));
#5307=CARTESIAN_POINT('',(-98.,-53.,22.));
#5308=CARTESIAN_POINT('',(99.,-53.,22.));
#5309=CARTESIAN_POINT('',(98.,-53.,22.));
#5310=CARTESIAN_POINT('',(98.,54.4196774645288,22.));
#5311=CARTESIAN_POINT('',(98.,53.8393549290575,22.));
#5312=CARTESIAN_POINT('',(34.7720846553412,89.9695922688626,22.));
#5313=CARTESIAN_POINT('',(34.7720846553412,89.9695922688625,22.));
#5314=CARTESIAN_POINT('',(23.3608890731341,70.,22.));
#5315=CARTESIAN_POINT('',(23.3608890731341,93.,22.));
#5316=CARTESIAN_POINT('',(-23.3608890731341,93.,22.));
#5317=CARTESIAN_POINT('',(-23.3608890731341,70.,22.));
#5318=CARTESIAN_POINT('',(-23.3608890731341,70.,-19.5));
#5319=CARTESIAN_POINT('',(-23.3608890731341,70.,20.));
#5320=CARTESIAN_POINT('',(23.3608890731341,70.,22.));
#5321=CARTESIAN_POINT('',(23.3608890731341,70.,-19.5));
#5322=CARTESIAN_POINT('',(23.3608890731341,70.,20.));
#5323=CARTESIAN_POINT('',(16.7,253.50345165303,2.25));
#5324=CARTESIAN_POINT('',(0.,0.,-10.));
#5325=CARTESIAN_POINT('',(11.95,91.,-10.));
#5326=CARTESIAN_POINT('',(11.95,91.,-10.));
#5327=CARTESIAN_POINT('',(11.95,93.,-10.));
#5328=CARTESIAN_POINT('',(11.95,93.,-10.));
#5329=CARTESIAN_POINT('',(21.45,93.,-10.));
#5330=CARTESIAN_POINT('',(11.95,91.,-10.));
#5331=CARTESIAN_POINT('',(11.95,91.,-10.));
#5332=CARTESIAN_POINT('',(21.45,93.,-10.));
#5333=CARTESIAN_POINT('',(11.95,93.,-10.));
#5334=CARTESIAN_POINT('',(11.95,93.,-10.));
#5335=CARTESIAN_POINT('',(21.45,93.,-10.));
#5336=CARTESIAN_POINT('',(21.45,93.,-10.));
#5337=CARTESIAN_POINT('',(21.45,93.,-10.));
#5338=CARTESIAN_POINT('',(21.45,93.,-10.));
#5339=CARTESIAN_POINT('',(11.95,91.,-10.));
#5340=CARTESIAN_POINT('',(11.95,91.,-10.));
#5341=CARTESIAN_POINT('',(21.45,91.,-10.));
#5342=CARTESIAN_POINT('',(21.45,91.,-10.));
#5343=CARTESIAN_POINT('',(0.,0.,-10.));
#5344=CARTESIAN_POINT('',(21.45,91.,-10.));
#5345=CARTESIAN_POINT('',(21.45,91.,-10.));
#5346=CARTESIAN_POINT('',(100.,45.,1.00000000000002));
#5347=CARTESIAN_POINT('',(100.,45.,1.00000000000002));
#5348=CARTESIAN_POINT('',(-89.2057769855774,43.1142607074148,-0.976594005265203));
#5349=CARTESIAN_POINT('',(-88.4654857122003,45.010422312578,-1.69841423516604));
#5350=CARTESIAN_POINT('',(-87.7870657284302,46.5384454206572,-1.10035991758643));
#5351=CARTESIAN_POINT('',(-87.4255440600996,47.3071091754834,-0.028304684303186));
#5352=CARTESIAN_POINT('',(-87.3190195635691,47.5286116910136,0.972706618971129));
#5353=CARTESIAN_POINT('',(-87.4152613251417,47.3286072789702,1.98036033108004));
#5354=CARTESIAN_POINT('',(-87.7699816121212,46.5757385240168,3.07535850447832));
#5355=CARTESIAN_POINT('',(-88.4491610725409,45.049306604031,3.69708470652155));
#5356=CARTESIAN_POINT('',(-89.1902931236235,43.1564524342014,3.00978060115261));
#5357=CARTESIAN_POINT('',(-89.5113863404716,42.2448072522353,1.03338251106328));
#5358=CARTESIAN_POINT('',(-89.2057769855774,43.1142607074148,-0.976594005265203));
#5359=CARTESIAN_POINT('',(-88.4654857122003,45.010422312578,-1.69841423516604));
#5360=CARTESIAN_POINT('',(-87.7870657284302,46.5384454206572,-1.10035991758643));
#5361=CARTESIAN_POINT('',(-88.4531835943424,45.,-1.45849999999998));
#5362=CARTESIAN_POINT('',(100.,-45.,1.));
#5363=CARTESIAN_POINT('',(100.,-45.,1.));
#5364=CARTESIAN_POINT('',(-85.0377284925631,-44.0341809562365,-1.30464580025323));
#5365=CARTESIAN_POINT('',(-84.6367079220054,-45.0004313827515,-1.53530206269187));
#5366=CARTESIAN_POINT('',(-85.0384398194153,-45.9640935127574,-1.30514594897927));
#5367=CARTESIAN_POINT('',(-85.9956258403433,-46.3619399338883,-1.04109561515663));
#5368=CARTESIAN_POINT('',(-86.9616603885121,-45.9651262395423,-1.30435802467098));
#5369=CARTESIAN_POINT('',(-87.3630689917843,-45.0048490643556,-1.53521720526126));
#5370=CARTESIAN_POINT('',(-86.9630352002231,-44.0359632017648,-1.30575892934821));
#5371=CARTESIAN_POINT('',(-86.0043630901278,-43.6382195831292,-1.04087071179838));
#5372=CARTESIAN_POINT('',(-85.0377284925631,-44.0341809562365,-1.30464580025323));
#5373=CARTESIAN_POINT('',(-84.6367079220054,-45.0004313827515,-1.53530206269187));
#5374=CARTESIAN_POINT('',(-85.0384398194153,-45.9640935127574,-1.30514594897927));
#5375=CARTESIAN_POINT('',(-84.7705,-45.,-1.4585));
#5376=CARTESIAN_POINT('',(-86.9633633978073,-45.964639624762,3.305395757827));
#5377=CARTESIAN_POINT('',(-85.9996059504777,-46.3620887842569,3.04088282274147));
#5378=CARTESIAN_POINT('',(-85.0382128002818,-45.9640052382104,3.30494753960044));
#5379=CARTESIAN_POINT('',(-84.6368361000505,-45.0038309158348,3.53509944439508));
#5380=CARTESIAN_POINT('',(-85.0374585920264,-44.0359355160447,3.30564678496467));
#5381=CARTESIAN_POINT('',(-85.9949864015375,-43.6381174804231,3.04097193842946));
#5382=CARTESIAN_POINT('',(-86.9618268618624,-44.0346237983836,3.30435693372585));
#5383=CARTESIAN_POINT('',(-87.3629476862323,-44.9959989188142,3.53530945220605));
#5384=CARTESIAN_POINT('',(-86.9633633978073,-45.964639624762,3.305395757827));
#5385=CARTESIAN_POINT('',(-85.9996059504777,-46.3620887842569,3.04088282274147));
#5386=CARTESIAN_POINT('',(-85.0382128002818,-45.9640052382104,3.30494753960044));
#5387=CARTESIAN_POINT('',(-86.,-46.2295,3.12897909806555));
#5388=CARTESIAN_POINT('',(-81.7814007771653,-45.7977958726996,-1.36985575619563));
#5389=CARTESIAN_POINT('',(-82.7634636865709,-45.0057753301289,-1.50238278566666));
#5390=CARTESIAN_POINT('',(-83.6964299039392,-44.1791028067848,-1.37161310113771));
#5391=CARTESIAN_POINT('',(-84.5496371201808,-43.3515697232826,-0.915269377016781));
#5392=CARTESIAN_POINT('',(-85.2067211476698,-42.6565727168934,-0.0295219812472773));
#5393=CARTESIAN_POINT('',(-85.4002907009017,-42.440828174198,1.27662332000445));
#5394=CARTESIAN_POINT('',(-84.9747021540008,-42.9084655195374,2.45100601170999));
#5395=CARTESIAN_POINT('',(-84.2198871136265,-43.6803618667492,3.14451235160257));
#5396=CARTESIAN_POINT('',(-83.3216264166229,-44.5204884156284,3.45997187998542));
#5397=CARTESIAN_POINT('',(-82.3670644282385,-45.3344894702309,3.4780846933234));
#5398=CARTESIAN_POINT('',(-81.3868452885324,-46.0954870065943,3.24870660431482));
#5399=CARTESIAN_POINT('',(-80.4322068023091,-46.7710561196856,2.77489729603875));
#5400=CARTESIAN_POINT('',(-79.7140769267187,-47.2349538862614,2.13310969581736));
#5401=CARTESIAN_POINT('',(-79.3553750684629,-47.4559231436917,1.38164521955943));
#5402=CARTESIAN_POINT('',(-79.3296882542959,-47.4715210430844,0.732222147800201));
#5403=CARTESIAN_POINT('',(-79.563467223331,-47.3280931151752,0.146691306635074));
#5404=CARTESIAN_POINT('',(-80.0543328011606,-47.0172524895342,-0.470126078259691));
#5405=CARTESIAN_POINT('',(-80.8167274939703,-46.5063043234212,-0.999299896719038));
#5406=CARTESIAN_POINT('',(-81.7814007771653,-45.7977958726996,-1.36985575619563));
#5407=CARTESIAN_POINT('',(-82.7634636865709,-45.0057753301289,-1.50238278566666));
#5408=CARTESIAN_POINT('',(-83.6964299039392,-44.1791028067848,-1.37161310113771));
#5409=CARTESIAN_POINT('',(-82.7552809045647,-45.,-1.4585));
#5410=CARTESIAN_POINT('',(65.,-24.,5.));
#5411=CARTESIAN_POINT('',(65.,-24.,-5.));
#5412=CARTESIAN_POINT('',(92.5,-24.,-5.));
#5413=CARTESIAN_POINT('',(65.,-51.5,-5.));
#5414=CARTESIAN_POINT('',(65.,-51.5,5.));
#5415=CARTESIAN_POINT('',(65.,-51.5,5.));
#5416=CARTESIAN_POINT('',(65.,-24.,5.));
#5417=CARTESIAN_POINT('',(92.5,-24.,5.));
#5418=CARTESIAN_POINT('',(92.5,-24.,5.));
#5419=CARTESIAN_POINT('',(40.,24.7876522993259,5.));
#5420=CARTESIAN_POINT('',(40.,24.7876522993259,-5.));
#5421=CARTESIAN_POINT('',(66.0472942637338,70.37041726086,-5.));
#5422=CARTESIAN_POINT('',(84.8900713307796,52.0113826814304,-5.));
#5423=CARTESIAN_POINT('',(84.8900713307794,52.0113826814305,-104.751725826515));
#5424=CARTESIAN_POINT('',(84.8900713307795,52.0113826814306,5.));
#5425=CARTESIAN_POINT('',(40.,24.7876522993259,5.));
#5426=CARTESIAN_POINT('',(66.0472942637338,70.37041726086,5.));
#5427=CARTESIAN_POINT('',(66.0472942637338,70.37041726086,5.));
#5428=CARTESIAN_POINT('',(-40.,24.7876522993259,5.));
#5429=CARTESIAN_POINT('',(-40.,24.7876522993259,-5.));
#5430=CARTESIAN_POINT('',(-92.5,24.7876522993259,-5.));
#5431=CARTESIAN_POINT('',(-85.908529540123,50.256396191863,-5.));
#5432=CARTESIAN_POINT('',(-85.908529540123,50.2563961918629,-104.751725826515));
#5433=CARTESIAN_POINT('',(-85.9085295401231,50.2563961918629,5.));
#5434=CARTESIAN_POINT('',(-40.,24.7876522993259,5.));
#5435=CARTESIAN_POINT('',(-92.5,24.7876522993259,5.));
#5436=CARTESIAN_POINT('',(-92.5,24.7876522993259,5.));
#5437=CARTESIAN_POINT('',(-65.,-24.,5.));
#5438=CARTESIAN_POINT('',(-65.,-24.,-5.));
#5439=CARTESIAN_POINT('',(-65.,-51.5,-5.));
#5440=CARTESIAN_POINT('',(-92.5,-24.,-5.));
#5441=CARTESIAN_POINT('',(-92.5,-24.,5.));
#5442=CARTESIAN_POINT('',(-92.5,-24.,5.));
#5443=CARTESIAN_POINT('',(-65.,-24.,5.));
#5444=CARTESIAN_POINT('',(-65.,-51.5,5.));
#5445=CARTESIAN_POINT('',(-65.,-51.5,5.));
#5446=CARTESIAN_POINT('',(32.7875289019139,86.4966197003647,5.));
#5447=CARTESIAN_POINT('',(32.7875289019139,86.4966197003647,-5.));
#5448=CARTESIAN_POINT('',(34.027876247806,88.6672275556759,-5.));
#5449=CARTESIAN_POINT('',(34.027876247806,88.6672275556759,5.));
#5450=CARTESIAN_POINT('',(34.027876247806,88.6672275556759,5.));
#5451=CARTESIAN_POINT('',(33.40770257486,87.5819236280203,6.24999999999999));
#5452=CARTESIAN_POINT('',(34.027876247806,88.6672275556759,5.));
#5453=CARTESIAN_POINT('',(34.027876247806,88.6672275556759,-5.));
#5454=CARTESIAN_POINT('',(34.027876247806,88.6672275556759,5.));
#5455=CARTESIAN_POINT('',(92.5,24.7876522993259,5.));
#5456=CARTESIAN_POINT('',(92.5,24.7876522993259,-5.));
#5457=CARTESIAN_POINT('',(92.5,24.7876522993259,5.));
#5458=CARTESIAN_POINT('',(65.,-51.5,5.));
#5459=CARTESIAN_POINT('',(65.,-51.5,-5.));
#5460=CARTESIAN_POINT('',(65.,-51.5,5.));
#5461=CARTESIAN_POINT('',(-92.5,-24.,5.));
#5462=CARTESIAN_POINT('',(-92.5,-24.,-5.));
#5463=CARTESIAN_POINT('',(-92.5,-24.,5.));
#5464=CARTESIAN_POINT('',(-66.0472942637338,70.37041726086,5.));
#5465=CARTESIAN_POINT('',(-66.0472942637338,70.37041726086,-5.));
#5466=CARTESIAN_POINT('',(-34.027876247806,88.6672275556759,-5.));
#5467=CARTESIAN_POINT('',(-34.027876247806,88.6672275556759,5.));
#5468=CARTESIAN_POINT('',(-34.027876247806,88.6672275556759,5.));
#5469=CARTESIAN_POINT('',(-66.0472942637338,70.37041726086,5.));
#5470=CARTESIAN_POINT('',(-32.7875289019139,86.4966197003647,5.));
#5471=CARTESIAN_POINT('',(-32.7875289019139,86.4966197003647,-5.));
#5472=CARTESIAN_POINT('',(-33.40770257486,87.5819236280203,6.25));
#5473=CARTESIAN_POINT('',(-40.,24.7876522993259,-5.));
#5474=CARTESIAN_POINT('',(86.,51.4824889310021,-5.));
#5475=CARTESIAN_POINT('',(-86.,51.4824889310021,-5.));
#5476=CARTESIAN_POINT('',(-23.3608890731341,70.,19.));
#5477=CARTESIAN_POINT('',(-23.3608890731341,91.,19.));
#5478=CARTESIAN_POINT('',(-23.3608890731341,91.,19.));
#5479=CARTESIAN_POINT('',(-23.3608890731341,91.,21.5));
#5480=CARTESIAN_POINT('',(-23.3608890731341,70.,21.5));
#5481=CARTESIAN_POINT('',(-33.7798067786276,88.2331059846136,21.5));
#5482=CARTESIAN_POINT('',(-33.7798067786276,88.2331059846136,19.));
#5483=CARTESIAN_POINT('',(-33.7798067786276,88.2331059846136,19.));
#5484=CARTESIAN_POINT('',(-23.3608890731341,70.,19.));
#5485=CARTESIAN_POINT('',(-33.7798067786276,88.2331059846136,19.));
#5486=CARTESIAN_POINT('',(-89.4806946917842,56.4040271770956,21.5));
#5487=CARTESIAN_POINT('',(-89.4806946917842,56.4040271770956,21.5));
#5488=CARTESIAN_POINT('',(-89.4806946917842,56.4040271770956,19.));
#5489=CARTESIAN_POINT('',(-89.4806946917842,56.4040271770956,19.));
#5490=CARTESIAN_POINT('',(-33.7798067786276,88.2331059846136,19.));
#5491=CARTESIAN_POINT('',(-92.,54.9644241438294,19.));
#5492=CARTESIAN_POINT('',(-92.,52.0628114664733,22.));
#5493=CARTESIAN_POINT('',(-92.,52.0628114664733,19.));
#5494=CARTESIAN_POINT('',(-92.,52.0628114664733,21.5));
#5495=CARTESIAN_POINT('',(-92.,-46.,21.5));
#5496=CARTESIAN_POINT('',(-92.,-46.,21.5));
#5497=CARTESIAN_POINT('',(-92.,-46.,19.));
#5498=CARTESIAN_POINT('',(-92.,-46.,19.));
#5499=CARTESIAN_POINT('',(-92.,54.9644241438294,19.));
#5500=CARTESIAN_POINT('',(-92.,-51.,19.));
#5501=CARTESIAN_POINT('',(-87.,-51.,22.));
#5502=CARTESIAN_POINT('',(-87.,-51.,19.));
#5503=CARTESIAN_POINT('',(-87.,-51.,21.5));
#5504=CARTESIAN_POINT('',(87.,-51.,21.5));
#5505=CARTESIAN_POINT('',(87.,-51.,21.5));
#5506=CARTESIAN_POINT('',(87.,-51.,19.));
#5507=CARTESIAN_POINT('',(87.,-51.,19.));
#5508=CARTESIAN_POINT('',(-92.,-51.,19.));
#5509=CARTESIAN_POINT('',(92.,-51.,19.));
#5510=CARTESIAN_POINT('',(92.,-46.,22.));
#5511=CARTESIAN_POINT('',(92.,-46.,19.));
#5512=CARTESIAN_POINT('',(92.,-46.,21.5));
#5513=CARTESIAN_POINT('',(92.,52.0628114664733,21.5));
#5514=CARTESIAN_POINT('',(92.,52.0628114664733,21.5));
#5515=CARTESIAN_POINT('',(92.,52.0628114664733,19.));
#5516=CARTESIAN_POINT('',(92.,52.0628114664733,19.));
#5517=CARTESIAN_POINT('',(92.,-51.,19.));
#5518=CARTESIAN_POINT('',(92.,54.9644241438294,19.));
#5519=CARTESIAN_POINT('',(89.4806946917842,56.4040271770956,22.));
#5520=CARTESIAN_POINT('',(89.4806946917842,56.4040271770956,19.));
#5521=CARTESIAN_POINT('',(89.4806946917842,56.4040271770956,21.5));
#5522=CARTESIAN_POINT('',(33.7798067786276,88.2331059846136,21.5));
#5523=CARTESIAN_POINT('',(33.7798067786276,88.2331059846136,21.5));
#5524=CARTESIAN_POINT('',(33.7798067786276,88.2331059846136,19.));
#5525=CARTESIAN_POINT('',(33.7798067786276,88.2331059846136,19.));
#5526=CARTESIAN_POINT('',(92.,54.9644241438294,19.));
#5527=CARTESIAN_POINT('',(23.3608890731341,70.,19.));
#5528=CARTESIAN_POINT('',(23.3608890731341,70.,21.5));
#5529=CARTESIAN_POINT('',(23.3608890731341,91.,21.5));
#5530=CARTESIAN_POINT('',(23.3608890731341,91.,19.));
#5531=CARTESIAN_POINT('',(23.3608890731341,91.,19.));
#5532=CARTESIAN_POINT('',(23.3608890731341,70.,19.));
#5533=CARTESIAN_POINT('',(23.3608890731341,91.,19.));
#5534=CARTESIAN_POINT('',(-23.3608890731341,91.,21.5));
#5535=CARTESIAN_POINT('',(23.3608890731341,91.,19.));
#5536=CARTESIAN_POINT('',(-23.3608890731341,70.,19.));
#5537=CARTESIAN_POINT('',(-40.,24.7876522993259,19.));
#5538=CARTESIAN_POINT('',(-90.5,24.7876522993259,19.));
#5539=CARTESIAN_POINT('',(-65.0550163870201,68.6339309766111,19.));
#5540=CARTESIAN_POINT('',(-33.0355983710923,86.9307412714269,19.));
#5541=CARTESIAN_POINT('',(-33.0355983710923,86.9307412714269,19.));
#5542=CARTESIAN_POINT('',(-23.3608890731341,70.,19.));
#5543=CARTESIAN_POINT('',(-23.3608890731341,89.5,19.));
#5544=CARTESIAN_POINT('',(-23.3608890731341,89.5,19.));
#5545=CARTESIAN_POINT('',(23.3608890731341,89.5,19.));
#5546=CARTESIAN_POINT('',(23.3608890731341,70.,19.));
#5547=CARTESIAN_POINT('',(33.0355983710923,86.930741271427,19.));
#5548=CARTESIAN_POINT('',(-2.18543438532519,107.057045703666,19.));
#5549=CARTESIAN_POINT('',(65.0550163870201,68.6339309766111,19.));
#5550=CARTESIAN_POINT('',(40.,24.7876522993259,19.));
#5551=CARTESIAN_POINT('',(90.5,24.7876522993259,19.));
#5552=CARTESIAN_POINT('',(90.5,70.,19.));
#5553=CARTESIAN_POINT('',(90.5,-24.,19.));
#5554=CARTESIAN_POINT('',(65.,-24.,19.));
#5555=CARTESIAN_POINT('',(65.,-49.5,19.));
#5556=CARTESIAN_POINT('',(-23.3608890731341,-49.5,19.));
#5557=CARTESIAN_POINT('',(-65.,-49.5,19.));
#5558=CARTESIAN_POINT('',(-65.,-24.,19.));
#5559=CARTESIAN_POINT('',(-90.5,-24.,19.));
#5560=CARTESIAN_POINT('',(-90.5,70.,19.));
#5561=CARTESIAN_POINT('',(86.,-45.,19.));
#5562=CARTESIAN_POINT('',(87.2295,-45.,19.));
#5563=CARTESIAN_POINT('',(86.,51.4824889310021,19.));
#5564=CARTESIAN_POINT('',(87.2295,51.4824889310021,19.));
#5565=CARTESIAN_POINT('',(-86.,51.4824889310021,19.));
#5566=CARTESIAN_POINT('',(-84.7705,51.4824889310021,19.));
#5567=CARTESIAN_POINT('',(-86.,-45.,19.));
#5568=CARTESIAN_POINT('',(-84.7705,-45.,19.));
#5569=CARTESIAN_POINT('',(87.,52.0628114664733,19.));
#5570=CARTESIAN_POINT('',(-87.,52.0628114664733,19.));
#5571=CARTESIAN_POINT('',(-87.,-46.,19.));
#5572=CARTESIAN_POINT('',(87.,-46.,19.));
#5573=CARTESIAN_POINT('',(-17.5,35.5,-16.));
#5574=CARTESIAN_POINT('',(1.49999999999999,35.5,8.));
#5575=CARTESIAN_POINT('',(-8.00000000000001,35.5,-4.));
#5576=CARTESIAN_POINT('',(-86.,-45.,22.));
#5577=CARTESIAN_POINT('',(-86.,-45.,22.));
#5578=CARTESIAN_POINT('',(-86.,51.4824889310021,22.));
#5579=CARTESIAN_POINT('',(-84.8900713307795,52.0113826814306,5.));
#5580=CARTESIAN_POINT('',(-84.8160657763643,51.8560757101148,5.14381237581208));
#5581=CARTESIAN_POINT('',(-84.7198894269137,51.5019002857356,5.40946209241764));
#5582=CARTESIAN_POINT('',(-84.8793190776119,50.8328738744474,5.61225327735639));
#5583=CARTESIAN_POINT('',(-85.3806255799396,50.3618700700441,5.41021176055205));
#5584=CARTESIAN_POINT('',(-85.7368386056517,50.2692048875116,5.14392108472152));
#5585=CARTESIAN_POINT('',(-85.9085295401232,50.2563961918629,5.00000000000003));
#5586=CARTESIAN_POINT('',(86.,51.4824889310021,22.));
#5587=CARTESIAN_POINT('',(85.9085295401232,50.2563961918629,5.));
#5588=CARTESIAN_POINT('',(85.736968290154,50.2691952126309,5.14381237581208));
#5589=CARTESIAN_POINT('',(85.3817410749163,50.3614109758294,5.40946209241763));
#5590=CARTESIAN_POINT('',(84.8799627390553,50.8317647301286,5.61225327735636));
#5591=CARTESIAN_POINT('',(84.7197345918238,51.5007039903557,5.41021176055204));
#5592=CARTESIAN_POINT('',(84.8160098349819,51.8559583123499,5.14392108472151));
#5593=CARTESIAN_POINT('',(84.8900713307795,52.0113826814306,5.00000000000002));
#5594=CARTESIAN_POINT('',(86.,-45.,22.));
#5595=CARTESIAN_POINT('',(86.,-45.,22.));
#5596=CARTESIAN_POINT('',(-87.,52.0628114664733,19.));
#5597=CARTESIAN_POINT('',(-87.,52.0628114664733,21.5));
#5598=CARTESIAN_POINT('',(-87.,-46.,19.));
#5599=CARTESIAN_POINT('',(-87.,-46.,21.5));
#5600=CARTESIAN_POINT('',(87.,-46.,19.));
#5601=CARTESIAN_POINT('',(87.,-46.,21.5));
#5602=CARTESIAN_POINT('',(87.,52.0628114664733,19.));
#5603=CARTESIAN_POINT('',(87.,52.0628114664733,21.5));
#5604=CARTESIAN_POINT('',(-66.0472942637338,70.37041726086,5.));
#5605=CARTESIAN_POINT('',(-66.0472942637338,70.37041726086,5.));
#5606=CARTESIAN_POINT('',(-40.,24.7876522993259,5.));
#5607=CARTESIAN_POINT('',(-92.5,24.7876522993259,5.));
#5608=CARTESIAN_POINT('',(-92.5,24.7876522993259,5.));
#5609=CARTESIAN_POINT('',(-92.5,-24.,5.));
#5610=CARTESIAN_POINT('',(-65.,-24.,5.));
#5611=CARTESIAN_POINT('',(-65.,-51.5,5.));
#5612=CARTESIAN_POINT('',(-40.,-51.5,5.));
#5613=CARTESIAN_POINT('',(65.,-51.5,5.));
#5614=CARTESIAN_POINT('',(65.,-24.,5.));
#5615=CARTESIAN_POINT('',(92.5,-24.,5.));
#5616=CARTESIAN_POINT('',(92.5,24.7876522993259,5.));
#5617=CARTESIAN_POINT('',(92.5,24.7876522993259,5.));
#5618=CARTESIAN_POINT('',(40.,24.7876522993259,5.));
#5619=CARTESIAN_POINT('',(66.0472942637338,70.37041726086,5.));
#5620=CARTESIAN_POINT('',(5.73960195604147,104.831955722398,5.));
#5621=CARTESIAN_POINT('',(-99.,54.4196774645288,22.));
#5622=CARTESIAN_POINT('',(-99.,54.4196774645288,-19.5));
#5623=CARTESIAN_POINT('',(-99.,54.4196774645288,21.));
#5624=CARTESIAN_POINT('',(-99.8649100931186,54.921604282722,20.1350899068814));
#5625=CARTESIAN_POINT('',(-99.,54.4196774645288,21.));
#5626=CARTESIAN_POINT('',(99.,-54.,22.));
#5627=CARTESIAN_POINT('',(99.,-54.,-19.5));
#5628=CARTESIAN_POINT('',(99.,-54.,21.));
#5629=CARTESIAN_POINT('',(99.7071067811866,-54.7071067811865,20.2928932188135));
#5630=CARTESIAN_POINT('',(99.,-54.,21.));
#5631=CARTESIAN_POINT('',(99.,54.4196774645288,22.));
#5632=CARTESIAN_POINT('',(99.,54.4196774645288,-19.5));
#5633=CARTESIAN_POINT('',(99.,54.4196774645288,21.));
#5634=CARTESIAN_POINT('',(99.8649100931186,54.921604282722,20.1350899068814));
#5635=CARTESIAN_POINT('',(99.,54.4196774645288,21.));
#5636=CARTESIAN_POINT('',(-99.,-54.,22.));
#5637=CARTESIAN_POINT('',(-99.,-54.,-19.5));
#5638=CARTESIAN_POINT('',(-99.,-54.,21.));
#5639=CARTESIAN_POINT('',(-99.7071067811866,-54.7071067811866,20.2928932188135));
#5640=CARTESIAN_POINT('',(-99.,-54.,21.));
#5641=CARTESIAN_POINT('',(47.3154144309786,82.8019752542126,22.));
#5642=CARTESIAN_POINT('',(34.7720846553412,89.9695922688625,22.));
#5643=CARTESIAN_POINT('',(84.6293498291205,46.0800653209939,35.3706501708795));
#5644=CARTESIAN_POINT('',(23.3608890731341,70.,22.));
#5645=CARTESIAN_POINT('',(23.3608890731341,93.,22.));
#5646=CARTESIAN_POINT('',(98.,0.,22.));
#5647=CARTESIAN_POINT('',(65.3333333333333,-20.3333333333333,54.6666666666667));
#5648=CARTESIAN_POINT('',(-2.15105711021124E-14,93.,22.));
#5649=CARTESIAN_POINT('',(-23.3608890731341,93.,22.));
#5650=CARTESIAN_POINT('',(0.,-53.,22.));
#5651=CARTESIAN_POINT('',(-80.3333333333333,-35.3333333333333,39.6666666666667));
#5652=CARTESIAN_POINT('',(-23.3608890731341,70.,22.));
#5653=CARTESIAN_POINT('',(-34.7720846553413,89.9695922688626,22.));
#5654=CARTESIAN_POINT('',(-98.,0.,22.));
#5655=CARTESIAN_POINT('',(-84.6293498291206,46.0800653209941,35.3706501708794));
#5656=CARTESIAN_POINT('',(-47.3154144309786,82.8019752542126,22.));
#5657=CARTESIAN_POINT('',(90.,-55.,18.5));
#5658=CARTESIAN_POINT('',(90.5,-24.,19.));
#5659=CARTESIAN_POINT('',(90.,24.7876522993259,18.5));
#5660=CARTESIAN_POINT('',(40.,24.7876522993259,18.5));
#5661=CARTESIAN_POINT('',(64.8069469178417,68.1998094055489,18.5));
#5662=CARTESIAN_POINT('',(65.,-24.,19.));
#5663=CARTESIAN_POINT('',(65.,-49.5,19.));
#5664=CARTESIAN_POINT('',(97.023166369859,49.7905411472532,18.5));
#5665=CARTESIAN_POINT('',(32.7875289019139,86.4966197003647,18.5));
#5666=CARTESIAN_POINT('',(-100.,-49.,18.5));
#5667=CARTESIAN_POINT('',(-65.,-49.5,19.));
#5668=CARTESIAN_POINT('',(23.3608890731341,70.,19.));
#5669=CARTESIAN_POINT('',(23.3608890731341,89.,18.5));
#5670=CARTESIAN_POINT('',(-65.,-24.,19.));
#5671=CARTESIAN_POINT('',(-90.5,-24.,19.));
#5672=CARTESIAN_POINT('',(30.,89.,18.5));
#5673=CARTESIAN_POINT('',(-23.3608890731341,89.,18.5));
#5674=CARTESIAN_POINT('',(-90.,55.,18.5));
#5675=CARTESIAN_POINT('',(-90.5,24.7876522993259,19.));
#5676=CARTESIAN_POINT('',(-23.3608890731341,70.,19.));
#5677=CARTESIAN_POINT('',(-32.7875289019139,86.4966197003647,18.5));
#5678=CARTESIAN_POINT('',(-40.,24.7876522993259,18.5));
#5679=CARTESIAN_POINT('',(-65.0550163870201,68.6339309766111,19.));
#5680=CARTESIAN_POINT('',(-27.023166369859,89.7905411472532,18.5));
#5681=CARTESIAN_POINT('',(87.,52.0628114664733,22.));
#5682=CARTESIAN_POINT('',(89.4806946917842,56.4040271770956,21.5));
#5683=CARTESIAN_POINT('',(92.5,52.0628114664733,22.));
#5684=CARTESIAN_POINT('',(92.,-51.,21.5));
#5685=CARTESIAN_POINT('',(92.5,-46.,22.));
#5686=CARTESIAN_POINT('',(92.,54.9644241438294,21.5));
#5687=CARTESIAN_POINT('',(33.7798067786276,88.2331059846136,21.5));
#5688=CARTESIAN_POINT('',(87.,-46.,22.));
#5689=CARTESIAN_POINT('',(87.,-51.5,22.));
#5690=CARTESIAN_POINT('',(23.3608890731341,70.,21.5));
#5691=CARTESIAN_POINT('',(23.3608890731341,91.,21.5));
#5692=CARTESIAN_POINT('',(-92.,-51.,21.5));
#5693=CARTESIAN_POINT('',(-87.,-51.5,22.));
#5694=CARTESIAN_POINT('',(23.3608890731341,91.,21.5));
#5695=CARTESIAN_POINT('',(-23.3608890731341,91.,21.5));
#5696=CARTESIAN_POINT('',(-87.,-46.,22.));
#5697=CARTESIAN_POINT('',(-92.5,-46.,22.));
#5698=CARTESIAN_POINT('',(-23.3608890731341,70.,21.5));
#5699=CARTESIAN_POINT('',(-33.7798067786276,88.2331059846136,21.5));
#5700=CARTESIAN_POINT('',(-92.,54.9644241438294,21.5));
#5701=CARTESIAN_POINT('',(-92.5,52.0628114664733,22.));
#5702=CARTESIAN_POINT('',(-33.7798067786276,88.2331059846136,21.5));
#5703=CARTESIAN_POINT('',(-89.4806946917842,56.4040271770956,21.5));
#5704=CARTESIAN_POINT('',(-87.,52.0628114664733,22.));
#5705=CARTESIAN_POINT('',(-2.07010334799899E-14,89.5,-20.));
#5706=CARTESIAN_POINT('',(23.3608890731341,89.,-19.5));
#5707=CARTESIAN_POINT('',(23.3608890731341,70.,-19.5));
#5708=CARTESIAN_POINT('',(32.7875289019139,86.4966197003647,-19.5));
#5709=CARTESIAN_POINT('',(45.5789281467297,79.763124256777,-20.));
#5710=CARTESIAN_POINT('',(64.8069469178417,68.1998094055488,-19.5));
#5711=CARTESIAN_POINT('',(40.,24.7876522993259,-19.5));
#5712=CARTESIAN_POINT('',(90.,24.7876522993259,-19.5));
#5713=CARTESIAN_POINT('',(90.5,0.,-20.));
#5714=CARTESIAN_POINT('',(90.,-24.,-19.5));
#5715=CARTESIAN_POINT('',(65.,-24.,-20.));
#5716=CARTESIAN_POINT('',(65.,-49.,-19.5));
#5717=CARTESIAN_POINT('',(0.,-49.5,-20.));
#5718=CARTESIAN_POINT('',(-65.,-49.,-19.5));
#5719=CARTESIAN_POINT('',(-65.,-24.,-20.));
#5720=CARTESIAN_POINT('',(-90.,-24.,-19.5));
#5721=CARTESIAN_POINT('',(-90.5,0.,-20.));
#5722=CARTESIAN_POINT('',(-90.,24.7876522993259,-19.5));
#5723=CARTESIAN_POINT('',(-40.,24.7876522993259,-19.5));
#5724=CARTESIAN_POINT('',(-64.8069469178417,68.1998094055489,-19.5));
#5725=CARTESIAN_POINT('',(-45.5789281467297,79.763124256777,-20.));
#5726=CARTESIAN_POINT('',(-32.7875289019139,86.4966197003647,-19.5));
#5727=CARTESIAN_POINT('',(-23.3608890731341,70.,-19.5));
#5728=CARTESIAN_POINT('',(-23.3608890731341,89.,-19.5));
#5729=CARTESIAN_POINT('',(-2.07010334799899E-14,89.5,-20.));
#5730=CARTESIAN_POINT('',(30.,95.,-19.5));
#5731=CARTESIAN_POINT('',(23.3608890731341,94.5,-20.));
#5732=CARTESIAN_POINT('',(23.3608890731341,70.,-20.));
#5733=CARTESIAN_POINT('',(35.5162930628765,91.2719569820492,-20.));
#5734=CARTESIAN_POINT('',(100.,55.,-19.5));
#5735=CARTESIAN_POINT('',(99.2480694691784,54.853799035591,-20.));
#5736=CARTESIAN_POINT('',(99.,54.4196774645288,-20.));
#5737=CARTESIAN_POINT('',(99.5,54.4196774645288,-20.));
#5738=CARTESIAN_POINT('',(100.,-55.,-19.5));
#5739=CARTESIAN_POINT('',(99.5,-54.,-20.));
#5740=CARTESIAN_POINT('',(99.,-54.,-20.));
#5741=CARTESIAN_POINT('',(99.,-54.5,-20.));
#5742=CARTESIAN_POINT('',(-100.,-55.,-19.5));
#5743=CARTESIAN_POINT('',(-99.,-54.5,-20.));
#5744=CARTESIAN_POINT('',(-99.,-54.,-20.));
#5745=CARTESIAN_POINT('',(-99.5,-54.,-20.));
#5746=CARTESIAN_POINT('',(-100.,55.,-19.5));
#5747=CARTESIAN_POINT('',(-99.5,54.4196774645288,-20.));
#5748=CARTESIAN_POINT('',(-99.,54.4196774645288,-20.));
#5749=CARTESIAN_POINT('',(-99.2480694691784,54.853799035591,-20.));
#5750=CARTESIAN_POINT('',(-30.,95.,-19.5));
#5751=CARTESIAN_POINT('',(-35.5162930628765,91.2719569820492,-20.));
#5752=CARTESIAN_POINT('',(-23.3608890731341,70.,-20.));
#5753=CARTESIAN_POINT('',(-23.3608890731341,94.5,-20.));
#5754=CARTESIAN_POINT('',(30.,95.,-19.5));
#5755=MECHANICAL_DESIGN_GEOMETRIC_PRESENTATION_REPRESENTATION('',(#2571,
#2572,#2573,#2574,#2575,#2576,#2577,#2578,#2579,#2580,#2581,#2582,#2583,
#2584,#2585,#2586,#2587,#2588,#2589,#2590,#2591,#2592,#2593,#2594,#2595,
#2596,#2597,#2598,#2599,#2600,#2601,#2602,#2603,#2604,#2605,#2606,#2607,
#2608,#2609,#2610,#2611,#2612,#2613,#2614,#2615,#2616,#2617,#2618,#2619,
#2620,#2621,#2622,#2623,#2624,#2625,#2626,#2627,#2628,#2629,#2630,#2631,
#2632,#2633,#2634,#2635,#2636,#2637,#2638,#2639,#2640,#2641,#2642,#2643,
#2644,#2645,#2646,#2647,#2648,#2649,#2650,#2651,#2652,#2653,#2654,#2655,
#2656,#2657,#2658,#2659,#2660,#2661,#2662,#2663,#2664,#2665,#2666,#2667,
#2668,#2669,#2670,#2671,#2672,#2673,#2674,#2675,#2676,#2677,#2678,#2679,
#2680,#2681,#2682,#2683,#2684,#2685,#2686,#2687,#2688,#2689,#2690,#2691,
#2692,#2693,#2694,#2695,#2696,#2697,#2698,#2699,#2700,#2701,#2702,#2703,
#2704,#2705,#2706,#2707,#2708,#2709,#2710,#2711,#2712,#2713,#2714,#2715,
#2716,#2717,#2718,#2719,#2720,#2721,#2722,#2723,#2724,#2725),#5756);
#5756=(
GEOMETRIC_REPRESENTATION_CONTEXT(3)
GLOBAL_UNCERTAINTY_ASSIGNED_CONTEXT((#5757))
GLOBAL_UNIT_ASSIGNED_CONTEXT((#5760,#5759,#5758))
REPRESENTATION_CONTEXT('CURIOSITY-PIC64GX1000_Housing_2',
'TOP_LEVEL_ASSEMBLY_PART')
);
#5757=UNCERTAINTY_MEASURE_WITH_UNIT(LENGTH_MEASURE(0.005),#5760,
'DISTANCE_ACCURACY_VALUE','Maximum Tolerance applied to model');
#5758=(
NAMED_UNIT(*)
SI_UNIT($,.STERADIAN.)
SOLID_ANGLE_UNIT()
);
#5759=(
NAMED_UNIT(*)
PLANE_ANGLE_UNIT()
SI_UNIT($,.RADIAN.)
);
#5760=(
LENGTH_UNIT()
NAMED_UNIT(*)
SI_UNIT(.MILLI.,.METRE.)
);
#5761=PRODUCT_DEFINITION_SHAPE('','',#5762);
#5762=PRODUCT_DEFINITION('','',#5764,#5763);
#5763=PRODUCT_DEFINITION_CONTEXT('',#5770,'design');
#5764=PRODUCT_DEFINITION_FORMATION_WITH_SPECIFIED_SOURCE('','',#5766,
 .NOT_KNOWN.);
#5765=PRODUCT_RELATED_PRODUCT_CATEGORY('','',(#5766));
#5766=PRODUCT('CURIOSITY-PIC64GX1000_Housing_2',
'CURIOSITY-PIC64GX1000_Housing_2','CURIOSITY-PIC64GX1000_Housing_2',(#5768));
#5767=PRODUCT_CATEGORY('','');
#5768=PRODUCT_CONTEXT('',#5770,'mechanical');
#5769=APPLICATION_PROTOCOL_DEFINITION('international standard',
'automotive_design',2010,#5770);
#5770=APPLICATION_CONTEXT(
'core data for automotive mechanical design processes');
ENDSEC;
END-ISO-10303-21;
