ISO-10303-21;
HEADER;
/* Generated by software containing ST-Developer
 * from STEP Tools, Inc. (www.steptools.com) 
 */
/* OPTION: strings as raw bytes, not using required /X/ escapes */

FILE_DESCRIPTION(
/* description */ ('Unknown'),
/* implementation_level */ '2;1');

FILE_NAME(
/* name */ 'CURIOSITY_PIC64GX1000_tild_maze',
/* time_stamp */ '2026-09-21T15:55:00+02:00',
/* author */ ('Unknown'),
/* organization */ ('Unknown'),
/* preprocessor_version */ 'ST-DEVELOPER v18.102',
/* originating_system */ 'Solid Edge',
/* authorisation */ 'Unknown');

FILE_SCHEMA (('AUTOMOTIVE_DESIGN {1 0 10303 214 3 1 1}'));
ENDSEC;

DATA;
#10=PROPERTY_DEFINITION_REPRESENTATION(#14,#12);
#11=PROPERTY_DEFINITION_REPRESENTATION(#15,#13);
#12=REPRESENTATION('',(#16),#12223);
#13=REPRESENTATION('',(#17),#12223);
#14=PROPERTY_DEFINITION('pmi validation property','',#12240);
#15=PROPERTY_DEFINITION('pmi validation property','',#12240);
#16=VALUE_REPRESENTATION_ITEM('number of annotations',COUNT_MEASURE(0.));
#17=VALUE_REPRESENTATION_ITEM('number of views',COUNT_MEASURE(0.));
#18=SURFACE_STYLE_RENDERING_WITH_PROPERTIES(.CONSTANT_SHADING.,#22,(#20));
#19=SURFACE_STYLE_RENDERING_WITH_PROPERTIES(.CONSTANT_SHADING.,#22,(#21));
#20=SURFACE_STYLE_TRANSPARENT(0.850000023841858);
#21=SURFACE_STYLE_TRANSPARENT(0.850000023841858);
#22=DRAUGHTING_PRE_DEFINED_COLOUR('white');
#23=ELLIPSE('',#8177,1.4142135623731,1.);
#24=ELLIPSE('',#8178,1.4142135623731,1.);
#25=ELLIPSE('',#8181,1.4142135623731,1.);
#26=ELLIPSE('',#8182,1.4142135623731,1.);
#27=ELLIPSE('',#8185,1.41421356237309,1.);
#28=ELLIPSE('',#8186,1.4142135623731,1.);
#29=ELLIPSE('',#8189,1.4142135623731,1.);
#30=ELLIPSE('',#8190,1.4142135623731,1.);
#31=CONICAL_SURFACE('',#8167,52.5,0.785398163397448);
#32=CONICAL_SURFACE('',#8169,27.5,0.785398163397447);
#33=CONICAL_SURFACE('',#8171,27.5,0.785398163397447);
#34=CONICAL_SURFACE('',#8173,52.5,0.785398163397447);
#35=CONICAL_SURFACE('',#8192,23.,0.785398163397447);
#36=CONICAL_SURFACE('',#8196,23.,0.785398163397447);
#37=CONICAL_SURFACE('',#8200,50.,0.785398163397448);
#38=CONICAL_SURFACE('',#8201,25.5,0.785398163397455);
#39=CONICAL_SURFACE('',#8204,19.5,0.785398163397452);
#40=CONICAL_SURFACE('',#8205,25.5,0.785398163397455);
#41=CONICAL_SURFACE('',#8208,19.5,0.785398163397447);
#42=CONICAL_SURFACE('',#8209,50.,0.785398163397455);
#43=CONICAL_SURFACE('',#8211,5.50000000000001,0.785398163397453);
#44=CONICAL_SURFACE('',#8214,5.5,0.785398163397446);
#45=CONICAL_SURFACE('',#8215,21.,0.785398163397441);
#46=CONICAL_SURFACE('',#8218,5.50000000000001,0.785398163397453);
#47=CONICAL_SURFACE('',#8219,21.,0.785398163397448);
#48=CONICAL_SURFACE('',#8222,5.5,0.785398163397448);
#49=CONICAL_SURFACE('',#8224,19.,0.785398163397462);
#50=CONICAL_SURFACE('',#8226,50.,0.785398163397448);
#51=CONICAL_SURFACE('',#8228,25.5,0.785398163397448);
#52=CONICAL_SURFACE('',#8230,25.5,0.785398163397441);
#53=CONICAL_SURFACE('',#8232,50.,0.785398163397455);
#54=CONICAL_SURFACE('',#8234,19.,0.785398163397452);
#55=CONICAL_SURFACE('',#8237,24.5,0.785398163397455);
#56=CONICAL_SURFACE('',#8239,0.5,0.785398163397447);
#57=CONICAL_SURFACE('',#8241,0.5,0.785398163397447);
#58=CONICAL_SURFACE('',#8243,0.5,0.785398163397447);
#59=CONICAL_SURFACE('',#8245,0.5,0.785398163397448);
#60=CONICAL_SURFACE('',#8247,24.5,0.785398163397441);
#61=CONICAL_SURFACE('',#8294,3.47,0.785398163397448);
#62=CONICAL_SURFACE('',#8297,3.47,0.785398163397448);
#63=CONICAL_SURFACE('',#8300,3.47,0.785398163397448);
#64=CONICAL_SURFACE('',#8303,3.47,0.785398163397448);
#65=CONICAL_SURFACE('',#8306,3.47,0.785398163397448);
#66=CONICAL_SURFACE('',#8309,3.47,0.785398163397448);
#67=CONICAL_SURFACE('',#8312,3.47,0.785398163397448);
#68=CONICAL_SURFACE('',#8315,3.47,0.785398163397448);
#69=CONICAL_SURFACE('',#8357,3.47,0.785398163397448);
#70=CONICAL_SURFACE('',#8360,3.47,0.785398163397448);
#71=CONICAL_SURFACE('',#8363,3.47,0.785398163397448);
#72=CONICAL_SURFACE('',#8366,3.47,0.785398163397448);
#73=B_SPLINE_CURVE_WITH_KNOTS('',3,(#11086,#11087,#11088,#11089,#11090,
#11091,#11092,#11093,#11094,#11095,#11096,#11097,#11098),.UNSPECIFIED.,
 .T.,.F.,(1,1,1,1,1,1,1,1,1,1,1,1,1,1,1,1,1),(-0.00400173995646694,-0.00300130496735021,
-0.00200086997823347,0.,0.00200086997823347,0.00400173995646694,0.00600260993470041,
0.00800347991293388,0.0100043498911674,0.0110047848802841,0.0120052198694008,
0.0130056548585176,0.0140060898476343,0.0160069598258678,0.0180078298041012,
0.0200086997823347,0.0220095697605682),.UNSPECIFIED.);
#74=B_SPLINE_CURVE_WITH_KNOTS('',3,(#11263,#11264,#11265,#11266,#11267,
#11268,#11269,#11270,#11271,#11272,#11273),.UNSPECIFIED.,.T.,.F.,(1,1,1,
1,1,1,1,1,1,1,1,1,1,1,1),(-0.00293073069463245,-0.0019538204630883,-0.000976910231544137,
2.08572996658799E-17,0.000976910231544179,0.00195382046308834,0.0029307306946325,
0.00390764092617665,0.00488455115772081,0.00586146138926497,0.00683837162080913,
0.00781528185235329,0.00879219208389744,0.0097691023154416,0.0107460125469858),
 .UNSPECIFIED.);
#75=B_SPLINE_CURVE_WITH_KNOTS('',3,(#11275,#11276,#11277,#11278,#11279,
#11280,#11281,#11282,#11283,#11284,#11285),.UNSPECIFIED.,.T.,.F.,(1,1,1,
1,1,1,1,1,1,1,1,1,1,1,1),(-0.00293033629157117,-0.00195355752771411,-0.000976778763857055,
0.,0.000976778763857055,0.00195355752771411,0.00293033629157117,0.00390711505542822,
0.00488389381928528,0.00586067258314233,0.00683745134699939,0.00781423011085644,
0.0087910088747135,0.00976778763857055,0.0107445664024276),
 .UNSPECIFIED.);
#76=B_SPLINE_CURVE_WITH_KNOTS('',3,(#11287,#11288,#11289,#11290,#11291,
#11292,#11293,#11294,#11295,#11296,#11297,#11298,#11299,#11300,#11301,#11302,
#11303,#11304,#11305,#11306,#11307),.UNSPECIFIED.,.T.,.F.,(1,1,1,1,1,1,
1,1,1,1,1,1,1,1,1,1,1,1,1,1,1,1,1,1,1),(-0.00374167978952086,-0.0024944531930139,
-0.00124722659650695,8.67361737988404E-19,0.00124722659650695,0.0024944531930139,
0.00374167978952086,0.00436529308777433,0.00498890638602781,0.00561251968428128,
0.00623613298253476,0.00748335957904171,0.00873058617554866,0.00997781277205561,
0.0112250393685626,0.0124722659650695,0.0137194925615765,0.0149667191580834,
0.0162139457545904,0.0174611723510973,0.0187083989476043,0.0199556255441112,
0.0212028521406182,0.0224500787371251,0.0236973053336321),.UNSPECIFIED.);
#77=B_SPLINE_CURVE_WITH_KNOTS('',3,(#11561,#11562,#11563,#11564,#11565,
#11566,#11567,#11568,#11569,#11570,#11571,#11572,#11573),.UNSPECIFIED.,
 .T.,.F.,(1,1,1,1,1,1,1,1,1,1,1,1,1,1,1,1,1),(-0.00599992170497981,-0.00399994780331987,
-0.00199997390165993,6.9928938926747E-18,0.00199997390165994,0.00299996085248991,
0.00399994780331988,0.00499993475414985,0.00599992170497982,0.00799989560663976,
0.00999986950829969,0.0119998434099596,0.0139998173116196,0.0159997912132795,
0.0179997651149394,0.0189997520657694,0.0199997390165994),.UNSPECIFIED.);
#78=B_SPLINE_CURVE_WITH_KNOTS('',3,(#11577,#11578,#11579,#11580,#11581,
#11582,#11583,#11584,#11585,#11586,#11587),.UNSPECIFIED.,.T.,.F.,(1,1,1,
1,1,1,1,1,1,1,1,1,1,1,1),(-0.00293073069463247,-0.00195382046308831,-0.000976910231544147,
1.39048664439199E-17,0.000976910231544175,0.00195382046308834,0.0029307306946325,
0.00390764092617666,0.00488455115772082,0.00586146138926498,0.00683837162080914,
0.0078152818523533,0.00879219208389746,0.00976910231544162,0.0107460125469858),
 .UNSPECIFIED.);
#79=B_SPLINE_CURVE_WITH_KNOTS('',3,(#11589,#11590,#11591,#11592,#11593,
#11594,#11595,#11596,#11597,#11598,#11599),.UNSPECIFIED.,.T.,.F.,(1,1,1,
1,1,1,1,1,1,1,1,1,1,1,1),(-0.00293033629157116,-0.00195355752771411,-0.000976778763857054,
0.,0.000976778763857054,0.00195355752771411,0.00293033629157116,0.00390711505542822,
0.00488389381928527,0.00586067258314233,0.00683745134699938,0.00781423011085644,
0.00879100887471349,0.00976778763857054,0.0107445664024276),
 .UNSPECIFIED.);
#80=B_SPLINE_CURVE_WITH_KNOTS('',3,(#11601,#11602,#11603,#11604,#11605,
#11606,#11607,#11608,#11609,#11610,#11611,#11612,#11613,#11614,#11615,#11616,
#11617,#11618,#11619,#11620,#11621),.UNSPECIFIED.,.T.,.F.,(1,1,1,1,1,1,
1,1,1,1,1,1,1,1,1,1,1,1,1,1,1,1,1,1,1),(-0.00373574410994907,-0.00249049607329938,
-0.00124524803664969,8.67361737988404E-19,0.00124524803664969,0.00249049607329938,
0.00373574410994907,0.00498099214659875,0.00622624018324844,0.00747148821989813,
0.00871673625654782,0.00996198429319751,0.0112072323298472,0.0124524803664969,
0.0136977284031466,0.0143203524214714,0.0149429764397963,0.0155656004581211,
0.0161882244764459,0.0174334725130956,0.0186787205497453,0.019923968586395,
0.0211692166230447,0.0224144646596944,0.0236597126963441),.UNSPECIFIED.);
#81=B_SPLINE_CURVE_WITH_KNOTS('',3,(#11792,#11793,#11794,#11795,#11796,
#11797,#11798),.UNSPECIFIED.,.F.,.F.,(4,1,1,1,4),(4.60355868346488E-17,
0.00066484593706846,0.00132969187413687,0.00199453781120529,0.0026593837482737),
 .UNSPECIFIED.);
#82=B_SPLINE_CURVE_WITH_KNOTS('',3,(#11800,#11801,#11802,#11803,#11804,
#11805,#11806),.UNSPECIFIED.,.F.,.F.,(4,1,1,1,4),(3.48782968875914E-17,
0.000664845937068438,0.00132969187413684,0.00199453781120525,0.00265938374827365),
 .UNSPECIFIED.);
#83=CONTEXT_DEPENDENT_SHAPE_REPRESENTATION(#95,#12242);
#84=CONTEXT_DEPENDENT_SHAPE_REPRESENTATION(#96,#12244);
#85=CONTEXT_DEPENDENT_SHAPE_REPRESENTATION(#97,#12246);
#86=CONTEXT_DEPENDENT_SHAPE_REPRESENTATION(#98,#12248);
#87=CONTEXT_DEPENDENT_SHAPE_REPRESENTATION(#99,#12250);
#88=CONTEXT_DEPENDENT_SHAPE_REPRESENTATION(#100,#12252);
#89=NEXT_ASSEMBLY_USAGE_OCCURRENCE(
'CURIOSITY-PIC64GX1000_BRD_Rev3P0_25-0119_PCB_031425',
'CURIOSITY-PIC64GX1000_BRD_Rev3P0_25-0119_PCB_031425',
'CURIOSITY-PIC64GX1000_BRD_Rev3P0_25-0119_PCB_031425',#12253,#12254,'');
#90=NEXT_ASSEMBLY_USAGE_OCCURRENCE('CURIOSITY-PIC64GX1000_Housing',
'CURIOSITY-PIC64GX1000_Housing','CURIOSITY-PIC64GX1000_Housing',#12253,
#12255,'');
#91=NEXT_ASSEMBLY_USAGE_OCCURRENCE('rhinogripv2','rhinogripv2',
'rhinogripv2',#12253,#12256,'');
#92=NEXT_ASSEMBLY_USAGE_OCCURRENCE('rhinogripv2_mir','rhinogripv2_mir',
'rhinogripv2_mir',#12253,#12257,'');
#93=NEXT_ASSEMBLY_USAGE_OCCURRENCE('CURIOSITY-PIC64GX1000_Bottom',
'CURIOSITY-PIC64GX1000_Bottom','CURIOSITY-PIC64GX1000_Bottom',#12253,#12258,
'');
#94=NEXT_ASSEMBLY_USAGE_OCCURRENCE('CURIOSITY-PIC64GX1000_Top',
'CURIOSITY-PIC64GX1000_Top','CURIOSITY-PIC64GX1000_Top',#12253,#12259,
'');
#95=(
REPRESENTATION_RELATIONSHIP(' ',' ',#7643,#7644)
REPRESENTATION_RELATIONSHIP_WITH_TRANSFORMATION(#101)
SHAPE_REPRESENTATION_RELATIONSHIP()
);
#96=(
REPRESENTATION_RELATIONSHIP(' ',' ',#7645,#7644)
REPRESENTATION_RELATIONSHIP_WITH_TRANSFORMATION(#102)
SHAPE_REPRESENTATION_RELATIONSHIP()
);
#97=(
REPRESENTATION_RELATIONSHIP(' ',' ',#7646,#7644)
REPRESENTATION_RELATIONSHIP_WITH_TRANSFORMATION(#103)
SHAPE_REPRESENTATION_RELATIONSHIP()
);
#98=(
REPRESENTATION_RELATIONSHIP(' ',' ',#7647,#7644)
REPRESENTATION_RELATIONSHIP_WITH_TRANSFORMATION(#104)
SHAPE_REPRESENTATION_RELATIONSHIP()
);
#99=(
REPRESENTATION_RELATIONSHIP(' ',' ',#7648,#7644)
REPRESENTATION_RELATIONSHIP_WITH_TRANSFORMATION(#105)
SHAPE_REPRESENTATION_RELATIONSHIP()
);
#100=(
REPRESENTATION_RELATIONSHIP(' ',' ',#7649,#7644)
REPRESENTATION_RELATIONSHIP_WITH_TRANSFORMATION(#106)
SHAPE_REPRESENTATION_RELATIONSHIP()
);
#101=ITEM_DEFINED_TRANSFORMATION(' ',' ',#7650,#7983);
#102=ITEM_DEFINED_TRANSFORMATION(' ',' ',#7650,#8249);
#103=ITEM_DEFINED_TRANSFORMATION(' ',' ',#7650,#8250);
#104=ITEM_DEFINED_TRANSFORMATION(' ',' ',#7650,#8251);
#105=ITEM_DEFINED_TRANSFORMATION(' ',' ',#7650,#8318);
#106=ITEM_DEFINED_TRANSFORMATION(' ',' ',#7650,#8368);
#107=SHAPE_REPRESENTATION_RELATIONSHIP('','',#7643,#111);
#108=SHAPE_REPRESENTATION_RELATIONSHIP('','',#7645,#112);
#109=SHAPE_REPRESENTATION_RELATIONSHIP('','',#7648,#113);
#110=SHAPE_REPRESENTATION_RELATIONSHIP('','',#7649,#114);
#111=ADVANCED_BREP_SHAPE_REPRESENTATION('',(#7632),#12224);
#112=ADVANCED_BREP_SHAPE_REPRESENTATION('',(#7633),#12225);
#113=ADVANCED_BREP_SHAPE_REPRESENTATION('',(#7634),#12228);
#114=ADVANCED_BREP_SHAPE_REPRESENTATION('',(#7635),#12229);
#115=PLANE('',#7657);
#116=PLANE('',#7661);
#117=PLANE('',#7665);
#118=PLANE('',#7669);
#119=PLANE('',#7673);
#120=PLANE('',#7677);
#121=PLANE('',#7681);
#122=PLANE('',#7685);
#123=PLANE('',#7857);
#124=PLANE('',#7861);
#125=PLANE('',#7865);
#126=PLANE('',#7869);
#127=PLANE('',#7879);
#128=PLANE('',#7883);
#129=PLANE('',#7887);
#130=PLANE('',#7891);
#131=PLANE('',#7919);
#132=PLANE('',#7923);
#133=PLANE('',#7927);
#134=PLANE('',#7931);
#135=PLANE('',#7935);
#136=PLANE('',#7939);
#137=PLANE('',#7946);
#138=PLANE('',#7950);
#139=PLANE('',#7954);
#140=PLANE('',#7958);
#141=PLANE('',#7968);
#142=PLANE('',#7969);
#143=PLANE('',#7976);
#144=PLANE('',#7978);
#145=PLANE('',#7980);
#146=PLANE('',#7981);
#147=PLANE('',#7990);
#148=PLANE('',#7995);
#149=PLANE('',#7996);
#150=PLANE('',#7997);
#151=PLANE('',#7998);
#152=PLANE('',#7999);
#153=PLANE('',#8018);
#154=PLANE('',#8019);
#155=PLANE('',#8020);
#156=PLANE('',#8021);
#157=PLANE('',#8022);
#158=PLANE('',#8039);
#159=PLANE('',#8040);
#160=PLANE('',#8041);
#161=PLANE('',#8058);
#162=PLANE('',#8063);
#163=PLANE('',#8064);
#164=PLANE('',#8067);
#165=PLANE('',#8068);
#166=PLANE('',#8071);
#167=PLANE('',#8072);
#168=PLANE('',#8088);
#169=PLANE('',#8089);
#170=PLANE('',#8090);
#171=PLANE('',#8091);
#172=PLANE('',#8092);
#173=PLANE('',#8093);
#174=PLANE('',#8094);
#175=PLANE('',#8095);
#176=PLANE('',#8112);
#177=PLANE('',#8113);
#178=PLANE('',#8114);
#179=PLANE('',#8115);
#180=PLANE('',#8116);
#181=PLANE('',#8117);
#182=PLANE('',#8118);
#183=PLANE('',#8119);
#184=PLANE('',#8125);
#185=PLANE('',#8126);
#186=PLANE('',#8127);
#187=PLANE('',#8128);
#188=PLANE('',#8129);
#189=PLANE('',#8133);
#190=PLANE('',#8134);
#191=PLANE('',#8166);
#192=PLANE('',#8168);
#193=PLANE('',#8170);
#194=PLANE('',#8172);
#195=PLANE('',#8174);
#196=PLANE('',#8191);
#197=PLANE('',#8193);
#198=PLANE('',#8194);
#199=PLANE('',#8195);
#200=PLANE('',#8197);
#201=PLANE('',#8198);
#202=PLANE('',#8199);
#203=PLANE('',#8202);
#204=PLANE('',#8203);
#205=PLANE('',#8206);
#206=PLANE('',#8207);
#207=PLANE('',#8210);
#208=PLANE('',#8212);
#209=PLANE('',#8213);
#210=PLANE('',#8216);
#211=PLANE('',#8217);
#212=PLANE('',#8220);
#213=PLANE('',#8221);
#214=PLANE('',#8223);
#215=PLANE('',#8225);
#216=PLANE('',#8227);
#217=PLANE('',#8229);
#218=PLANE('',#8231);
#219=PLANE('',#8233);
#220=PLANE('',#8235);
#221=PLANE('',#8236);
#222=PLANE('',#8238);
#223=PLANE('',#8240);
#224=PLANE('',#8242);
#225=PLANE('',#8244);
#226=PLANE('',#8246);
#227=PLANE('',#8248);
#228=PLANE('',#8255);
#229=PLANE('',#8259);
#230=PLANE('',#8263);
#231=PLANE('',#8267);
#232=PLANE('',#8271);
#233=PLANE('',#8275);
#234=PLANE('',#8276);
#235=PLANE('',#8285);
#236=PLANE('',#8322);
#237=PLANE('',#8326);
#238=PLANE('',#8330);
#239=PLANE('',#8334);
#240=PLANE('',#8338);
#241=PLANE('',#8342);
#242=PLANE('',#8343);
#243=PLANE('',#8349);
#244=LINE('',#10305,#738);
#245=LINE('',#10311,#739);
#246=LINE('',#10315,#740);
#247=LINE('',#10318,#741);
#248=LINE('',#10320,#742);
#249=LINE('',#10322,#743);
#250=LINE('',#10326,#744);
#251=LINE('',#10330,#745);
#252=LINE('',#10332,#746);
#253=LINE('',#10334,#747);
#254=LINE('',#10339,#748);
#255=LINE('',#10342,#749);
#256=LINE('',#10344,#750);
#257=LINE('',#10346,#751);
#258=LINE('',#10350,#752);
#259=LINE('',#10354,#753);
#260=LINE('',#10356,#754);
#261=LINE('',#10358,#755);
#262=LINE('',#10363,#756);
#263=LINE('',#10366,#757);
#264=LINE('',#10368,#758);
#265=LINE('',#10370,#759);
#266=LINE('',#10374,#760);
#267=LINE('',#10378,#761);
#268=LINE('',#10380,#762);
#269=LINE('',#10382,#763);
#270=LINE('',#10387,#764);
#271=LINE('',#10390,#765);
#272=LINE('',#10392,#766);
#273=LINE('',#10394,#767);
#274=LINE('',#10398,#768);
#275=LINE('',#10402,#769);
#276=LINE('',#10404,#770);
#277=LINE('',#10406,#771);
#278=LINE('',#10413,#772);
#279=LINE('',#10419,#773);
#280=LINE('',#10425,#774);
#281=LINE('',#10431,#775);
#282=LINE('',#10437,#776);
#283=LINE('',#10443,#777);
#284=LINE('',#10449,#778);
#285=LINE('',#10455,#779);
#286=LINE('',#10461,#780);
#287=LINE('',#10467,#781);
#288=LINE('',#10473,#782);
#289=LINE('',#10479,#783);
#290=LINE('',#10485,#784);
#291=LINE('',#10491,#785);
#292=LINE('',#10497,#786);
#293=LINE('',#10503,#787);
#294=LINE('',#10509,#788);
#295=LINE('',#10515,#789);
#296=LINE('',#10521,#790);
#297=LINE('',#10527,#791);
#298=LINE('',#10533,#792);
#299=LINE('',#10539,#793);
#300=LINE('',#10545,#794);
#301=LINE('',#10551,#795);
#302=LINE('',#10557,#796);
#303=LINE('',#10563,#797);
#304=LINE('',#10569,#798);
#305=LINE('',#10575,#799);
#306=LINE('',#10581,#800);
#307=LINE('',#10587,#801);
#308=LINE('',#10593,#802);
#309=LINE('',#10599,#803);
#310=LINE('',#10605,#804);
#311=LINE('',#10611,#805);
#312=LINE('',#10617,#806);
#313=LINE('',#10623,#807);
#314=LINE('',#10629,#808);
#315=LINE('',#10635,#809);
#316=LINE('',#10641,#810);
#317=LINE('',#10647,#811);
#318=LINE('',#10653,#812);
#319=LINE('',#10659,#813);
#320=LINE('',#10665,#814);
#321=LINE('',#10671,#815);
#322=LINE('',#10677,#816);
#323=LINE('',#10683,#817);
#324=LINE('',#10689,#818);
#325=LINE('',#10695,#819);
#326=LINE('',#10701,#820);
#327=LINE('',#10707,#821);
#328=LINE('',#10713,#822);
#329=LINE('',#10719,#823);
#330=LINE('',#10725,#824);
#331=LINE('',#10731,#825);
#332=LINE('',#10737,#826);
#333=LINE('',#10743,#827);
#334=LINE('',#10747,#828);
#335=LINE('',#10750,#829);
#336=LINE('',#10752,#830);
#337=LINE('',#10754,#831);
#338=LINE('',#10758,#832);
#339=LINE('',#10762,#833);
#340=LINE('',#10764,#834);
#341=LINE('',#10766,#835);
#342=LINE('',#10771,#836);
#343=LINE('',#10774,#837);
#344=LINE('',#10776,#838);
#345=LINE('',#10778,#839);
#346=LINE('',#10782,#840);
#347=LINE('',#10786,#841);
#348=LINE('',#10788,#842);
#349=LINE('',#10790,#843);
#350=LINE('',#10797,#844);
#351=LINE('',#10803,#845);
#352=LINE('',#10807,#846);
#353=LINE('',#10810,#847);
#354=LINE('',#10812,#848);
#355=LINE('',#10814,#849);
#356=LINE('',#10818,#850);
#357=LINE('',#10822,#851);
#358=LINE('',#10824,#852);
#359=LINE('',#10826,#853);
#360=LINE('',#10831,#854);
#361=LINE('',#10834,#855);
#362=LINE('',#10836,#856);
#363=LINE('',#10838,#857);
#364=LINE('',#10842,#858);
#365=LINE('',#10846,#859);
#366=LINE('',#10848,#860);
#367=LINE('',#10850,#861);
#368=LINE('',#10857,#862);
#369=LINE('',#10863,#863);
#370=LINE('',#10869,#864);
#371=LINE('',#10875,#865);
#372=LINE('',#10881,#866);
#373=LINE('',#10887,#867);
#374=LINE('',#10893,#868);
#375=LINE('',#10899,#869);
#376=LINE('',#10903,#870);
#377=LINE('',#10906,#871);
#378=LINE('',#10908,#872);
#379=LINE('',#10910,#873);
#380=LINE('',#10914,#874);
#381=LINE('',#10918,#875);
#382=LINE('',#10920,#876);
#383=LINE('',#10922,#877);
#384=LINE('',#10927,#878);
#385=LINE('',#10930,#879);
#386=LINE('',#10932,#880);
#387=LINE('',#10934,#881);
#388=LINE('',#10938,#882);
#389=LINE('',#10942,#883);
#390=LINE('',#10944,#884);
#391=LINE('',#10946,#885);
#392=LINE('',#10951,#886);
#393=LINE('',#10954,#887);
#394=LINE('',#10956,#888);
#395=LINE('',#10958,#889);
#396=LINE('',#10962,#890);
#397=LINE('',#10966,#891);
#398=LINE('',#10968,#892);
#399=LINE('',#10970,#893);
#400=LINE('',#10977,#894);
#401=LINE('',#10981,#895);
#402=LINE('',#10984,#896);
#403=LINE('',#10986,#897);
#404=LINE('',#10988,#898);
#405=LINE('',#10992,#899);
#406=LINE('',#10996,#900);
#407=LINE('',#10998,#901);
#408=LINE('',#11000,#902);
#409=LINE('',#11005,#903);
#410=LINE('',#11008,#904);
#411=LINE('',#11010,#905);
#412=LINE('',#11012,#906);
#413=LINE('',#11016,#907);
#414=LINE('',#11020,#908);
#415=LINE('',#11022,#909);
#416=LINE('',#11024,#910);
#417=LINE('',#11031,#911);
#418=LINE('',#11035,#912);
#419=LINE('',#11040,#913);
#420=LINE('',#11044,#914);
#421=LINE('',#11047,#915);
#422=LINE('',#11048,#916);
#423=LINE('',#11050,#917);
#424=LINE('',#11052,#918);
#425=LINE('',#11054,#919);
#426=LINE('',#11056,#920);
#427=LINE('',#11064,#921);
#428=LINE('',#11071,#922);
#429=LINE('',#11072,#923);
#430=LINE('',#11074,#924);
#431=LINE('',#11076,#925);
#432=LINE('',#11080,#926);
#433=LINE('',#11082,#927);
#434=LINE('',#11103,#928);
#435=LINE('',#11107,#929);
#436=LINE('',#11112,#930);
#437=LINE('',#11116,#931);
#438=LINE('',#11124,#932);
#439=LINE('',#11127,#933);
#440=LINE('',#11129,#934);
#441=LINE('',#11131,#935);
#442=LINE('',#11133,#936);
#443=LINE('',#11137,#937);
#444=LINE('',#11139,#938);
#445=LINE('',#11141,#939);
#446=LINE('',#11144,#940);
#447=LINE('',#11146,#941);
#448=LINE('',#11148,#942);
#449=LINE('',#11150,#943);
#450=LINE('',#11153,#944);
#451=LINE('',#11155,#945);
#452=LINE('',#11157,#946);
#453=LINE('',#11159,#947);
#454=LINE('',#11162,#948);
#455=LINE('',#11164,#949);
#456=LINE('',#11166,#950);
#457=LINE('',#11168,#951);
#458=LINE('',#11171,#952);
#459=LINE('',#11173,#953);
#460=LINE('',#11175,#954);
#461=LINE('',#11177,#955);
#462=LINE('',#11180,#956);
#463=LINE('',#11182,#957);
#464=LINE('',#11184,#958);
#465=LINE('',#11187,#959);
#466=LINE('',#11189,#960);
#467=LINE('',#11196,#961);
#468=LINE('',#11198,#962);
#469=LINE('',#11212,#963);
#470=LINE('',#11214,#964);
#471=LINE('',#11216,#965);
#472=LINE('',#11218,#966);
#473=LINE('',#11221,#967);
#474=LINE('',#11223,#968);
#475=LINE('',#11225,#969);
#476=LINE('',#11227,#970);
#477=LINE('',#11230,#971);
#478=LINE('',#11232,#972);
#479=LINE('',#11234,#973);
#480=LINE('',#11236,#974);
#481=LINE('',#11239,#975);
#482=LINE('',#11241,#976);
#483=LINE('',#11243,#977);
#484=LINE('',#11245,#978);
#485=LINE('',#11248,#979);
#486=LINE('',#11249,#980);
#487=LINE('',#11315,#981);
#488=LINE('',#11318,#982);
#489=LINE('',#11319,#983);
#490=LINE('',#11321,#984);
#491=LINE('',#11323,#985);
#492=LINE('',#11325,#986);
#493=LINE('',#11327,#987);
#494=LINE('',#11329,#988);
#495=LINE('',#11331,#989);
#496=LINE('',#11333,#990);
#497=LINE('',#11335,#991);
#498=LINE('',#11337,#992);
#499=LINE('',#11339,#993);
#500=LINE('',#11341,#994);
#501=LINE('',#11343,#995);
#502=LINE('',#11345,#996);
#503=LINE('',#11347,#997);
#504=LINE('',#11349,#998);
#505=LINE('',#11351,#999);
#506=LINE('',#11355,#1000);
#507=LINE('',#11359,#1001);
#508=LINE('',#11363,#1002);
#509=LINE('',#11367,#1003);
#510=LINE('',#11371,#1004);
#511=LINE('',#11375,#1005);
#512=LINE('',#11376,#1006);
#513=LINE('',#11378,#1007);
#514=LINE('',#11380,#1008);
#515=LINE('',#11381,#1009);
#516=LINE('',#11385,#1010);
#517=LINE('',#11389,#1011);
#518=LINE('',#11393,#1012);
#519=LINE('',#11397,#1013);
#520=LINE('',#11401,#1014);
#521=LINE('',#11405,#1015);
#522=LINE('',#11406,#1016);
#523=LINE('',#11408,#1017);
#524=LINE('',#11410,#1018);
#525=LINE('',#11426,#1019);
#526=LINE('',#11428,#1020);
#527=LINE('',#11430,#1021);
#528=LINE('',#11432,#1022);
#529=LINE('',#11434,#1023);
#530=LINE('',#11437,#1024);
#531=LINE('',#11440,#1025);
#532=LINE('',#11442,#1026);
#533=LINE('',#11444,#1027);
#534=LINE('',#11450,#1028);
#535=LINE('',#11453,#1029);
#536=LINE('',#11455,#1030);
#537=LINE('',#11457,#1031);
#538=LINE('',#11459,#1032);
#539=LINE('',#11462,#1033);
#540=LINE('',#11464,#1034);
#541=LINE('',#11466,#1035);
#542=LINE('',#11472,#1036);
#543=LINE('',#11475,#1037);
#544=LINE('',#11477,#1038);
#545=LINE('',#11479,#1039);
#546=LINE('',#11481,#1040);
#547=LINE('',#11484,#1041);
#548=LINE('',#11486,#1042);
#549=LINE('',#11488,#1043);
#550=LINE('',#11490,#1044);
#551=LINE('',#11495,#1045);
#552=LINE('',#11499,#1046);
#553=LINE('',#11503,#1047);
#554=LINE('',#11507,#1048);
#555=LINE('',#11511,#1049);
#556=LINE('',#11517,#1050);
#557=LINE('',#11519,#1051);
#558=LINE('',#11521,#1052);
#559=LINE('',#11523,#1053);
#560=LINE('',#11525,#1054);
#561=LINE('',#11529,#1055);
#562=LINE('',#11538,#1056);
#563=LINE('',#11540,#1057);
#564=LINE('',#11542,#1058);
#565=LINE('',#11544,#1059);
#566=LINE('',#11546,#1060);
#567=LINE('',#11549,#1061);
#568=LINE('',#11551,#1062);
#569=LINE('',#11553,#1063);
#570=LINE('',#11555,#1064);
#571=LINE('',#11557,#1065);
#572=LINE('',#11627,#1066);
#573=LINE('',#11631,#1067);
#574=LINE('',#11636,#1068);
#575=LINE('',#11640,#1069);
#576=LINE('',#11645,#1070);
#577=LINE('',#11649,#1071);
#578=LINE('',#11654,#1072);
#579=LINE('',#11658,#1073);
#580=LINE('',#11660,#1074);
#581=LINE('',#11662,#1075);
#582=LINE('',#11664,#1076);
#583=LINE('',#11666,#1077);
#584=LINE('',#11667,#1078);
#585=LINE('',#11669,#1079);
#586=LINE('',#11670,#1080);
#587=LINE('',#11672,#1081);
#588=LINE('',#11673,#1082);
#589=LINE('',#11675,#1083);
#590=LINE('',#11676,#1084);
#591=LINE('',#11678,#1085);
#592=LINE('',#11680,#1086);
#593=LINE('',#11682,#1087);
#594=LINE('',#11684,#1088);
#595=LINE('',#11685,#1089);
#596=LINE('',#11690,#1090);
#597=LINE('',#11695,#1091);
#598=LINE('',#11699,#1092);
#599=LINE('',#11701,#1093);
#600=LINE('',#11703,#1094);
#601=LINE('',#11705,#1095);
#602=LINE('',#11708,#1096);
#603=LINE('',#11710,#1097);
#604=LINE('',#11712,#1098);
#605=LINE('',#11714,#1099);
#606=LINE('',#11717,#1100);
#607=LINE('',#11719,#1101);
#608=LINE('',#11721,#1102);
#609=LINE('',#11723,#1103);
#610=LINE('',#11726,#1104);
#611=LINE('',#11728,#1105);
#612=LINE('',#11730,#1106);
#613=LINE('',#11732,#1107);
#614=LINE('',#11735,#1108);
#615=LINE('',#11737,#1109);
#616=LINE('',#11739,#1110);
#617=LINE('',#11743,#1111);
#618=LINE('',#11747,#1112);
#619=LINE('',#11748,#1113);
#620=LINE('',#11753,#1114);
#621=LINE('',#11757,#1115);
#622=LINE('',#11761,#1116);
#623=LINE('',#11765,#1117);
#624=LINE('',#11769,#1118);
#625=LINE('',#11773,#1119);
#626=LINE('',#11818,#1120);
#627=LINE('',#11820,#1121);
#628=LINE('',#11822,#1122);
#629=LINE('',#11824,#1123);
#630=LINE('',#11826,#1124);
#631=LINE('',#11828,#1125);
#632=LINE('',#11830,#1126);
#633=LINE('',#11832,#1127);
#634=LINE('',#11855,#1128);
#635=LINE('',#11856,#1129);
#636=LINE('',#11858,#1130);
#637=LINE('',#11860,#1131);
#638=LINE('',#11862,#1132);
#639=LINE('',#11864,#1133);
#640=LINE('',#11866,#1134);
#641=LINE('',#11868,#1135);
#642=LINE('',#11871,#1136);
#643=LINE('',#11872,#1137);
#644=LINE('',#11874,#1138);
#645=LINE('',#11876,#1139);
#646=LINE('',#11878,#1140);
#647=LINE('',#11880,#1141);
#648=LINE('',#11882,#1142);
#649=LINE('',#11884,#1143);
#650=LINE('',#11886,#1144);
#651=LINE('',#11888,#1145);
#652=LINE('',#11890,#1146);
#653=LINE('',#11892,#1147);
#654=LINE('',#11895,#1148);
#655=LINE('',#11896,#1149);
#656=LINE('',#11898,#1150);
#657=LINE('',#11900,#1151);
#658=LINE('',#11902,#1152);
#659=LINE('',#11904,#1153);
#660=LINE('',#11906,#1154);
#661=LINE('',#11908,#1155);
#662=LINE('',#11910,#1156);
#663=LINE('',#11912,#1157);
#664=LINE('',#11914,#1158);
#665=LINE('',#11916,#1159);
#666=LINE('',#11919,#1160);
#667=LINE('',#11921,#1161);
#668=LINE('',#11923,#1162);
#669=LINE('',#11925,#1163);
#670=LINE('',#11927,#1164);
#671=LINE('',#11929,#1165);
#672=LINE('',#11931,#1166);
#673=LINE('',#11933,#1167);
#674=LINE('',#11935,#1168);
#675=LINE('',#11937,#1169);
#676=LINE('',#11939,#1170);
#677=LINE('',#11941,#1171);
#678=LINE('',#11944,#1172);
#679=LINE('',#11946,#1173);
#680=LINE('',#11948,#1174);
#681=LINE('',#11950,#1175);
#682=LINE('',#11952,#1176);
#683=LINE('',#11954,#1177);
#684=LINE('',#11956,#1178);
#685=LINE('',#11958,#1179);
#686=LINE('',#11960,#1180);
#687=LINE('',#11962,#1181);
#688=LINE('',#11964,#1182);
#689=LINE('',#11966,#1183);
#690=LINE('',#11975,#1184);
#691=LINE('',#11979,#1185);
#692=LINE('',#11981,#1186);
#693=LINE('',#11983,#1187);
#694=LINE('',#11985,#1188);
#695=LINE('',#11991,#1189);
#696=LINE('',#11993,#1190);
#697=LINE('',#11995,#1191);
#698=LINE('',#11997,#1192);
#699=LINE('',#12003,#1193);
#700=LINE('',#12005,#1194);
#701=LINE('',#12007,#1195);
#702=LINE('',#12009,#1196);
#703=LINE('',#12015,#1197);
#704=LINE('',#12017,#1198);
#705=LINE('',#12019,#1199);
#706=LINE('',#12021,#1200);
#707=LINE('',#12027,#1201);
#708=LINE('',#12029,#1202);
#709=LINE('',#12031,#1203);
#710=LINE('',#12033,#1204);
#711=LINE('',#12039,#1205);
#712=LINE('',#12041,#1206);
#713=LINE('',#12042,#1207);
#714=LINE('',#12114,#1208);
#715=LINE('',#12118,#1209);
#716=LINE('',#12120,#1210);
#717=LINE('',#12122,#1211);
#718=LINE('',#12124,#1212);
#719=LINE('',#12128,#1213);
#720=LINE('',#12132,#1214);
#721=LINE('',#12134,#1215);
#722=LINE('',#12136,#1216);
#723=LINE('',#12140,#1217);
#724=LINE('',#12144,#1218);
#725=LINE('',#12146,#1219);
#726=LINE('',#12148,#1220);
#727=LINE('',#12152,#1221);
#728=LINE('',#12156,#1222);
#729=LINE('',#12158,#1223);
#730=LINE('',#12160,#1224);
#731=LINE('',#12164,#1225);
#732=LINE('',#12168,#1226);
#733=LINE('',#12170,#1227);
#734=LINE('',#12172,#1228);
#735=LINE('',#12176,#1229);
#736=LINE('',#12180,#1230);
#737=LINE('',#12181,#1231);
#738=VECTOR('',#8375,1000.);
#739=VECTOR('',#8382,1000.);
#740=VECTOR('',#8387,1000.);
#741=VECTOR('',#8388,1000.);
#742=VECTOR('',#8389,1000.);
#743=VECTOR('',#8390,1000.);
#744=VECTOR('',#8395,1000.);
#745=VECTOR('',#8400,1000.);
#746=VECTOR('',#8401,1000.);
#747=VECTOR('',#8402,1000.);
#748=VECTOR('',#8411,1000.);
#749=VECTOR('',#8412,1000.);
#750=VECTOR('',#8413,1000.);
#751=VECTOR('',#8414,1000.);
#752=VECTOR('',#8419,1000.);
#753=VECTOR('',#8424,1000.);
#754=VECTOR('',#8425,1000.);
#755=VECTOR('',#8426,1000.);
#756=VECTOR('',#8435,1000.);
#757=VECTOR('',#8436,1000.);
#758=VECTOR('',#8437,1000.);
#759=VECTOR('',#8438,1000.);
#760=VECTOR('',#8443,1000.);
#761=VECTOR('',#8448,1000.);
#762=VECTOR('',#8449,1000.);
#763=VECTOR('',#8450,1000.);
#764=VECTOR('',#8459,1000.);
#765=VECTOR('',#8460,1000.);
#766=VECTOR('',#8461,1000.);
#767=VECTOR('',#8462,1000.);
#768=VECTOR('',#8467,1000.);
#769=VECTOR('',#8472,1000.);
#770=VECTOR('',#8473,1000.);
#771=VECTOR('',#8474,1000.);
#772=VECTOR('',#8485,1000.);
#773=VECTOR('',#8492,1000.);
#774=VECTOR('',#8499,1000.);
#775=VECTOR('',#8506,1000.);
#776=VECTOR('',#8513,1000.);
#777=VECTOR('',#8520,1000.);
#778=VECTOR('',#8527,1000.);
#779=VECTOR('',#8534,1000.);
#780=VECTOR('',#8541,1000.);
#781=VECTOR('',#8548,1000.);
#782=VECTOR('',#8555,1000.);
#783=VECTOR('',#8562,1000.);
#784=VECTOR('',#8569,1000.);
#785=VECTOR('',#8576,1000.);
#786=VECTOR('',#8583,1000.);
#787=VECTOR('',#8590,1000.);
#788=VECTOR('',#8597,1000.);
#789=VECTOR('',#8604,1000.);
#790=VECTOR('',#8611,1000.);
#791=VECTOR('',#8618,1000.);
#792=VECTOR('',#8625,1000.);
#793=VECTOR('',#8632,1000.);
#794=VECTOR('',#8639,1000.);
#795=VECTOR('',#8646,1000.);
#796=VECTOR('',#8653,1000.);
#797=VECTOR('',#8660,1000.);
#798=VECTOR('',#8667,1000.);
#799=VECTOR('',#8674,1000.);
#800=VECTOR('',#8681,1000.);
#801=VECTOR('',#8688,1000.);
#802=VECTOR('',#8695,1000.);
#803=VECTOR('',#8702,1000.);
#804=VECTOR('',#8709,1000.);
#805=VECTOR('',#8716,1000.);
#806=VECTOR('',#8723,1000.);
#807=VECTOR('',#8730,1000.);
#808=VECTOR('',#8737,1000.);
#809=VECTOR('',#8744,1000.);
#810=VECTOR('',#8751,1000.);
#811=VECTOR('',#8758,1000.);
#812=VECTOR('',#8765,1000.);
#813=VECTOR('',#8772,1000.);
#814=VECTOR('',#8779,1000.);
#815=VECTOR('',#8786,1000.);
#816=VECTOR('',#8793,1000.);
#817=VECTOR('',#8800,1000.);
#818=VECTOR('',#8807,1000.);
#819=VECTOR('',#8814,1000.);
#820=VECTOR('',#8821,1000.);
#821=VECTOR('',#8828,1000.);
#822=VECTOR('',#8835,1000.);
#823=VECTOR('',#8842,1000.);
#824=VECTOR('',#8849,1000.);
#825=VECTOR('',#8856,1000.);
#826=VECTOR('',#8863,1000.);
#827=VECTOR('',#8870,1000.);
#828=VECTOR('',#8875,1000.);
#829=VECTOR('',#8876,1000.);
#830=VECTOR('',#8877,1000.);
#831=VECTOR('',#8878,1000.);
#832=VECTOR('',#8883,1000.);
#833=VECTOR('',#8888,1000.);
#834=VECTOR('',#8889,1000.);
#835=VECTOR('',#8890,1000.);
#836=VECTOR('',#8899,1000.);
#837=VECTOR('',#8900,1000.);
#838=VECTOR('',#8901,1000.);
#839=VECTOR('',#8902,1000.);
#840=VECTOR('',#8907,1000.);
#841=VECTOR('',#8912,1000.);
#842=VECTOR('',#8913,1000.);
#843=VECTOR('',#8914,1000.);
#844=VECTOR('',#8925,1000.);
#845=VECTOR('',#8932,1000.);
#846=VECTOR('',#8937,1000.);
#847=VECTOR('',#8938,1000.);
#848=VECTOR('',#8939,1000.);
#849=VECTOR('',#8940,1000.);
#850=VECTOR('',#8945,1000.);
#851=VECTOR('',#8950,1000.);
#852=VECTOR('',#8951,1000.);
#853=VECTOR('',#8952,1000.);
#854=VECTOR('',#8961,1000.);
#855=VECTOR('',#8962,1000.);
#856=VECTOR('',#8963,1000.);
#857=VECTOR('',#8964,1000.);
#858=VECTOR('',#8969,1000.);
#859=VECTOR('',#8974,1000.);
#860=VECTOR('',#8975,1000.);
#861=VECTOR('',#8976,1000.);
#862=VECTOR('',#8987,1000.);
#863=VECTOR('',#8994,1000.);
#864=VECTOR('',#9001,1000.);
#865=VECTOR('',#9008,1000.);
#866=VECTOR('',#9015,1000.);
#867=VECTOR('',#9022,1000.);
#868=VECTOR('',#9029,1000.);
#869=VECTOR('',#9036,1000.);
#870=VECTOR('',#9041,1000.);
#871=VECTOR('',#9042,1000.);
#872=VECTOR('',#9043,1000.);
#873=VECTOR('',#9044,1000.);
#874=VECTOR('',#9049,1000.);
#875=VECTOR('',#9054,1000.);
#876=VECTOR('',#9055,1000.);
#877=VECTOR('',#9056,1000.);
#878=VECTOR('',#9065,1000.);
#879=VECTOR('',#9066,1000.);
#880=VECTOR('',#9067,1000.);
#881=VECTOR('',#9068,1000.);
#882=VECTOR('',#9073,1000.);
#883=VECTOR('',#9078,1000.);
#884=VECTOR('',#9079,1000.);
#885=VECTOR('',#9080,1000.);
#886=VECTOR('',#9089,1000.);
#887=VECTOR('',#9090,1000.);
#888=VECTOR('',#9091,1000.);
#889=VECTOR('',#9092,1000.);
#890=VECTOR('',#9097,1000.);
#891=VECTOR('',#9102,1000.);
#892=VECTOR('',#9103,1000.);
#893=VECTOR('',#9104,1000.);
#894=VECTOR('',#9115,1000.);
#895=VECTOR('',#9120,1000.);
#896=VECTOR('',#9121,1000.);
#897=VECTOR('',#9122,1000.);
#898=VECTOR('',#9123,1000.);
#899=VECTOR('',#9128,1000.);
#900=VECTOR('',#9133,1000.);
#901=VECTOR('',#9134,1000.);
#902=VECTOR('',#9135,1000.);
#903=VECTOR('',#9144,1000.);
#904=VECTOR('',#9145,1000.);
#905=VECTOR('',#9146,1000.);
#906=VECTOR('',#9147,1000.);
#907=VECTOR('',#9152,1000.);
#908=VECTOR('',#9157,1000.);
#909=VECTOR('',#9158,1000.);
#910=VECTOR('',#9159,1000.);
#911=VECTOR('',#9170,1000.);
#912=VECTOR('',#9175,1000.);
#913=VECTOR('',#9178,1000.);
#914=VECTOR('',#9183,1000.);
#915=VECTOR('',#9184,1000.);
#916=VECTOR('',#9185,1000.);
#917=VECTOR('',#9188,1000.);
#918=VECTOR('',#9189,1000.);
#919=VECTOR('',#9190,1000.);
#920=VECTOR('',#9193,1000.);
#921=VECTOR('',#9202,1000.);
#922=VECTOR('',#9209,1000.);
#923=VECTOR('',#9210,1000.);
#924=VECTOR('',#9213,1000.);
#925=VECTOR('',#9214,1000.);
#926=VECTOR('',#9219,1000.);
#927=VECTOR('',#9222,1000.);
#928=VECTOR('',#9231,1000.);
#929=VECTOR('',#9234,1000.);
#930=VECTOR('',#9239,1000.);
#931=VECTOR('',#9242,1000.);
#932=VECTOR('',#9251,1000.);
#933=VECTOR('',#9252,1000.);
#934=VECTOR('',#9253,1000.);
#935=VECTOR('',#9254,1000.);
#936=VECTOR('',#9255,1000.);
#937=VECTOR('',#9258,1000.);
#938=VECTOR('',#9259,1000.);
#939=VECTOR('',#9262,1000.);
#940=VECTOR('',#9263,1000.);
#941=VECTOR('',#9264,1000.);
#942=VECTOR('',#9265,1000.);
#943=VECTOR('',#9268,1000.);
#944=VECTOR('',#9269,1000.);
#945=VECTOR('',#9270,1000.);
#946=VECTOR('',#9271,1000.);
#947=VECTOR('',#9274,1000.);
#948=VECTOR('',#9275,1000.);
#949=VECTOR('',#9276,1000.);
#950=VECTOR('',#9277,1000.);
#951=VECTOR('',#9280,1000.);
#952=VECTOR('',#9281,1000.);
#953=VECTOR('',#9282,1000.);
#954=VECTOR('',#9283,1000.);
#955=VECTOR('',#9286,1000.);
#956=VECTOR('',#9287,1000.);
#957=VECTOR('',#9288,1000.);
#958=VECTOR('',#9289,1000.);
#959=VECTOR('',#9294,1000.);
#960=VECTOR('',#9295,1000.);
#961=VECTOR('',#9304,1000.);
#962=VECTOR('',#9305,1000.);
#963=VECTOR('',#9332,1000.);
#964=VECTOR('',#9333,1000.);
#965=VECTOR('',#9334,1000.);
#966=VECTOR('',#9337,1000.);
#967=VECTOR('',#9338,1000.);
#968=VECTOR('',#9339,1000.);
#969=VECTOR('',#9340,1000.);
#970=VECTOR('',#9343,1000.);
#971=VECTOR('',#9344,1000.);
#972=VECTOR('',#9345,1000.);
#973=VECTOR('',#9346,1000.);
#974=VECTOR('',#9349,1000.);
#975=VECTOR('',#9350,1000.);
#976=VECTOR('',#9351,1000.);
#977=VECTOR('',#9352,1000.);
#978=VECTOR('',#9355,1000.);
#979=VECTOR('',#9356,1000.);
#980=VECTOR('',#9357,1000.);
#981=VECTOR('',#9392,1000.);
#982=VECTOR('',#9393,1000.);
#983=VECTOR('',#9394,1000.);
#984=VECTOR('',#9395,1000.);
#985=VECTOR('',#9396,1000.);
#986=VECTOR('',#9397,1000.);
#987=VECTOR('',#9398,1000.);
#988=VECTOR('',#9399,1000.);
#989=VECTOR('',#9400,1000.);
#990=VECTOR('',#9403,1000.);
#991=VECTOR('',#9404,1000.);
#992=VECTOR('',#9405,1000.);
#993=VECTOR('',#9406,1000.);
#994=VECTOR('',#9407,1000.);
#995=VECTOR('',#9408,1000.);
#996=VECTOR('',#9409,1000.);
#997=VECTOR('',#9410,1000.);
#998=VECTOR('',#9411,1000.);
#999=VECTOR('',#9414,1000.);
#1000=VECTOR('',#9417,1000.);
#1001=VECTOR('',#9420,1000.);
#1002=VECTOR('',#9423,1000.);
#1003=VECTOR('',#9426,1000.);
#1004=VECTOR('',#9429,1000.);
#1005=VECTOR('',#9432,1000.);
#1006=VECTOR('',#9433,1000.);
#1007=VECTOR('',#9434,1000.);
#1008=VECTOR('',#9435,1000.);
#1009=VECTOR('',#9436,1000.);
#1010=VECTOR('',#9439,1000.);
#1011=VECTOR('',#9442,1000.);
#1012=VECTOR('',#9445,1000.);
#1013=VECTOR('',#9448,1000.);
#1014=VECTOR('',#9451,1000.);
#1015=VECTOR('',#9454,1000.);
#1016=VECTOR('',#9455,1000.);
#1017=VECTOR('',#9456,1000.);
#1018=VECTOR('',#9457,1000.);
#1019=VECTOR('',#9474,1000.);
#1020=VECTOR('',#9475,1000.);
#1021=VECTOR('',#9476,1000.);
#1022=VECTOR('',#9477,1000.);
#1023=VECTOR('',#9478,1000.);
#1024=VECTOR('',#9483,1000.);
#1025=VECTOR('',#9484,1000.);
#1026=VECTOR('',#9485,1000.);
#1027=VECTOR('',#9486,1000.);
#1028=VECTOR('',#9493,1000.);
#1029=VECTOR('',#9494,1000.);
#1030=VECTOR('',#9495,1000.);
#1031=VECTOR('',#9496,1000.);
#1032=VECTOR('',#9499,1000.);
#1033=VECTOR('',#9500,1000.);
#1034=VECTOR('',#9501,1000.);
#1035=VECTOR('',#9502,1000.);
#1036=VECTOR('',#9509,1000.);
#1037=VECTOR('',#9510,1000.);
#1038=VECTOR('',#9511,1000.);
#1039=VECTOR('',#9512,1000.);
#1040=VECTOR('',#9515,1000.);
#1041=VECTOR('',#9516,1000.);
#1042=VECTOR('',#9517,1000.);
#1043=VECTOR('',#9518,1000.);
#1044=VECTOR('',#9521,1000.);
#1045=VECTOR('',#9524,1000.);
#1046=VECTOR('',#9527,1000.);
#1047=VECTOR('',#9530,1000.);
#1048=VECTOR('',#9533,1000.);
#1049=VECTOR('',#9536,1000.);
#1050=VECTOR('',#9541,1000.);
#1051=VECTOR('',#9542,1000.);
#1052=VECTOR('',#9543,1000.);
#1053=VECTOR('',#9544,1000.);
#1054=VECTOR('',#9545,1000.);
#1055=VECTOR('',#9548,1000.);
#1056=VECTOR('',#9565,1000.);
#1057=VECTOR('',#9566,1000.);
#1058=VECTOR('',#9567,1000.);
#1059=VECTOR('',#9570,1000.);
#1060=VECTOR('',#9573,1000.);
#1061=VECTOR('',#9578,1000.);
#1062=VECTOR('',#9579,1000.);
#1063=VECTOR('',#9582,1000.);
#1064=VECTOR('',#9583,1000.);
#1065=VECTOR('',#9586,1000.);
#1066=VECTOR('',#9601,1000.);
#1067=VECTOR('',#9604,1000.);
#1068=VECTOR('',#9609,1000.);
#1069=VECTOR('',#9612,1000.);
#1070=VECTOR('',#9617,1000.);
#1071=VECTOR('',#9620,1000.);
#1072=VECTOR('',#9625,1000.);
#1073=VECTOR('',#9628,1000.);
#1074=VECTOR('',#9631,1000.);
#1075=VECTOR('',#9632,1000.);
#1076=VECTOR('',#9633,1000.);
#1077=VECTOR('',#9636,1000.);
#1078=VECTOR('',#9637,1000.);
#1079=VECTOR('',#9640,1000.);
#1080=VECTOR('',#9641,1000.);
#1081=VECTOR('',#9644,1000.);
#1082=VECTOR('',#9645,1000.);
#1083=VECTOR('',#9648,1000.);
#1084=VECTOR('',#9649,1000.);
#1085=VECTOR('',#9652,1000.);
#1086=VECTOR('',#9653,1000.);
#1087=VECTOR('',#9654,1000.);
#1088=VECTOR('',#9657,1000.);
#1089=VECTOR('',#9658,1000.);
#1090=VECTOR('',#9667,1000.);
#1091=VECTOR('',#9670,1000.);
#1092=VECTOR('',#9675,1000.);
#1093=VECTOR('',#9676,1000.);
#1094=VECTOR('',#9677,1000.);
#1095=VECTOR('',#9680,1000.);
#1096=VECTOR('',#9681,1000.);
#1097=VECTOR('',#9682,1000.);
#1098=VECTOR('',#9683,1000.);
#1099=VECTOR('',#9686,1000.);
#1100=VECTOR('',#9687,1000.);
#1101=VECTOR('',#9688,1000.);
#1102=VECTOR('',#9689,1000.);
#1103=VECTOR('',#9692,1000.);
#1104=VECTOR('',#9693,1000.);
#1105=VECTOR('',#9694,1000.);
#1106=VECTOR('',#9695,1000.);
#1107=VECTOR('',#9698,1000.);
#1108=VECTOR('',#9699,1000.);
#1109=VECTOR('',#9700,1000.);
#1110=VECTOR('',#9701,1000.);
#1111=VECTOR('',#9706,1000.);
#1112=VECTOR('',#9711,1000.);
#1113=VECTOR('',#9712,1000.);
#1114=VECTOR('',#9717,1000.);
#1115=VECTOR('',#9720,1000.);
#1116=VECTOR('',#9723,1000.);
#1117=VECTOR('',#9726,1000.);
#1118=VECTOR('',#9729,1000.);
#1119=VECTOR('',#9732,1000.);
#1120=VECTOR('',#9785,1000.);
#1121=VECTOR('',#9788,1000.);
#1122=VECTOR('',#9791,1000.);
#1123=VECTOR('',#9794,1000.);
#1124=VECTOR('',#9797,1000.);
#1125=VECTOR('',#9800,1000.);
#1126=VECTOR('',#9803,1000.);
#1127=VECTOR('',#9806,1000.);
#1128=VECTOR('',#9843,1000.);
#1129=VECTOR('',#9844,1000.);
#1130=VECTOR('',#9847,1000.);
#1131=VECTOR('',#9850,1000.);
#1132=VECTOR('',#9853,1000.);
#1133=VECTOR('',#9856,1000.);
#1134=VECTOR('',#9859,1000.);
#1135=VECTOR('',#9862,1000.);
#1136=VECTOR('',#9867,1000.);
#1137=VECTOR('',#9868,1000.);
#1138=VECTOR('',#9871,1000.);
#1139=VECTOR('',#9874,1000.);
#1140=VECTOR('',#9877,1000.);
#1141=VECTOR('',#9880,1000.);
#1142=VECTOR('',#9883,1000.);
#1143=VECTOR('',#9886,1000.);
#1144=VECTOR('',#9889,1000.);
#1145=VECTOR('',#9892,1000.);
#1146=VECTOR('',#9895,1000.);
#1147=VECTOR('',#9898,1000.);
#1148=VECTOR('',#9903,1000.);
#1149=VECTOR('',#9904,1000.);
#1150=VECTOR('',#9907,1000.);
#1151=VECTOR('',#9910,1000.);
#1152=VECTOR('',#9913,1000.);
#1153=VECTOR('',#9916,1000.);
#1154=VECTOR('',#9919,1000.);
#1155=VECTOR('',#9922,1000.);
#1156=VECTOR('',#9925,1000.);
#1157=VECTOR('',#9928,1000.);
#1158=VECTOR('',#9931,1000.);
#1159=VECTOR('',#9934,1000.);
#1160=VECTOR('',#9939,1000.);
#1161=VECTOR('',#9942,1000.);
#1162=VECTOR('',#9945,1000.);
#1163=VECTOR('',#9948,1000.);
#1164=VECTOR('',#9951,1000.);
#1165=VECTOR('',#9954,1000.);
#1166=VECTOR('',#9957,1000.);
#1167=VECTOR('',#9960,1000.);
#1168=VECTOR('',#9963,1000.);
#1169=VECTOR('',#9966,1000.);
#1170=VECTOR('',#9969,1000.);
#1171=VECTOR('',#9972,1000.);
#1172=VECTOR('',#9977,1000.);
#1173=VECTOR('',#9980,1000.);
#1174=VECTOR('',#9983,1000.);
#1175=VECTOR('',#9986,1000.);
#1176=VECTOR('',#9989,1000.);
#1177=VECTOR('',#9992,1000.);
#1178=VECTOR('',#9995,1000.);
#1179=VECTOR('',#9998,1000.);
#1180=VECTOR('',#10001,1000.);
#1181=VECTOR('',#10004,1000.);
#1182=VECTOR('',#10007,1000.);
#1183=VECTOR('',#10010,1000.);
#1184=VECTOR('',#10023,1000.);
#1185=VECTOR('',#10026,1000.);
#1186=VECTOR('',#10029,1000.);
#1187=VECTOR('',#10030,1000.);
#1188=VECTOR('',#10031,1000.);
#1189=VECTOR('',#10038,1000.);
#1190=VECTOR('',#10041,1000.);
#1191=VECTOR('',#10042,1000.);
#1192=VECTOR('',#10043,1000.);
#1193=VECTOR('',#10050,1000.);
#1194=VECTOR('',#10053,1000.);
#1195=VECTOR('',#10054,1000.);
#1196=VECTOR('',#10055,1000.);
#1197=VECTOR('',#10062,1000.);
#1198=VECTOR('',#10065,1000.);
#1199=VECTOR('',#10066,1000.);
#1200=VECTOR('',#10067,1000.);
#1201=VECTOR('',#10074,1000.);
#1202=VECTOR('',#10077,1000.);
#1203=VECTOR('',#10078,1000.);
#1204=VECTOR('',#10079,1000.);
#1205=VECTOR('',#10086,1000.);
#1206=VECTOR('',#10089,1000.);
#1207=VECTOR('',#10090,1000.);
#1208=VECTOR('',#10181,1000.);
#1209=VECTOR('',#10184,1000.);
#1210=VECTOR('',#10187,1000.);
#1211=VECTOR('',#10188,1000.);
#1212=VECTOR('',#10189,1000.);
#1213=VECTOR('',#10194,1000.);
#1214=VECTOR('',#10199,1000.);
#1215=VECTOR('',#10200,1000.);
#1216=VECTOR('',#10201,1000.);
#1217=VECTOR('',#10206,1000.);
#1218=VECTOR('',#10211,1000.);
#1219=VECTOR('',#10212,1000.);
#1220=VECTOR('',#10213,1000.);
#1221=VECTOR('',#10218,1000.);
#1222=VECTOR('',#10223,1000.);
#1223=VECTOR('',#10224,1000.);
#1224=VECTOR('',#10225,1000.);
#1225=VECTOR('',#10230,1000.);
#1226=VECTOR('',#10235,1000.);
#1227=VECTOR('',#10236,1000.);
#1228=VECTOR('',#10237,1000.);
#1229=VECTOR('',#10242,1000.);
#1230=VECTOR('',#10247,1000.);
#1231=VECTOR('',#10248,1000.);
#1232=ORIENTED_EDGE('',*,*,#2984,.T.);
#1233=ORIENTED_EDGE('',*,*,#2985,.T.);
#1234=ORIENTED_EDGE('',*,*,#2986,.F.);
#1235=ORIENTED_EDGE('',*,*,#2985,.F.);
#1236=ORIENTED_EDGE('',*,*,#2987,.T.);
#1237=ORIENTED_EDGE('',*,*,#2988,.T.);
#1238=ORIENTED_EDGE('',*,*,#2989,.F.);
#1239=ORIENTED_EDGE('',*,*,#2988,.F.);
#1240=ORIENTED_EDGE('',*,*,#2990,.T.);
#1241=ORIENTED_EDGE('',*,*,#2991,.T.);
#1242=ORIENTED_EDGE('',*,*,#2992,.F.);
#1243=ORIENTED_EDGE('',*,*,#2993,.F.);
#1244=ORIENTED_EDGE('',*,*,#2994,.T.);
#1245=ORIENTED_EDGE('',*,*,#2995,.T.);
#1246=ORIENTED_EDGE('',*,*,#2996,.F.);
#1247=ORIENTED_EDGE('',*,*,#2991,.F.);
#1248=ORIENTED_EDGE('',*,*,#2997,.T.);
#1249=ORIENTED_EDGE('',*,*,#2998,.T.);
#1250=ORIENTED_EDGE('',*,*,#2999,.F.);
#1251=ORIENTED_EDGE('',*,*,#2995,.F.);
#1252=ORIENTED_EDGE('',*,*,#3000,.T.);
#1253=ORIENTED_EDGE('',*,*,#2993,.T.);
#1254=ORIENTED_EDGE('',*,*,#3001,.F.);
#1255=ORIENTED_EDGE('',*,*,#2998,.F.);
#1256=ORIENTED_EDGE('',*,*,#3002,.T.);
#1257=ORIENTED_EDGE('',*,*,#3003,.T.);
#1258=ORIENTED_EDGE('',*,*,#3004,.F.);
#1259=ORIENTED_EDGE('',*,*,#3005,.F.);
#1260=ORIENTED_EDGE('',*,*,#3006,.T.);
#1261=ORIENTED_EDGE('',*,*,#3007,.T.);
#1262=ORIENTED_EDGE('',*,*,#3008,.F.);
#1263=ORIENTED_EDGE('',*,*,#3003,.F.);
#1264=ORIENTED_EDGE('',*,*,#3009,.T.);
#1265=ORIENTED_EDGE('',*,*,#3010,.T.);
#1266=ORIENTED_EDGE('',*,*,#3011,.F.);
#1267=ORIENTED_EDGE('',*,*,#3007,.F.);
#1268=ORIENTED_EDGE('',*,*,#3012,.T.);
#1269=ORIENTED_EDGE('',*,*,#3005,.T.);
#1270=ORIENTED_EDGE('',*,*,#3013,.F.);
#1271=ORIENTED_EDGE('',*,*,#3010,.F.);
#1272=ORIENTED_EDGE('',*,*,#3014,.T.);
#1273=ORIENTED_EDGE('',*,*,#3015,.T.);
#1274=ORIENTED_EDGE('',*,*,#3016,.F.);
#1275=ORIENTED_EDGE('',*,*,#3017,.F.);
#1276=ORIENTED_EDGE('',*,*,#3018,.T.);
#1277=ORIENTED_EDGE('',*,*,#3019,.T.);
#1278=ORIENTED_EDGE('',*,*,#3020,.F.);
#1279=ORIENTED_EDGE('',*,*,#3015,.F.);
#1280=ORIENTED_EDGE('',*,*,#3021,.T.);
#1281=ORIENTED_EDGE('',*,*,#3022,.T.);
#1282=ORIENTED_EDGE('',*,*,#3023,.F.);
#1283=ORIENTED_EDGE('',*,*,#3019,.F.);
#1284=ORIENTED_EDGE('',*,*,#3024,.T.);
#1285=ORIENTED_EDGE('',*,*,#3017,.T.);
#1286=ORIENTED_EDGE('',*,*,#3025,.F.);
#1287=ORIENTED_EDGE('',*,*,#3022,.F.);
#1288=ORIENTED_EDGE('',*,*,#3026,.T.);
#1289=ORIENTED_EDGE('',*,*,#3027,.T.);
#1290=ORIENTED_EDGE('',*,*,#3028,.F.);
#1291=ORIENTED_EDGE('',*,*,#3029,.F.);
#1292=ORIENTED_EDGE('',*,*,#3030,.T.);
#1293=ORIENTED_EDGE('',*,*,#3031,.T.);
#1294=ORIENTED_EDGE('',*,*,#3032,.F.);
#1295=ORIENTED_EDGE('',*,*,#3027,.F.);
#1296=ORIENTED_EDGE('',*,*,#3033,.T.);
#1297=ORIENTED_EDGE('',*,*,#3034,.T.);
#1298=ORIENTED_EDGE('',*,*,#3035,.F.);
#1299=ORIENTED_EDGE('',*,*,#3031,.F.);
#1300=ORIENTED_EDGE('',*,*,#3036,.T.);
#1301=ORIENTED_EDGE('',*,*,#3029,.T.);
#1302=ORIENTED_EDGE('',*,*,#3037,.F.);
#1303=ORIENTED_EDGE('',*,*,#3034,.F.);
#1304=ORIENTED_EDGE('',*,*,#3038,.T.);
#1305=ORIENTED_EDGE('',*,*,#3039,.T.);
#1306=ORIENTED_EDGE('',*,*,#3040,.F.);
#1307=ORIENTED_EDGE('',*,*,#3039,.F.);
#1308=ORIENTED_EDGE('',*,*,#3041,.T.);
#1309=ORIENTED_EDGE('',*,*,#3042,.T.);
#1310=ORIENTED_EDGE('',*,*,#3043,.F.);
#1311=ORIENTED_EDGE('',*,*,#3042,.F.);
#1312=ORIENTED_EDGE('',*,*,#3044,.T.);
#1313=ORIENTED_EDGE('',*,*,#3045,.T.);
#1314=ORIENTED_EDGE('',*,*,#3046,.F.);
#1315=ORIENTED_EDGE('',*,*,#3045,.F.);
#1316=ORIENTED_EDGE('',*,*,#3047,.T.);
#1317=ORIENTED_EDGE('',*,*,#3048,.T.);
#1318=ORIENTED_EDGE('',*,*,#3049,.F.);
#1319=ORIENTED_EDGE('',*,*,#3048,.F.);
#1320=ORIENTED_EDGE('',*,*,#3050,.T.);
#1321=ORIENTED_EDGE('',*,*,#3051,.T.);
#1322=ORIENTED_EDGE('',*,*,#3052,.F.);
#1323=ORIENTED_EDGE('',*,*,#3051,.F.);
#1324=ORIENTED_EDGE('',*,*,#3053,.T.);
#1325=ORIENTED_EDGE('',*,*,#3054,.T.);
#1326=ORIENTED_EDGE('',*,*,#3055,.F.);
#1327=ORIENTED_EDGE('',*,*,#3054,.F.);
#1328=ORIENTED_EDGE('',*,*,#3056,.T.);
#1329=ORIENTED_EDGE('',*,*,#3057,.T.);
#1330=ORIENTED_EDGE('',*,*,#3058,.F.);
#1331=ORIENTED_EDGE('',*,*,#3057,.F.);
#1332=ORIENTED_EDGE('',*,*,#3059,.T.);
#1333=ORIENTED_EDGE('',*,*,#3060,.T.);
#1334=ORIENTED_EDGE('',*,*,#3061,.F.);
#1335=ORIENTED_EDGE('',*,*,#3060,.F.);
#1336=ORIENTED_EDGE('',*,*,#3062,.T.);
#1337=ORIENTED_EDGE('',*,*,#3063,.T.);
#1338=ORIENTED_EDGE('',*,*,#3064,.F.);
#1339=ORIENTED_EDGE('',*,*,#3063,.F.);
#1340=ORIENTED_EDGE('',*,*,#3065,.T.);
#1341=ORIENTED_EDGE('',*,*,#3066,.T.);
#1342=ORIENTED_EDGE('',*,*,#3067,.F.);
#1343=ORIENTED_EDGE('',*,*,#3066,.F.);
#1344=ORIENTED_EDGE('',*,*,#3068,.T.);
#1345=ORIENTED_EDGE('',*,*,#3069,.T.);
#1346=ORIENTED_EDGE('',*,*,#3070,.F.);
#1347=ORIENTED_EDGE('',*,*,#3069,.F.);
#1348=ORIENTED_EDGE('',*,*,#3071,.T.);
#1349=ORIENTED_EDGE('',*,*,#3072,.T.);
#1350=ORIENTED_EDGE('',*,*,#3073,.F.);
#1351=ORIENTED_EDGE('',*,*,#3072,.F.);
#1352=ORIENTED_EDGE('',*,*,#3074,.T.);
#1353=ORIENTED_EDGE('',*,*,#3075,.T.);
#1354=ORIENTED_EDGE('',*,*,#3076,.F.);
#1355=ORIENTED_EDGE('',*,*,#3075,.F.);
#1356=ORIENTED_EDGE('',*,*,#3077,.T.);
#1357=ORIENTED_EDGE('',*,*,#3078,.T.);
#1358=ORIENTED_EDGE('',*,*,#3079,.F.);
#1359=ORIENTED_EDGE('',*,*,#3078,.F.);
#1360=ORIENTED_EDGE('',*,*,#3080,.T.);
#1361=ORIENTED_EDGE('',*,*,#3081,.T.);
#1362=ORIENTED_EDGE('',*,*,#3082,.F.);
#1363=ORIENTED_EDGE('',*,*,#3081,.F.);
#1364=ORIENTED_EDGE('',*,*,#3083,.T.);
#1365=ORIENTED_EDGE('',*,*,#3084,.T.);
#1366=ORIENTED_EDGE('',*,*,#3085,.F.);
#1367=ORIENTED_EDGE('',*,*,#3084,.F.);
#1368=ORIENTED_EDGE('',*,*,#3086,.T.);
#1369=ORIENTED_EDGE('',*,*,#3087,.T.);
#1370=ORIENTED_EDGE('',*,*,#3088,.F.);
#1371=ORIENTED_EDGE('',*,*,#3087,.F.);
#1372=ORIENTED_EDGE('',*,*,#3089,.T.);
#1373=ORIENTED_EDGE('',*,*,#3090,.T.);
#1374=ORIENTED_EDGE('',*,*,#3091,.F.);
#1375=ORIENTED_EDGE('',*,*,#3090,.F.);
#1376=ORIENTED_EDGE('',*,*,#3092,.T.);
#1377=ORIENTED_EDGE('',*,*,#3093,.T.);
#1378=ORIENTED_EDGE('',*,*,#3094,.F.);
#1379=ORIENTED_EDGE('',*,*,#3093,.F.);
#1380=ORIENTED_EDGE('',*,*,#3095,.T.);
#1381=ORIENTED_EDGE('',*,*,#3096,.T.);
#1382=ORIENTED_EDGE('',*,*,#3097,.F.);
#1383=ORIENTED_EDGE('',*,*,#3096,.F.);
#1384=ORIENTED_EDGE('',*,*,#3098,.T.);
#1385=ORIENTED_EDGE('',*,*,#3099,.T.);
#1386=ORIENTED_EDGE('',*,*,#3100,.F.);
#1387=ORIENTED_EDGE('',*,*,#3099,.F.);
#1388=ORIENTED_EDGE('',*,*,#3101,.T.);
#1389=ORIENTED_EDGE('',*,*,#3102,.T.);
#1390=ORIENTED_EDGE('',*,*,#3103,.F.);
#1391=ORIENTED_EDGE('',*,*,#3102,.F.);
#1392=ORIENTED_EDGE('',*,*,#3104,.T.);
#1393=ORIENTED_EDGE('',*,*,#3105,.T.);
#1394=ORIENTED_EDGE('',*,*,#3106,.F.);
#1395=ORIENTED_EDGE('',*,*,#3105,.F.);
#1396=ORIENTED_EDGE('',*,*,#3107,.T.);
#1397=ORIENTED_EDGE('',*,*,#3108,.T.);
#1398=ORIENTED_EDGE('',*,*,#3109,.F.);
#1399=ORIENTED_EDGE('',*,*,#3108,.F.);
#1400=ORIENTED_EDGE('',*,*,#3110,.T.);
#1401=ORIENTED_EDGE('',*,*,#3111,.T.);
#1402=ORIENTED_EDGE('',*,*,#3112,.F.);
#1403=ORIENTED_EDGE('',*,*,#3111,.F.);
#1404=ORIENTED_EDGE('',*,*,#3113,.T.);
#1405=ORIENTED_EDGE('',*,*,#3114,.T.);
#1406=ORIENTED_EDGE('',*,*,#3115,.F.);
#1407=ORIENTED_EDGE('',*,*,#3114,.F.);
#1408=ORIENTED_EDGE('',*,*,#3116,.T.);
#1409=ORIENTED_EDGE('',*,*,#3117,.T.);
#1410=ORIENTED_EDGE('',*,*,#3118,.F.);
#1411=ORIENTED_EDGE('',*,*,#3117,.F.);
#1412=ORIENTED_EDGE('',*,*,#3119,.T.);
#1413=ORIENTED_EDGE('',*,*,#3120,.T.);
#1414=ORIENTED_EDGE('',*,*,#3121,.F.);
#1415=ORIENTED_EDGE('',*,*,#3120,.F.);
#1416=ORIENTED_EDGE('',*,*,#3122,.T.);
#1417=ORIENTED_EDGE('',*,*,#3123,.T.);
#1418=ORIENTED_EDGE('',*,*,#3124,.F.);
#1419=ORIENTED_EDGE('',*,*,#3123,.F.);
#1420=ORIENTED_EDGE('',*,*,#3125,.T.);
#1421=ORIENTED_EDGE('',*,*,#3126,.T.);
#1422=ORIENTED_EDGE('',*,*,#3127,.F.);
#1423=ORIENTED_EDGE('',*,*,#3126,.F.);
#1424=ORIENTED_EDGE('',*,*,#3128,.T.);
#1425=ORIENTED_EDGE('',*,*,#3129,.T.);
#1426=ORIENTED_EDGE('',*,*,#3130,.F.);
#1427=ORIENTED_EDGE('',*,*,#3129,.F.);
#1428=ORIENTED_EDGE('',*,*,#3131,.T.);
#1429=ORIENTED_EDGE('',*,*,#3132,.T.);
#1430=ORIENTED_EDGE('',*,*,#3133,.F.);
#1431=ORIENTED_EDGE('',*,*,#3132,.F.);
#1432=ORIENTED_EDGE('',*,*,#3134,.T.);
#1433=ORIENTED_EDGE('',*,*,#3135,.T.);
#1434=ORIENTED_EDGE('',*,*,#3136,.F.);
#1435=ORIENTED_EDGE('',*,*,#3135,.F.);
#1436=ORIENTED_EDGE('',*,*,#3137,.T.);
#1437=ORIENTED_EDGE('',*,*,#3138,.T.);
#1438=ORIENTED_EDGE('',*,*,#3139,.F.);
#1439=ORIENTED_EDGE('',*,*,#3138,.F.);
#1440=ORIENTED_EDGE('',*,*,#3140,.T.);
#1441=ORIENTED_EDGE('',*,*,#3141,.T.);
#1442=ORIENTED_EDGE('',*,*,#3142,.F.);
#1443=ORIENTED_EDGE('',*,*,#3141,.F.);
#1444=ORIENTED_EDGE('',*,*,#3143,.T.);
#1445=ORIENTED_EDGE('',*,*,#3144,.T.);
#1446=ORIENTED_EDGE('',*,*,#3145,.F.);
#1447=ORIENTED_EDGE('',*,*,#3144,.F.);
#1448=ORIENTED_EDGE('',*,*,#3146,.T.);
#1449=ORIENTED_EDGE('',*,*,#3147,.T.);
#1450=ORIENTED_EDGE('',*,*,#3148,.F.);
#1451=ORIENTED_EDGE('',*,*,#3147,.F.);
#1452=ORIENTED_EDGE('',*,*,#3149,.T.);
#1453=ORIENTED_EDGE('',*,*,#3150,.T.);
#1454=ORIENTED_EDGE('',*,*,#3151,.F.);
#1455=ORIENTED_EDGE('',*,*,#3150,.F.);
#1456=ORIENTED_EDGE('',*,*,#3152,.T.);
#1457=ORIENTED_EDGE('',*,*,#3153,.T.);
#1458=ORIENTED_EDGE('',*,*,#3154,.F.);
#1459=ORIENTED_EDGE('',*,*,#3153,.F.);
#1460=ORIENTED_EDGE('',*,*,#3155,.T.);
#1461=ORIENTED_EDGE('',*,*,#3156,.T.);
#1462=ORIENTED_EDGE('',*,*,#3157,.F.);
#1463=ORIENTED_EDGE('',*,*,#3156,.F.);
#1464=ORIENTED_EDGE('',*,*,#3158,.T.);
#1465=ORIENTED_EDGE('',*,*,#3159,.T.);
#1466=ORIENTED_EDGE('',*,*,#3160,.F.);
#1467=ORIENTED_EDGE('',*,*,#3159,.F.);
#1468=ORIENTED_EDGE('',*,*,#3161,.T.);
#1469=ORIENTED_EDGE('',*,*,#3162,.T.);
#1470=ORIENTED_EDGE('',*,*,#3163,.F.);
#1471=ORIENTED_EDGE('',*,*,#3162,.F.);
#1472=ORIENTED_EDGE('',*,*,#3164,.T.);
#1473=ORIENTED_EDGE('',*,*,#3165,.T.);
#1474=ORIENTED_EDGE('',*,*,#3166,.F.);
#1475=ORIENTED_EDGE('',*,*,#3165,.F.);
#1476=ORIENTED_EDGE('',*,*,#3167,.T.);
#1477=ORIENTED_EDGE('',*,*,#3168,.T.);
#1478=ORIENTED_EDGE('',*,*,#3169,.F.);
#1479=ORIENTED_EDGE('',*,*,#3168,.F.);
#1480=ORIENTED_EDGE('',*,*,#3170,.T.);
#1481=ORIENTED_EDGE('',*,*,#3171,.T.);
#1482=ORIENTED_EDGE('',*,*,#3172,.F.);
#1483=ORIENTED_EDGE('',*,*,#3171,.F.);
#1484=ORIENTED_EDGE('',*,*,#3173,.T.);
#1485=ORIENTED_EDGE('',*,*,#3174,.T.);
#1486=ORIENTED_EDGE('',*,*,#3175,.F.);
#1487=ORIENTED_EDGE('',*,*,#3174,.F.);
#1488=ORIENTED_EDGE('',*,*,#3176,.T.);
#1489=ORIENTED_EDGE('',*,*,#3177,.T.);
#1490=ORIENTED_EDGE('',*,*,#3178,.F.);
#1491=ORIENTED_EDGE('',*,*,#3177,.F.);
#1492=ORIENTED_EDGE('',*,*,#3179,.T.);
#1493=ORIENTED_EDGE('',*,*,#3180,.T.);
#1494=ORIENTED_EDGE('',*,*,#3181,.F.);
#1495=ORIENTED_EDGE('',*,*,#3180,.F.);
#1496=ORIENTED_EDGE('',*,*,#3182,.T.);
#1497=ORIENTED_EDGE('',*,*,#3183,.T.);
#1498=ORIENTED_EDGE('',*,*,#3184,.F.);
#1499=ORIENTED_EDGE('',*,*,#3183,.F.);
#1500=ORIENTED_EDGE('',*,*,#3185,.T.);
#1501=ORIENTED_EDGE('',*,*,#3186,.T.);
#1502=ORIENTED_EDGE('',*,*,#3187,.F.);
#1503=ORIENTED_EDGE('',*,*,#3186,.F.);
#1504=ORIENTED_EDGE('',*,*,#3188,.T.);
#1505=ORIENTED_EDGE('',*,*,#3189,.T.);
#1506=ORIENTED_EDGE('',*,*,#3190,.F.);
#1507=ORIENTED_EDGE('',*,*,#3189,.F.);
#1508=ORIENTED_EDGE('',*,*,#3191,.T.);
#1509=ORIENTED_EDGE('',*,*,#3192,.T.);
#1510=ORIENTED_EDGE('',*,*,#3193,.F.);
#1511=ORIENTED_EDGE('',*,*,#3192,.F.);
#1512=ORIENTED_EDGE('',*,*,#3194,.T.);
#1513=ORIENTED_EDGE('',*,*,#3195,.T.);
#1514=ORIENTED_EDGE('',*,*,#3196,.F.);
#1515=ORIENTED_EDGE('',*,*,#3195,.F.);
#1516=ORIENTED_EDGE('',*,*,#3197,.T.);
#1517=ORIENTED_EDGE('',*,*,#3198,.T.);
#1518=ORIENTED_EDGE('',*,*,#3199,.F.);
#1519=ORIENTED_EDGE('',*,*,#3198,.F.);
#1520=ORIENTED_EDGE('',*,*,#3200,.T.);
#1521=ORIENTED_EDGE('',*,*,#3201,.T.);
#1522=ORIENTED_EDGE('',*,*,#3202,.F.);
#1523=ORIENTED_EDGE('',*,*,#3201,.F.);
#1524=ORIENTED_EDGE('',*,*,#3203,.T.);
#1525=ORIENTED_EDGE('',*,*,#3204,.T.);
#1526=ORIENTED_EDGE('',*,*,#3205,.F.);
#1527=ORIENTED_EDGE('',*,*,#3204,.F.);
#1528=ORIENTED_EDGE('',*,*,#3206,.T.);
#1529=ORIENTED_EDGE('',*,*,#3207,.T.);
#1530=ORIENTED_EDGE('',*,*,#3208,.F.);
#1531=ORIENTED_EDGE('',*,*,#3209,.F.);
#1532=ORIENTED_EDGE('',*,*,#3210,.T.);
#1533=ORIENTED_EDGE('',*,*,#3211,.T.);
#1534=ORIENTED_EDGE('',*,*,#3212,.F.);
#1535=ORIENTED_EDGE('',*,*,#3207,.F.);
#1536=ORIENTED_EDGE('',*,*,#3213,.T.);
#1537=ORIENTED_EDGE('',*,*,#3214,.T.);
#1538=ORIENTED_EDGE('',*,*,#3215,.F.);
#1539=ORIENTED_EDGE('',*,*,#3211,.F.);
#1540=ORIENTED_EDGE('',*,*,#3216,.T.);
#1541=ORIENTED_EDGE('',*,*,#3209,.T.);
#1542=ORIENTED_EDGE('',*,*,#3217,.F.);
#1543=ORIENTED_EDGE('',*,*,#3214,.F.);
#1544=ORIENTED_EDGE('',*,*,#3218,.T.);
#1545=ORIENTED_EDGE('',*,*,#3219,.T.);
#1546=ORIENTED_EDGE('',*,*,#3220,.F.);
#1547=ORIENTED_EDGE('',*,*,#3221,.F.);
#1548=ORIENTED_EDGE('',*,*,#3222,.T.);
#1549=ORIENTED_EDGE('',*,*,#3223,.T.);
#1550=ORIENTED_EDGE('',*,*,#3224,.F.);
#1551=ORIENTED_EDGE('',*,*,#3219,.F.);
#1552=ORIENTED_EDGE('',*,*,#3225,.T.);
#1553=ORIENTED_EDGE('',*,*,#3226,.T.);
#1554=ORIENTED_EDGE('',*,*,#3227,.F.);
#1555=ORIENTED_EDGE('',*,*,#3223,.F.);
#1556=ORIENTED_EDGE('',*,*,#3228,.T.);
#1557=ORIENTED_EDGE('',*,*,#3221,.T.);
#1558=ORIENTED_EDGE('',*,*,#3229,.F.);
#1559=ORIENTED_EDGE('',*,*,#3226,.F.);
#1560=ORIENTED_EDGE('',*,*,#3230,.T.);
#1561=ORIENTED_EDGE('',*,*,#3231,.T.);
#1562=ORIENTED_EDGE('',*,*,#3232,.F.);
#1563=ORIENTED_EDGE('',*,*,#3231,.F.);
#1564=ORIENTED_EDGE('',*,*,#3233,.T.);
#1565=ORIENTED_EDGE('',*,*,#3234,.T.);
#1566=ORIENTED_EDGE('',*,*,#3235,.F.);
#1567=ORIENTED_EDGE('',*,*,#3234,.F.);
#1568=ORIENTED_EDGE('',*,*,#3236,.T.);
#1569=ORIENTED_EDGE('',*,*,#3237,.T.);
#1570=ORIENTED_EDGE('',*,*,#3238,.F.);
#1571=ORIENTED_EDGE('',*,*,#3239,.F.);
#1572=ORIENTED_EDGE('',*,*,#3240,.T.);
#1573=ORIENTED_EDGE('',*,*,#3241,.T.);
#1574=ORIENTED_EDGE('',*,*,#3242,.F.);
#1575=ORIENTED_EDGE('',*,*,#3237,.F.);
#1576=ORIENTED_EDGE('',*,*,#3243,.T.);
#1577=ORIENTED_EDGE('',*,*,#3244,.T.);
#1578=ORIENTED_EDGE('',*,*,#3245,.F.);
#1579=ORIENTED_EDGE('',*,*,#3241,.F.);
#1580=ORIENTED_EDGE('',*,*,#3246,.T.);
#1581=ORIENTED_EDGE('',*,*,#3239,.T.);
#1582=ORIENTED_EDGE('',*,*,#3247,.F.);
#1583=ORIENTED_EDGE('',*,*,#3244,.F.);
#1584=ORIENTED_EDGE('',*,*,#3248,.T.);
#1585=ORIENTED_EDGE('',*,*,#3249,.T.);
#1586=ORIENTED_EDGE('',*,*,#3250,.F.);
#1587=ORIENTED_EDGE('',*,*,#3251,.F.);
#1588=ORIENTED_EDGE('',*,*,#3252,.T.);
#1589=ORIENTED_EDGE('',*,*,#3253,.T.);
#1590=ORIENTED_EDGE('',*,*,#3254,.F.);
#1591=ORIENTED_EDGE('',*,*,#3249,.F.);
#1592=ORIENTED_EDGE('',*,*,#3255,.T.);
#1593=ORIENTED_EDGE('',*,*,#3256,.T.);
#1594=ORIENTED_EDGE('',*,*,#3257,.F.);
#1595=ORIENTED_EDGE('',*,*,#3253,.F.);
#1596=ORIENTED_EDGE('',*,*,#3258,.T.);
#1597=ORIENTED_EDGE('',*,*,#3251,.T.);
#1598=ORIENTED_EDGE('',*,*,#3259,.F.);
#1599=ORIENTED_EDGE('',*,*,#3256,.F.);
#1600=ORIENTED_EDGE('',*,*,#3260,.T.);
#1601=ORIENTED_EDGE('',*,*,#3261,.T.);
#1602=ORIENTED_EDGE('',*,*,#3262,.F.);
#1603=ORIENTED_EDGE('',*,*,#3261,.F.);
#1604=ORIENTED_EDGE('',*,*,#3263,.T.);
#1605=ORIENTED_EDGE('',*,*,#3264,.T.);
#1606=ORIENTED_EDGE('',*,*,#3265,.F.);
#1607=ORIENTED_EDGE('',*,*,#3264,.F.);
#1608=ORIENTED_EDGE('',*,*,#3266,.T.);
#1609=ORIENTED_EDGE('',*,*,#3267,.T.);
#1610=ORIENTED_EDGE('',*,*,#3268,.F.);
#1611=ORIENTED_EDGE('',*,*,#3267,.F.);
#1612=ORIENTED_EDGE('',*,*,#3269,.T.);
#1613=ORIENTED_EDGE('',*,*,#3270,.T.);
#1614=ORIENTED_EDGE('',*,*,#3271,.F.);
#1615=ORIENTED_EDGE('',*,*,#3270,.F.);
#1616=ORIENTED_EDGE('',*,*,#3272,.T.);
#1617=ORIENTED_EDGE('',*,*,#3273,.T.);
#1618=ORIENTED_EDGE('',*,*,#3274,.F.);
#1619=ORIENTED_EDGE('',*,*,#3273,.F.);
#1620=ORIENTED_EDGE('',*,*,#3275,.T.);
#1621=ORIENTED_EDGE('',*,*,#3276,.T.);
#1622=ORIENTED_EDGE('',*,*,#3277,.F.);
#1623=ORIENTED_EDGE('',*,*,#3276,.F.);
#1624=ORIENTED_EDGE('',*,*,#3278,.T.);
#1625=ORIENTED_EDGE('',*,*,#3279,.T.);
#1626=ORIENTED_EDGE('',*,*,#3280,.F.);
#1627=ORIENTED_EDGE('',*,*,#3279,.F.);
#1628=ORIENTED_EDGE('',*,*,#3281,.T.);
#1629=ORIENTED_EDGE('',*,*,#3282,.T.);
#1630=ORIENTED_EDGE('',*,*,#3283,.F.);
#1631=ORIENTED_EDGE('',*,*,#3282,.F.);
#1632=ORIENTED_EDGE('',*,*,#3284,.T.);
#1633=ORIENTED_EDGE('',*,*,#3285,.T.);
#1634=ORIENTED_EDGE('',*,*,#3286,.F.);
#1635=ORIENTED_EDGE('',*,*,#3287,.F.);
#1636=ORIENTED_EDGE('',*,*,#3288,.T.);
#1637=ORIENTED_EDGE('',*,*,#3289,.T.);
#1638=ORIENTED_EDGE('',*,*,#3290,.F.);
#1639=ORIENTED_EDGE('',*,*,#3285,.F.);
#1640=ORIENTED_EDGE('',*,*,#3291,.T.);
#1641=ORIENTED_EDGE('',*,*,#3292,.T.);
#1642=ORIENTED_EDGE('',*,*,#3293,.F.);
#1643=ORIENTED_EDGE('',*,*,#3289,.F.);
#1644=ORIENTED_EDGE('',*,*,#3294,.T.);
#1645=ORIENTED_EDGE('',*,*,#3287,.T.);
#1646=ORIENTED_EDGE('',*,*,#3295,.F.);
#1647=ORIENTED_EDGE('',*,*,#3292,.F.);
#1648=ORIENTED_EDGE('',*,*,#3296,.T.);
#1649=ORIENTED_EDGE('',*,*,#3297,.T.);
#1650=ORIENTED_EDGE('',*,*,#3298,.F.);
#1651=ORIENTED_EDGE('',*,*,#3299,.F.);
#1652=ORIENTED_EDGE('',*,*,#3300,.T.);
#1653=ORIENTED_EDGE('',*,*,#3301,.T.);
#1654=ORIENTED_EDGE('',*,*,#3302,.F.);
#1655=ORIENTED_EDGE('',*,*,#3297,.F.);
#1656=ORIENTED_EDGE('',*,*,#3303,.T.);
#1657=ORIENTED_EDGE('',*,*,#3304,.T.);
#1658=ORIENTED_EDGE('',*,*,#3305,.F.);
#1659=ORIENTED_EDGE('',*,*,#3301,.F.);
#1660=ORIENTED_EDGE('',*,*,#3306,.T.);
#1661=ORIENTED_EDGE('',*,*,#3299,.T.);
#1662=ORIENTED_EDGE('',*,*,#3307,.F.);
#1663=ORIENTED_EDGE('',*,*,#3304,.F.);
#1664=ORIENTED_EDGE('',*,*,#3308,.T.);
#1665=ORIENTED_EDGE('',*,*,#3309,.T.);
#1666=ORIENTED_EDGE('',*,*,#3310,.F.);
#1667=ORIENTED_EDGE('',*,*,#3311,.F.);
#1668=ORIENTED_EDGE('',*,*,#3312,.T.);
#1669=ORIENTED_EDGE('',*,*,#3313,.T.);
#1670=ORIENTED_EDGE('',*,*,#3314,.F.);
#1671=ORIENTED_EDGE('',*,*,#3309,.F.);
#1672=ORIENTED_EDGE('',*,*,#3315,.T.);
#1673=ORIENTED_EDGE('',*,*,#3316,.T.);
#1674=ORIENTED_EDGE('',*,*,#3317,.F.);
#1675=ORIENTED_EDGE('',*,*,#3313,.F.);
#1676=ORIENTED_EDGE('',*,*,#3318,.T.);
#1677=ORIENTED_EDGE('',*,*,#3311,.T.);
#1678=ORIENTED_EDGE('',*,*,#3319,.F.);
#1679=ORIENTED_EDGE('',*,*,#3316,.F.);
#1680=ORIENTED_EDGE('',*,*,#3320,.T.);
#1681=ORIENTED_EDGE('',*,*,#3321,.T.);
#1682=ORIENTED_EDGE('',*,*,#3322,.F.);
#1683=ORIENTED_EDGE('',*,*,#3321,.F.);
#1684=ORIENTED_EDGE('',*,*,#3323,.T.);
#1685=ORIENTED_EDGE('',*,*,#3324,.T.);
#1686=ORIENTED_EDGE('',*,*,#3325,.F.);
#1687=ORIENTED_EDGE('',*,*,#3326,.F.);
#1688=ORIENTED_EDGE('',*,*,#3327,.T.);
#1689=ORIENTED_EDGE('',*,*,#3328,.T.);
#1690=ORIENTED_EDGE('',*,*,#3329,.F.);
#1691=ORIENTED_EDGE('',*,*,#3324,.F.);
#1692=ORIENTED_EDGE('',*,*,#3330,.T.);
#1693=ORIENTED_EDGE('',*,*,#3331,.T.);
#1694=ORIENTED_EDGE('',*,*,#3332,.F.);
#1695=ORIENTED_EDGE('',*,*,#3328,.F.);
#1696=ORIENTED_EDGE('',*,*,#3333,.T.);
#1697=ORIENTED_EDGE('',*,*,#3326,.T.);
#1698=ORIENTED_EDGE('',*,*,#3334,.F.);
#1699=ORIENTED_EDGE('',*,*,#3331,.F.);
#1700=ORIENTED_EDGE('',*,*,#3335,.T.);
#1701=ORIENTED_EDGE('',*,*,#3336,.T.);
#1702=ORIENTED_EDGE('',*,*,#3337,.F.);
#1703=ORIENTED_EDGE('',*,*,#3338,.F.);
#1704=ORIENTED_EDGE('',*,*,#3339,.T.);
#1705=ORIENTED_EDGE('',*,*,#3340,.T.);
#1706=ORIENTED_EDGE('',*,*,#3341,.F.);
#1707=ORIENTED_EDGE('',*,*,#3336,.F.);
#1708=ORIENTED_EDGE('',*,*,#3342,.T.);
#1709=ORIENTED_EDGE('',*,*,#3343,.T.);
#1710=ORIENTED_EDGE('',*,*,#3344,.F.);
#1711=ORIENTED_EDGE('',*,*,#3340,.F.);
#1712=ORIENTED_EDGE('',*,*,#3345,.T.);
#1713=ORIENTED_EDGE('',*,*,#3338,.T.);
#1714=ORIENTED_EDGE('',*,*,#3346,.F.);
#1715=ORIENTED_EDGE('',*,*,#3343,.F.);
#1716=ORIENTED_EDGE('',*,*,#3347,.T.);
#1717=ORIENTED_EDGE('',*,*,#3348,.T.);
#1718=ORIENTED_EDGE('',*,*,#3349,.F.);
#1719=ORIENTED_EDGE('',*,*,#3348,.F.);
#1720=ORIENTED_EDGE('',*,*,#3350,.T.);
#1721=ORIENTED_EDGE('',*,*,#3351,.T.);
#1722=ORIENTED_EDGE('',*,*,#3352,.F.);
#1723=ORIENTED_EDGE('',*,*,#3353,.F.);
#1724=ORIENTED_EDGE('',*,*,#3354,.T.);
#1725=ORIENTED_EDGE('',*,*,#3355,.T.);
#1726=ORIENTED_EDGE('',*,*,#3350,.F.);
#1727=ORIENTED_EDGE('',*,*,#3356,.F.);
#1728=ORIENTED_EDGE('',*,*,#3352,.T.);
#1729=ORIENTED_EDGE('',*,*,#3357,.T.);
#1730=ORIENTED_EDGE('',*,*,#3358,.F.);
#1731=ORIENTED_EDGE('',*,*,#3359,.F.);
#1732=ORIENTED_EDGE('',*,*,#3360,.T.);
#1733=ORIENTED_EDGE('',*,*,#3361,.T.);
#1734=ORIENTED_EDGE('',*,*,#3354,.F.);
#1735=ORIENTED_EDGE('',*,*,#3362,.F.);
#1736=ORIENTED_EDGE('',*,*,#3358,.T.);
#1737=ORIENTED_EDGE('',*,*,#3363,.T.);
#1738=ORIENTED_EDGE('',*,*,#3364,.F.);
#1739=ORIENTED_EDGE('',*,*,#3365,.F.);
#1740=ORIENTED_EDGE('',*,*,#2986,.T.);
#1741=ORIENTED_EDGE('',*,*,#2989,.T.);
#1742=ORIENTED_EDGE('',*,*,#3001,.T.);
#1743=ORIENTED_EDGE('',*,*,#2992,.T.);
#1744=ORIENTED_EDGE('',*,*,#2996,.T.);
#1745=ORIENTED_EDGE('',*,*,#2999,.T.);
#1746=ORIENTED_EDGE('',*,*,#3013,.T.);
#1747=ORIENTED_EDGE('',*,*,#3004,.T.);
#1748=ORIENTED_EDGE('',*,*,#3008,.T.);
#1749=ORIENTED_EDGE('',*,*,#3011,.T.);
#1750=ORIENTED_EDGE('',*,*,#3025,.T.);
#1751=ORIENTED_EDGE('',*,*,#3016,.T.);
#1752=ORIENTED_EDGE('',*,*,#3020,.T.);
#1753=ORIENTED_EDGE('',*,*,#3023,.T.);
#1754=ORIENTED_EDGE('',*,*,#3037,.T.);
#1755=ORIENTED_EDGE('',*,*,#3028,.T.);
#1756=ORIENTED_EDGE('',*,*,#3032,.T.);
#1757=ORIENTED_EDGE('',*,*,#3035,.T.);
#1758=ORIENTED_EDGE('',*,*,#3040,.T.);
#1759=ORIENTED_EDGE('',*,*,#3043,.T.);
#1760=ORIENTED_EDGE('',*,*,#3046,.T.);
#1761=ORIENTED_EDGE('',*,*,#3049,.T.);
#1762=ORIENTED_EDGE('',*,*,#3052,.T.);
#1763=ORIENTED_EDGE('',*,*,#3055,.T.);
#1764=ORIENTED_EDGE('',*,*,#3058,.T.);
#1765=ORIENTED_EDGE('',*,*,#3061,.T.);
#1766=ORIENTED_EDGE('',*,*,#3064,.T.);
#1767=ORIENTED_EDGE('',*,*,#3067,.T.);
#1768=ORIENTED_EDGE('',*,*,#3070,.T.);
#1769=ORIENTED_EDGE('',*,*,#3073,.T.);
#1770=ORIENTED_EDGE('',*,*,#3076,.T.);
#1771=ORIENTED_EDGE('',*,*,#3079,.T.);
#1772=ORIENTED_EDGE('',*,*,#3082,.T.);
#1773=ORIENTED_EDGE('',*,*,#3085,.T.);
#1774=ORIENTED_EDGE('',*,*,#3088,.T.);
#1775=ORIENTED_EDGE('',*,*,#3091,.T.);
#1776=ORIENTED_EDGE('',*,*,#3094,.T.);
#1777=ORIENTED_EDGE('',*,*,#3097,.T.);
#1778=ORIENTED_EDGE('',*,*,#3100,.T.);
#1779=ORIENTED_EDGE('',*,*,#3103,.T.);
#1780=ORIENTED_EDGE('',*,*,#3106,.T.);
#1781=ORIENTED_EDGE('',*,*,#3109,.T.);
#1782=ORIENTED_EDGE('',*,*,#3112,.T.);
#1783=ORIENTED_EDGE('',*,*,#3115,.T.);
#1784=ORIENTED_EDGE('',*,*,#3118,.T.);
#1785=ORIENTED_EDGE('',*,*,#3121,.T.);
#1786=ORIENTED_EDGE('',*,*,#3124,.T.);
#1787=ORIENTED_EDGE('',*,*,#3127,.T.);
#1788=ORIENTED_EDGE('',*,*,#3130,.T.);
#1789=ORIENTED_EDGE('',*,*,#3133,.T.);
#1790=ORIENTED_EDGE('',*,*,#3136,.T.);
#1791=ORIENTED_EDGE('',*,*,#3139,.T.);
#1792=ORIENTED_EDGE('',*,*,#3142,.T.);
#1793=ORIENTED_EDGE('',*,*,#3145,.T.);
#1794=ORIENTED_EDGE('',*,*,#3148,.T.);
#1795=ORIENTED_EDGE('',*,*,#3151,.T.);
#1796=ORIENTED_EDGE('',*,*,#3154,.T.);
#1797=ORIENTED_EDGE('',*,*,#3157,.T.);
#1798=ORIENTED_EDGE('',*,*,#3160,.T.);
#1799=ORIENTED_EDGE('',*,*,#3163,.T.);
#1800=ORIENTED_EDGE('',*,*,#3166,.T.);
#1801=ORIENTED_EDGE('',*,*,#3169,.T.);
#1802=ORIENTED_EDGE('',*,*,#3172,.T.);
#1803=ORIENTED_EDGE('',*,*,#3175,.T.);
#1804=ORIENTED_EDGE('',*,*,#3178,.T.);
#1805=ORIENTED_EDGE('',*,*,#3181,.T.);
#1806=ORIENTED_EDGE('',*,*,#3184,.T.);
#1807=ORIENTED_EDGE('',*,*,#3187,.T.);
#1808=ORIENTED_EDGE('',*,*,#3190,.T.);
#1809=ORIENTED_EDGE('',*,*,#3193,.T.);
#1810=ORIENTED_EDGE('',*,*,#3196,.T.);
#1811=ORIENTED_EDGE('',*,*,#3199,.T.);
#1812=ORIENTED_EDGE('',*,*,#3202,.T.);
#1813=ORIENTED_EDGE('',*,*,#3205,.T.);
#1814=ORIENTED_EDGE('',*,*,#3217,.T.);
#1815=ORIENTED_EDGE('',*,*,#3208,.T.);
#1816=ORIENTED_EDGE('',*,*,#3212,.T.);
#1817=ORIENTED_EDGE('',*,*,#3215,.T.);
#1818=ORIENTED_EDGE('',*,*,#3229,.T.);
#1819=ORIENTED_EDGE('',*,*,#3220,.T.);
#1820=ORIENTED_EDGE('',*,*,#3224,.T.);
#1821=ORIENTED_EDGE('',*,*,#3227,.T.);
#1822=ORIENTED_EDGE('',*,*,#3232,.T.);
#1823=ORIENTED_EDGE('',*,*,#3235,.T.);
#1824=ORIENTED_EDGE('',*,*,#3247,.T.);
#1825=ORIENTED_EDGE('',*,*,#3238,.T.);
#1826=ORIENTED_EDGE('',*,*,#3242,.T.);
#1827=ORIENTED_EDGE('',*,*,#3245,.T.);
#1828=ORIENTED_EDGE('',*,*,#3259,.T.);
#1829=ORIENTED_EDGE('',*,*,#3250,.T.);
#1830=ORIENTED_EDGE('',*,*,#3254,.T.);
#1831=ORIENTED_EDGE('',*,*,#3257,.T.);
#1832=ORIENTED_EDGE('',*,*,#3262,.T.);
#1833=ORIENTED_EDGE('',*,*,#3265,.T.);
#1834=ORIENTED_EDGE('',*,*,#3268,.T.);
#1835=ORIENTED_EDGE('',*,*,#3271,.T.);
#1836=ORIENTED_EDGE('',*,*,#3274,.T.);
#1837=ORIENTED_EDGE('',*,*,#3277,.T.);
#1838=ORIENTED_EDGE('',*,*,#3280,.T.);
#1839=ORIENTED_EDGE('',*,*,#3283,.T.);
#1840=ORIENTED_EDGE('',*,*,#3295,.T.);
#1841=ORIENTED_EDGE('',*,*,#3286,.T.);
#1842=ORIENTED_EDGE('',*,*,#3290,.T.);
#1843=ORIENTED_EDGE('',*,*,#3293,.T.);
#1844=ORIENTED_EDGE('',*,*,#3307,.T.);
#1845=ORIENTED_EDGE('',*,*,#3298,.T.);
#1846=ORIENTED_EDGE('',*,*,#3302,.T.);
#1847=ORIENTED_EDGE('',*,*,#3305,.T.);
#1848=ORIENTED_EDGE('',*,*,#3319,.T.);
#1849=ORIENTED_EDGE('',*,*,#3310,.T.);
#1850=ORIENTED_EDGE('',*,*,#3314,.T.);
#1851=ORIENTED_EDGE('',*,*,#3317,.T.);
#1852=ORIENTED_EDGE('',*,*,#3322,.T.);
#1853=ORIENTED_EDGE('',*,*,#3334,.T.);
#1854=ORIENTED_EDGE('',*,*,#3325,.T.);
#1855=ORIENTED_EDGE('',*,*,#3329,.T.);
#1856=ORIENTED_EDGE('',*,*,#3332,.T.);
#1857=ORIENTED_EDGE('',*,*,#3346,.T.);
#1858=ORIENTED_EDGE('',*,*,#3337,.T.);
#1859=ORIENTED_EDGE('',*,*,#3341,.T.);
#1860=ORIENTED_EDGE('',*,*,#3344,.T.);
#1861=ORIENTED_EDGE('',*,*,#3349,.T.);
#1862=ORIENTED_EDGE('',*,*,#3366,.F.);
#1863=ORIENTED_EDGE('',*,*,#3367,.F.);
#1864=ORIENTED_EDGE('',*,*,#3363,.F.);
#1865=ORIENTED_EDGE('',*,*,#3357,.F.);
#1866=ORIENTED_EDGE('',*,*,#3351,.F.);
#1867=ORIENTED_EDGE('',*,*,#3355,.F.);
#1868=ORIENTED_EDGE('',*,*,#3361,.F.);
#1869=ORIENTED_EDGE('',*,*,#3368,.F.);
#1870=ORIENTED_EDGE('',*,*,#2984,.F.);
#1871=ORIENTED_EDGE('',*,*,#2987,.F.);
#1872=ORIENTED_EDGE('',*,*,#2997,.F.);
#1873=ORIENTED_EDGE('',*,*,#2994,.F.);
#1874=ORIENTED_EDGE('',*,*,#2990,.F.);
#1875=ORIENTED_EDGE('',*,*,#3000,.F.);
#1876=ORIENTED_EDGE('',*,*,#3009,.F.);
#1877=ORIENTED_EDGE('',*,*,#3006,.F.);
#1878=ORIENTED_EDGE('',*,*,#3002,.F.);
#1879=ORIENTED_EDGE('',*,*,#3012,.F.);
#1880=ORIENTED_EDGE('',*,*,#3021,.F.);
#1881=ORIENTED_EDGE('',*,*,#3018,.F.);
#1882=ORIENTED_EDGE('',*,*,#3014,.F.);
#1883=ORIENTED_EDGE('',*,*,#3024,.F.);
#1884=ORIENTED_EDGE('',*,*,#3033,.F.);
#1885=ORIENTED_EDGE('',*,*,#3030,.F.);
#1886=ORIENTED_EDGE('',*,*,#3026,.F.);
#1887=ORIENTED_EDGE('',*,*,#3036,.F.);
#1888=ORIENTED_EDGE('',*,*,#3038,.F.);
#1889=ORIENTED_EDGE('',*,*,#3041,.F.);
#1890=ORIENTED_EDGE('',*,*,#3044,.F.);
#1891=ORIENTED_EDGE('',*,*,#3047,.F.);
#1892=ORIENTED_EDGE('',*,*,#3050,.F.);
#1893=ORIENTED_EDGE('',*,*,#3053,.F.);
#1894=ORIENTED_EDGE('',*,*,#3056,.F.);
#1895=ORIENTED_EDGE('',*,*,#3059,.F.);
#1896=ORIENTED_EDGE('',*,*,#3062,.F.);
#1897=ORIENTED_EDGE('',*,*,#3065,.F.);
#1898=ORIENTED_EDGE('',*,*,#3068,.F.);
#1899=ORIENTED_EDGE('',*,*,#3071,.F.);
#1900=ORIENTED_EDGE('',*,*,#3074,.F.);
#1901=ORIENTED_EDGE('',*,*,#3077,.F.);
#1902=ORIENTED_EDGE('',*,*,#3080,.F.);
#1903=ORIENTED_EDGE('',*,*,#3083,.F.);
#1904=ORIENTED_EDGE('',*,*,#3086,.F.);
#1905=ORIENTED_EDGE('',*,*,#3089,.F.);
#1906=ORIENTED_EDGE('',*,*,#3092,.F.);
#1907=ORIENTED_EDGE('',*,*,#3095,.F.);
#1908=ORIENTED_EDGE('',*,*,#3098,.F.);
#1909=ORIENTED_EDGE('',*,*,#3101,.F.);
#1910=ORIENTED_EDGE('',*,*,#3104,.F.);
#1911=ORIENTED_EDGE('',*,*,#3107,.F.);
#1912=ORIENTED_EDGE('',*,*,#3110,.F.);
#1913=ORIENTED_EDGE('',*,*,#3113,.F.);
#1914=ORIENTED_EDGE('',*,*,#3116,.F.);
#1915=ORIENTED_EDGE('',*,*,#3119,.F.);
#1916=ORIENTED_EDGE('',*,*,#3122,.F.);
#1917=ORIENTED_EDGE('',*,*,#3125,.F.);
#1918=ORIENTED_EDGE('',*,*,#3128,.F.);
#1919=ORIENTED_EDGE('',*,*,#3131,.F.);
#1920=ORIENTED_EDGE('',*,*,#3134,.F.);
#1921=ORIENTED_EDGE('',*,*,#3137,.F.);
#1922=ORIENTED_EDGE('',*,*,#3140,.F.);
#1923=ORIENTED_EDGE('',*,*,#3143,.F.);
#1924=ORIENTED_EDGE('',*,*,#3146,.F.);
#1925=ORIENTED_EDGE('',*,*,#3149,.F.);
#1926=ORIENTED_EDGE('',*,*,#3152,.F.);
#1927=ORIENTED_EDGE('',*,*,#3155,.F.);
#1928=ORIENTED_EDGE('',*,*,#3158,.F.);
#1929=ORIENTED_EDGE('',*,*,#3161,.F.);
#1930=ORIENTED_EDGE('',*,*,#3164,.F.);
#1931=ORIENTED_EDGE('',*,*,#3167,.F.);
#1932=ORIENTED_EDGE('',*,*,#3170,.F.);
#1933=ORIENTED_EDGE('',*,*,#3173,.F.);
#1934=ORIENTED_EDGE('',*,*,#3176,.F.);
#1935=ORIENTED_EDGE('',*,*,#3179,.F.);
#1936=ORIENTED_EDGE('',*,*,#3182,.F.);
#1937=ORIENTED_EDGE('',*,*,#3185,.F.);
#1938=ORIENTED_EDGE('',*,*,#3188,.F.);
#1939=ORIENTED_EDGE('',*,*,#3191,.F.);
#1940=ORIENTED_EDGE('',*,*,#3194,.F.);
#1941=ORIENTED_EDGE('',*,*,#3197,.F.);
#1942=ORIENTED_EDGE('',*,*,#3200,.F.);
#1943=ORIENTED_EDGE('',*,*,#3203,.F.);
#1944=ORIENTED_EDGE('',*,*,#3213,.F.);
#1945=ORIENTED_EDGE('',*,*,#3210,.F.);
#1946=ORIENTED_EDGE('',*,*,#3206,.F.);
#1947=ORIENTED_EDGE('',*,*,#3216,.F.);
#1948=ORIENTED_EDGE('',*,*,#3225,.F.);
#1949=ORIENTED_EDGE('',*,*,#3222,.F.);
#1950=ORIENTED_EDGE('',*,*,#3218,.F.);
#1951=ORIENTED_EDGE('',*,*,#3228,.F.);
#1952=ORIENTED_EDGE('',*,*,#3230,.F.);
#1953=ORIENTED_EDGE('',*,*,#3233,.F.);
#1954=ORIENTED_EDGE('',*,*,#3243,.F.);
#1955=ORIENTED_EDGE('',*,*,#3240,.F.);
#1956=ORIENTED_EDGE('',*,*,#3236,.F.);
#1957=ORIENTED_EDGE('',*,*,#3246,.F.);
#1958=ORIENTED_EDGE('',*,*,#3255,.F.);
#1959=ORIENTED_EDGE('',*,*,#3252,.F.);
#1960=ORIENTED_EDGE('',*,*,#3248,.F.);
#1961=ORIENTED_EDGE('',*,*,#3258,.F.);
#1962=ORIENTED_EDGE('',*,*,#3260,.F.);
#1963=ORIENTED_EDGE('',*,*,#3263,.F.);
#1964=ORIENTED_EDGE('',*,*,#3266,.F.);
#1965=ORIENTED_EDGE('',*,*,#3269,.F.);
#1966=ORIENTED_EDGE('',*,*,#3272,.F.);
#1967=ORIENTED_EDGE('',*,*,#3275,.F.);
#1968=ORIENTED_EDGE('',*,*,#3278,.F.);
#1969=ORIENTED_EDGE('',*,*,#3281,.F.);
#1970=ORIENTED_EDGE('',*,*,#3291,.F.);
#1971=ORIENTED_EDGE('',*,*,#3288,.F.);
#1972=ORIENTED_EDGE('',*,*,#3284,.F.);
#1973=ORIENTED_EDGE('',*,*,#3294,.F.);
#1974=ORIENTED_EDGE('',*,*,#3303,.F.);
#1975=ORIENTED_EDGE('',*,*,#3300,.F.);
#1976=ORIENTED_EDGE('',*,*,#3296,.F.);
#1977=ORIENTED_EDGE('',*,*,#3306,.F.);
#1978=ORIENTED_EDGE('',*,*,#3315,.F.);
#1979=ORIENTED_EDGE('',*,*,#3312,.F.);
#1980=ORIENTED_EDGE('',*,*,#3308,.F.);
#1981=ORIENTED_EDGE('',*,*,#3318,.F.);
#1982=ORIENTED_EDGE('',*,*,#3320,.F.);
#1983=ORIENTED_EDGE('',*,*,#3330,.F.);
#1984=ORIENTED_EDGE('',*,*,#3327,.F.);
#1985=ORIENTED_EDGE('',*,*,#3323,.F.);
#1986=ORIENTED_EDGE('',*,*,#3333,.F.);
#1987=ORIENTED_EDGE('',*,*,#3342,.F.);
#1988=ORIENTED_EDGE('',*,*,#3339,.F.);
#1989=ORIENTED_EDGE('',*,*,#3335,.F.);
#1990=ORIENTED_EDGE('',*,*,#3345,.F.);
#1991=ORIENTED_EDGE('',*,*,#3347,.F.);
#1992=ORIENTED_EDGE('',*,*,#3369,.T.);
#1993=ORIENTED_EDGE('',*,*,#3362,.T.);
#1994=ORIENTED_EDGE('',*,*,#3356,.T.);
#1995=ORIENTED_EDGE('',*,*,#3353,.T.);
#1996=ORIENTED_EDGE('',*,*,#3359,.T.);
#1997=ORIENTED_EDGE('',*,*,#3365,.T.);
#1998=ORIENTED_EDGE('',*,*,#3370,.T.);
#1999=ORIENTED_EDGE('',*,*,#3371,.T.);
#2000=ORIENTED_EDGE('',*,*,#3372,.T.);
#2001=ORIENTED_EDGE('',*,*,#3368,.T.);
#2002=ORIENTED_EDGE('',*,*,#3360,.F.);
#2003=ORIENTED_EDGE('',*,*,#3369,.F.);
#2004=ORIENTED_EDGE('',*,*,#3364,.T.);
#2005=ORIENTED_EDGE('',*,*,#3367,.T.);
#2006=ORIENTED_EDGE('',*,*,#3373,.F.);
#2007=ORIENTED_EDGE('',*,*,#3370,.F.);
#2008=ORIENTED_EDGE('',*,*,#3373,.T.);
#2009=ORIENTED_EDGE('',*,*,#3366,.T.);
#2010=ORIENTED_EDGE('',*,*,#3372,.F.);
#2011=ORIENTED_EDGE('',*,*,#3371,.F.);
#2012=ORIENTED_EDGE('',*,*,#3374,.F.);
#2013=ORIENTED_EDGE('',*,*,#3375,.F.);
#2014=ORIENTED_EDGE('',*,*,#3376,.T.);
#2015=ORIENTED_EDGE('',*,*,#3377,.T.);
#2016=ORIENTED_EDGE('',*,*,#3378,.F.);
#2017=ORIENTED_EDGE('',*,*,#3379,.F.);
#2018=ORIENTED_EDGE('',*,*,#3380,.T.);
#2019=ORIENTED_EDGE('',*,*,#3381,.T.);
#2020=ORIENTED_EDGE('',*,*,#3382,.F.);
#2021=ORIENTED_EDGE('',*,*,#3383,.T.);
#2022=ORIENTED_EDGE('',*,*,#3384,.T.);
#2023=ORIENTED_EDGE('',*,*,#3385,.T.);
#2024=ORIENTED_EDGE('',*,*,#3386,.F.);
#2025=ORIENTED_EDGE('',*,*,#3387,.T.);
#2026=ORIENTED_EDGE('',*,*,#3388,.F.);
#2027=ORIENTED_EDGE('',*,*,#3389,.T.);
#2028=ORIENTED_EDGE('',*,*,#3390,.T.);
#2029=ORIENTED_EDGE('',*,*,#3391,.T.);
#2030=ORIENTED_EDGE('',*,*,#3392,.T.);
#2031=ORIENTED_EDGE('',*,*,#3393,.T.);
#2032=ORIENTED_EDGE('',*,*,#3394,.T.);
#2033=ORIENTED_EDGE('',*,*,#3395,.T.);
#2034=ORIENTED_EDGE('',*,*,#3396,.F.);
#2035=ORIENTED_EDGE('',*,*,#3397,.T.);
#2036=ORIENTED_EDGE('',*,*,#3398,.T.);
#2037=ORIENTED_EDGE('',*,*,#3399,.T.);
#2038=ORIENTED_EDGE('',*,*,#3400,.F.);
#2039=ORIENTED_EDGE('',*,*,#3401,.T.);
#2040=ORIENTED_EDGE('',*,*,#3402,.T.);
#2041=ORIENTED_EDGE('',*,*,#3403,.T.);
#2042=ORIENTED_EDGE('',*,*,#3404,.F.);
#2043=ORIENTED_EDGE('',*,*,#3405,.T.);
#2044=ORIENTED_EDGE('',*,*,#3406,.T.);
#2045=ORIENTED_EDGE('',*,*,#3407,.T.);
#2046=ORIENTED_EDGE('',*,*,#3408,.F.);
#2047=ORIENTED_EDGE('',*,*,#3409,.T.);
#2048=ORIENTED_EDGE('',*,*,#3410,.F.);
#2049=ORIENTED_EDGE('',*,*,#3411,.T.);
#2050=ORIENTED_EDGE('',*,*,#3412,.F.);
#2051=ORIENTED_EDGE('',*,*,#3413,.T.);
#2052=ORIENTED_EDGE('',*,*,#3388,.T.);
#2053=ORIENTED_EDGE('',*,*,#3414,.T.);
#2054=ORIENTED_EDGE('',*,*,#3410,.T.);
#2055=ORIENTED_EDGE('',*,*,#3415,.T.);
#2056=ORIENTED_EDGE('',*,*,#3416,.T.);
#2057=ORIENTED_EDGE('',*,*,#3417,.T.);
#2058=ORIENTED_EDGE('',*,*,#3396,.T.);
#2059=ORIENTED_EDGE('',*,*,#3418,.T.);
#2060=ORIENTED_EDGE('',*,*,#3386,.T.);
#2061=ORIENTED_EDGE('',*,*,#3419,.T.);
#2062=ORIENTED_EDGE('',*,*,#3420,.T.);
#2063=ORIENTED_EDGE('',*,*,#3421,.T.);
#2064=ORIENTED_EDGE('',*,*,#3404,.T.);
#2065=ORIENTED_EDGE('',*,*,#3422,.T.);
#2066=ORIENTED_EDGE('',*,*,#3406,.F.);
#2067=ORIENTED_EDGE('',*,*,#3423,.T.);
#2068=ORIENTED_EDGE('',*,*,#3412,.T.);
#2069=ORIENTED_EDGE('',*,*,#3424,.T.);
#2070=ORIENTED_EDGE('',*,*,#3402,.F.);
#2071=ORIENTED_EDGE('',*,*,#3425,.T.);
#2072=ORIENTED_EDGE('',*,*,#3408,.T.);
#2073=ORIENTED_EDGE('',*,*,#3426,.T.);
#2074=ORIENTED_EDGE('',*,*,#3398,.F.);
#2075=ORIENTED_EDGE('',*,*,#3427,.T.);
#2076=ORIENTED_EDGE('',*,*,#3400,.T.);
#2077=ORIENTED_EDGE('',*,*,#3428,.T.);
#2078=ORIENTED_EDGE('',*,*,#3394,.F.);
#2079=ORIENTED_EDGE('',*,*,#3429,.T.);
#2080=ORIENTED_EDGE('',*,*,#3420,.F.);
#2081=ORIENTED_EDGE('',*,*,#3430,.T.);
#2082=ORIENTED_EDGE('',*,*,#3431,.T.);
#2083=ORIENTED_EDGE('',*,*,#3432,.T.);
#2084=ORIENTED_EDGE('',*,*,#3433,.F.);
#2085=ORIENTED_EDGE('',*,*,#3434,.T.);
#2086=ORIENTED_EDGE('',*,*,#3435,.T.);
#2087=ORIENTED_EDGE('',*,*,#3436,.T.);
#2088=ORIENTED_EDGE('',*,*,#3437,.F.);
#2089=ORIENTED_EDGE('',*,*,#3438,.T.);
#2090=ORIENTED_EDGE('',*,*,#3439,.T.);
#2091=ORIENTED_EDGE('',*,*,#3440,.T.);
#2092=ORIENTED_EDGE('',*,*,#3441,.F.);
#2093=ORIENTED_EDGE('',*,*,#3442,.T.);
#2094=ORIENTED_EDGE('',*,*,#3443,.T.);
#2095=ORIENTED_EDGE('',*,*,#3444,.T.);
#2096=ORIENTED_EDGE('',*,*,#3445,.F.);
#2097=ORIENTED_EDGE('',*,*,#3446,.T.);
#2098=ORIENTED_EDGE('',*,*,#3416,.F.);
#2099=ORIENTED_EDGE('',*,*,#3447,.T.);
#2100=ORIENTED_EDGE('',*,*,#3443,.F.);
#2101=ORIENTED_EDGE('',*,*,#3448,.T.);
#2102=ORIENTED_EDGE('',*,*,#3437,.T.);
#2103=ORIENTED_EDGE('',*,*,#3449,.T.);
#2104=ORIENTED_EDGE('',*,*,#3439,.F.);
#2105=ORIENTED_EDGE('',*,*,#3450,.T.);
#2106=ORIENTED_EDGE('',*,*,#3445,.T.);
#2107=ORIENTED_EDGE('',*,*,#3451,.T.);
#2108=ORIENTED_EDGE('',*,*,#3435,.F.);
#2109=ORIENTED_EDGE('',*,*,#3452,.T.);
#2110=ORIENTED_EDGE('',*,*,#3441,.T.);
#2111=ORIENTED_EDGE('',*,*,#3453,.T.);
#2112=ORIENTED_EDGE('',*,*,#3431,.F.);
#2113=ORIENTED_EDGE('',*,*,#3454,.T.);
#2114=ORIENTED_EDGE('',*,*,#3433,.T.);
#2115=ORIENTED_EDGE('',*,*,#3455,.T.);
#2116=ORIENTED_EDGE('',*,*,#3456,.T.);
#2117=ORIENTED_EDGE('',*,*,#3457,.T.);
#2118=ORIENTED_EDGE('',*,*,#3458,.T.);
#2119=ORIENTED_EDGE('',*,*,#3459,.T.);
#2120=ORIENTED_EDGE('',*,*,#3374,.T.);
#2121=ORIENTED_EDGE('',*,*,#3460,.T.);
#2122=ORIENTED_EDGE('',*,*,#3461,.T.);
#2123=ORIENTED_EDGE('',*,*,#3462,.T.);
#2124=ORIENTED_EDGE('',*,*,#3392,.F.);
#2125=ORIENTED_EDGE('',*,*,#3463,.F.);
#2126=ORIENTED_EDGE('',*,*,#3464,.T.);
#2127=ORIENTED_EDGE('',*,*,#3465,.T.);
#2128=ORIENTED_EDGE('',*,*,#3466,.T.);
#2129=ORIENTED_EDGE('',*,*,#3467,.T.);
#2130=ORIENTED_EDGE('',*,*,#3468,.F.);
#2131=ORIENTED_EDGE('',*,*,#3469,.T.);
#2132=ORIENTED_EDGE('',*,*,#3390,.F.);
#2133=ORIENTED_EDGE('',*,*,#3470,.T.);
#2134=ORIENTED_EDGE('',*,*,#3471,.F.);
#2135=ORIENTED_EDGE('',*,*,#3472,.T.);
#2136=ORIENTED_EDGE('',*,*,#3473,.F.);
#2137=ORIENTED_EDGE('',*,*,#3474,.T.);
#2138=ORIENTED_EDGE('',*,*,#3475,.F.);
#2139=ORIENTED_EDGE('',*,*,#3476,.T.);
#2140=ORIENTED_EDGE('',*,*,#3477,.T.);
#2141=ORIENTED_EDGE('',*,*,#3478,.T.);
#2142=ORIENTED_EDGE('',*,*,#3471,.T.);
#2143=ORIENTED_EDGE('',*,*,#3479,.T.);
#2144=ORIENTED_EDGE('',*,*,#3480,.T.);
#2145=ORIENTED_EDGE('',*,*,#3481,.T.);
#2146=ORIENTED_EDGE('',*,*,#3482,.T.);
#2147=ORIENTED_EDGE('',*,*,#3483,.T.);
#2148=ORIENTED_EDGE('',*,*,#3484,.T.);
#2149=ORIENTED_EDGE('',*,*,#3485,.T.);
#2150=ORIENTED_EDGE('',*,*,#3486,.T.);
#2151=ORIENTED_EDGE('',*,*,#3487,.T.);
#2152=ORIENTED_EDGE('',*,*,#3488,.T.);
#2153=ORIENTED_EDGE('',*,*,#3489,.T.);
#2154=ORIENTED_EDGE('',*,*,#3490,.T.);
#2155=ORIENTED_EDGE('',*,*,#3491,.T.);
#2156=ORIENTED_EDGE('',*,*,#3461,.F.);
#2157=ORIENTED_EDGE('',*,*,#3492,.T.);
#2158=ORIENTED_EDGE('',*,*,#3493,.T.);
#2159=ORIENTED_EDGE('',*,*,#3494,.T.);
#2160=ORIENTED_EDGE('',*,*,#3466,.F.);
#2161=ORIENTED_EDGE('',*,*,#3495,.T.);
#2162=ORIENTED_EDGE('',*,*,#3496,.T.);
#2163=ORIENTED_EDGE('',*,*,#3497,.T.);
#2164=ORIENTED_EDGE('',*,*,#3498,.T.);
#2165=ORIENTED_EDGE('',*,*,#3499,.T.);
#2166=ORIENTED_EDGE('',*,*,#3500,.T.);
#2167=ORIENTED_EDGE('',*,*,#3501,.T.);
#2168=ORIENTED_EDGE('',*,*,#3502,.T.);
#2169=ORIENTED_EDGE('',*,*,#3503,.T.);
#2170=ORIENTED_EDGE('',*,*,#3504,.T.);
#2171=ORIENTED_EDGE('',*,*,#3505,.T.);
#2172=ORIENTED_EDGE('',*,*,#3506,.T.);
#2173=ORIENTED_EDGE('',*,*,#3507,.T.);
#2174=ORIENTED_EDGE('',*,*,#3475,.T.);
#2175=ORIENTED_EDGE('',*,*,#3508,.T.);
#2176=ORIENTED_EDGE('',*,*,#3509,.T.);
#2177=ORIENTED_EDGE('',*,*,#3510,.T.);
#2178=ORIENTED_EDGE('',*,*,#3511,.T.);
#2179=ORIENTED_EDGE('',*,*,#3512,.T.);
#2180=ORIENTED_EDGE('',*,*,#3513,.T.);
#2181=ORIENTED_EDGE('',*,*,#3514,.T.);
#2182=ORIENTED_EDGE('',*,*,#3515,.T.);
#2183=ORIENTED_EDGE('',*,*,#3516,.T.);
#2184=ORIENTED_EDGE('',*,*,#3517,.T.);
#2185=ORIENTED_EDGE('',*,*,#3477,.F.);
#2186=ORIENTED_EDGE('',*,*,#3518,.T.);
#2187=ORIENTED_EDGE('',*,*,#3519,.T.);
#2188=ORIENTED_EDGE('',*,*,#3520,.T.);
#2189=ORIENTED_EDGE('',*,*,#3521,.T.);
#2190=ORIENTED_EDGE('',*,*,#3522,.T.);
#2191=ORIENTED_EDGE('',*,*,#3464,.F.);
#2192=ORIENTED_EDGE('',*,*,#3523,.F.);
#2193=ORIENTED_EDGE('',*,*,#3524,.T.);
#2194=ORIENTED_EDGE('',*,*,#3525,.T.);
#2195=ORIENTED_EDGE('',*,*,#3526,.T.);
#2196=ORIENTED_EDGE('',*,*,#3527,.T.);
#2197=ORIENTED_EDGE('',*,*,#3528,.T.);
#2198=ORIENTED_EDGE('',*,*,#3529,.T.);
#2199=ORIENTED_EDGE('',*,*,#3530,.T.);
#2200=ORIENTED_EDGE('',*,*,#3531,.T.);
#2201=ORIENTED_EDGE('',*,*,#3532,.T.);
#2202=ORIENTED_EDGE('',*,*,#3533,.T.);
#2203=ORIENTED_EDGE('',*,*,#3534,.T.);
#2204=ORIENTED_EDGE('',*,*,#3535,.T.);
#2205=ORIENTED_EDGE('',*,*,#3536,.T.);
#2206=ORIENTED_EDGE('',*,*,#3537,.T.);
#2207=ORIENTED_EDGE('',*,*,#3538,.T.);
#2208=ORIENTED_EDGE('',*,*,#3539,.T.);
#2209=ORIENTED_EDGE('',*,*,#3540,.T.);
#2210=ORIENTED_EDGE('',*,*,#3541,.T.);
#2211=ORIENTED_EDGE('',*,*,#3542,.T.);
#2212=ORIENTED_EDGE('',*,*,#3543,.T.);
#2213=ORIENTED_EDGE('',*,*,#3544,.T.);
#2214=ORIENTED_EDGE('',*,*,#3545,.T.);
#2215=ORIENTED_EDGE('',*,*,#3546,.T.);
#2216=ORIENTED_EDGE('',*,*,#3547,.T.);
#2217=ORIENTED_EDGE('',*,*,#3548,.T.);
#2218=ORIENTED_EDGE('',*,*,#3549,.T.);
#2219=ORIENTED_EDGE('',*,*,#3550,.T.);
#2220=ORIENTED_EDGE('',*,*,#3551,.T.);
#2221=ORIENTED_EDGE('',*,*,#3552,.T.);
#2222=ORIENTED_EDGE('',*,*,#3553,.T.);
#2223=ORIENTED_EDGE('',*,*,#3554,.T.);
#2224=ORIENTED_EDGE('',*,*,#3555,.T.);
#2225=ORIENTED_EDGE('',*,*,#3556,.T.);
#2226=ORIENTED_EDGE('',*,*,#3557,.T.);
#2227=ORIENTED_EDGE('',*,*,#3558,.T.);
#2228=ORIENTED_EDGE('',*,*,#3559,.T.);
#2229=ORIENTED_EDGE('',*,*,#3560,.T.);
#2230=ORIENTED_EDGE('',*,*,#3561,.T.);
#2231=ORIENTED_EDGE('',*,*,#3562,.T.);
#2232=ORIENTED_EDGE('',*,*,#3563,.T.);
#2233=ORIENTED_EDGE('',*,*,#3564,.T.);
#2234=ORIENTED_EDGE('',*,*,#3565,.T.);
#2235=ORIENTED_EDGE('',*,*,#3566,.T.);
#2236=ORIENTED_EDGE('',*,*,#3567,.T.);
#2237=ORIENTED_EDGE('',*,*,#3519,.F.);
#2238=ORIENTED_EDGE('',*,*,#3568,.T.);
#2239=ORIENTED_EDGE('',*,*,#3524,.F.);
#2240=ORIENTED_EDGE('',*,*,#3569,.T.);
#2241=ORIENTED_EDGE('',*,*,#3546,.F.);
#2242=ORIENTED_EDGE('',*,*,#3570,.T.);
#2243=ORIENTED_EDGE('',*,*,#3521,.F.);
#2244=ORIENTED_EDGE('',*,*,#3571,.T.);
#2245=ORIENTED_EDGE('',*,*,#3523,.T.);
#2246=ORIENTED_EDGE('',*,*,#3463,.T.);
#2247=ORIENTED_EDGE('',*,*,#3391,.F.);
#2248=ORIENTED_EDGE('',*,*,#3478,.F.);
#2249=ORIENTED_EDGE('',*,*,#3473,.T.);
#2250=ORIENTED_EDGE('',*,*,#3572,.F.);
#2251=ORIENTED_EDGE('',*,*,#3573,.F.);
#2252=ORIENTED_EDGE('',*,*,#3574,.F.);
#2253=ORIENTED_EDGE('',*,*,#3510,.F.);
#2254=ORIENTED_EDGE('',*,*,#3575,.F.);
#2255=ORIENTED_EDGE('',*,*,#3572,.T.);
#2256=ORIENTED_EDGE('',*,*,#3472,.F.);
#2257=ORIENTED_EDGE('',*,*,#3574,.T.);
#2258=ORIENTED_EDGE('',*,*,#3576,.T.);
#2259=ORIENTED_EDGE('',*,*,#3508,.F.);
#2260=ORIENTED_EDGE('',*,*,#3474,.F.);
#2261=ORIENTED_EDGE('',*,*,#3509,.F.);
#2262=ORIENTED_EDGE('',*,*,#3576,.F.);
#2263=ORIENTED_EDGE('',*,*,#3573,.T.);
#2264=ORIENTED_EDGE('',*,*,#3575,.T.);
#2265=ORIENTED_EDGE('',*,*,#3494,.F.);
#2266=ORIENTED_EDGE('',*,*,#3577,.F.);
#2267=ORIENTED_EDGE('',*,*,#3578,.T.);
#2268=ORIENTED_EDGE('',*,*,#3467,.F.);
#2269=ORIENTED_EDGE('',*,*,#3579,.T.);
#2270=ORIENTED_EDGE('',*,*,#3580,.T.);
#2271=ORIENTED_EDGE('',*,*,#3492,.F.);
#2272=ORIENTED_EDGE('',*,*,#3469,.F.);
#2273=ORIENTED_EDGE('',*,*,#3468,.T.);
#2274=ORIENTED_EDGE('',*,*,#3578,.F.);
#2275=ORIENTED_EDGE('',*,*,#3581,.F.);
#2276=ORIENTED_EDGE('',*,*,#3579,.F.);
#2277=ORIENTED_EDGE('',*,*,#3493,.F.);
#2278=ORIENTED_EDGE('',*,*,#3580,.F.);
#2279=ORIENTED_EDGE('',*,*,#3581,.T.);
#2280=ORIENTED_EDGE('',*,*,#3577,.T.);
#2281=ORIENTED_EDGE('',*,*,#3460,.F.);
#2282=ORIENTED_EDGE('',*,*,#3539,.F.);
#2283=ORIENTED_EDGE('',*,*,#3582,.T.);
#2284=ORIENTED_EDGE('',*,*,#3529,.F.);
#2285=ORIENTED_EDGE('',*,*,#3459,.F.);
#2286=ORIENTED_EDGE('',*,*,#3538,.F.);
#2287=ORIENTED_EDGE('',*,*,#3583,.T.);
#2288=ORIENTED_EDGE('',*,*,#3584,.T.);
#2289=ORIENTED_EDGE('',*,*,#3585,.T.);
#2290=ORIENTED_EDGE('',*,*,#3528,.F.);
#2291=ORIENTED_EDGE('',*,*,#3586,.T.);
#2292=ORIENTED_EDGE('',*,*,#3587,.F.);
#2293=ORIENTED_EDGE('',*,*,#3588,.F.);
#2294=ORIENTED_EDGE('',*,*,#3589,.T.);
#2295=ORIENTED_EDGE('',*,*,#3458,.F.);
#2296=ORIENTED_EDGE('',*,*,#3590,.T.);
#2297=ORIENTED_EDGE('',*,*,#3591,.T.);
#2298=ORIENTED_EDGE('',*,*,#3592,.F.);
#2299=ORIENTED_EDGE('',*,*,#3593,.T.);
#2300=ORIENTED_EDGE('',*,*,#3594,.T.);
#2301=ORIENTED_EDGE('',*,*,#3595,.T.);
#2302=ORIENTED_EDGE('',*,*,#3596,.F.);
#2303=ORIENTED_EDGE('',*,*,#3597,.T.);
#2304=ORIENTED_EDGE('',*,*,#3582,.F.);
#2305=ORIENTED_EDGE('',*,*,#3598,.T.);
#2306=ORIENTED_EDGE('',*,*,#3599,.F.);
#2307=ORIENTED_EDGE('',*,*,#3600,.F.);
#2308=ORIENTED_EDGE('',*,*,#3601,.T.);
#2309=ORIENTED_EDGE('',*,*,#3585,.F.);
#2310=ORIENTED_EDGE('',*,*,#3602,.T.);
#2311=ORIENTED_EDGE('',*,*,#3603,.F.);
#2312=ORIENTED_EDGE('',*,*,#3604,.T.);
#2313=ORIENTED_EDGE('',*,*,#3421,.F.);
#2314=ORIENTED_EDGE('',*,*,#3605,.T.);
#2315=ORIENTED_EDGE('',*,*,#3593,.F.);
#2316=ORIENTED_EDGE('',*,*,#3606,.F.);
#2317=ORIENTED_EDGE('',*,*,#3603,.T.);
#2318=ORIENTED_EDGE('',*,*,#3607,.T.);
#2319=ORIENTED_EDGE('',*,*,#3589,.F.);
#2320=ORIENTED_EDGE('',*,*,#3608,.F.);
#2321=ORIENTED_EDGE('',*,*,#3378,.T.);
#2322=ORIENTED_EDGE('',*,*,#3609,.T.);
#2323=ORIENTED_EDGE('',*,*,#3601,.F.);
#2324=ORIENTED_EDGE('',*,*,#3610,.F.);
#2325=ORIENTED_EDGE('',*,*,#3587,.T.);
#2326=ORIENTED_EDGE('',*,*,#3611,.T.);
#2327=ORIENTED_EDGE('',*,*,#3597,.F.);
#2328=ORIENTED_EDGE('',*,*,#3612,.F.);
#2329=ORIENTED_EDGE('',*,*,#3599,.T.);
#2330=ORIENTED_EDGE('',*,*,#3613,.T.);
#2331=ORIENTED_EDGE('',*,*,#3614,.F.);
#2332=ORIENTED_EDGE('',*,*,#3615,.F.);
#2333=ORIENTED_EDGE('',*,*,#3382,.T.);
#2334=ORIENTED_EDGE('',*,*,#3616,.T.);
#2335=ORIENTED_EDGE('',*,*,#3415,.F.);
#2336=ORIENTED_EDGE('',*,*,#3617,.T.);
#2337=ORIENTED_EDGE('',*,*,#3614,.T.);
#2338=ORIENTED_EDGE('',*,*,#3618,.F.);
#2339=ORIENTED_EDGE('',*,*,#3590,.F.);
#2340=ORIENTED_EDGE('',*,*,#3605,.F.);
#2341=ORIENTED_EDGE('',*,*,#3602,.F.);
#2342=ORIENTED_EDGE('',*,*,#3432,.F.);
#2343=ORIENTED_EDGE('',*,*,#3455,.F.);
#2344=ORIENTED_EDGE('',*,*,#3436,.F.);
#2345=ORIENTED_EDGE('',*,*,#3453,.F.);
#2346=ORIENTED_EDGE('',*,*,#3444,.F.);
#2347=ORIENTED_EDGE('',*,*,#3449,.F.);
#2348=ORIENTED_EDGE('',*,*,#3440,.F.);
#2349=ORIENTED_EDGE('',*,*,#3451,.F.);
#2350=ORIENTED_EDGE('',*,*,#3447,.F.);
#2351=ORIENTED_EDGE('',*,*,#3616,.F.);
#2352=ORIENTED_EDGE('',*,*,#3613,.F.);
#2353=ORIENTED_EDGE('',*,*,#3381,.F.);
#2354=ORIENTED_EDGE('',*,*,#3619,.F.);
#2355=ORIENTED_EDGE('',*,*,#3594,.F.);
#2356=ORIENTED_EDGE('',*,*,#3611,.F.);
#2357=ORIENTED_EDGE('',*,*,#3598,.F.);
#2358=ORIENTED_EDGE('',*,*,#3609,.F.);
#2359=ORIENTED_EDGE('',*,*,#3586,.F.);
#2360=ORIENTED_EDGE('',*,*,#3607,.F.);
#2361=ORIENTED_EDGE('',*,*,#3377,.F.);
#2362=ORIENTED_EDGE('',*,*,#3620,.T.);
#2363=ORIENTED_EDGE('',*,*,#3621,.T.);
#2364=ORIENTED_EDGE('',*,*,#3622,.F.);
#2365=ORIENTED_EDGE('',*,*,#3623,.F.);
#2366=ORIENTED_EDGE('',*,*,#3622,.T.);
#2367=ORIENTED_EDGE('',*,*,#3624,.T.);
#2368=ORIENTED_EDGE('',*,*,#3625,.T.);
#2369=ORIENTED_EDGE('',*,*,#3626,.F.);
#2370=ORIENTED_EDGE('',*,*,#3627,.T.);
#2371=ORIENTED_EDGE('',*,*,#3628,.T.);
#2372=ORIENTED_EDGE('',*,*,#3629,.T.);
#2373=ORIENTED_EDGE('',*,*,#3630,.F.);
#2374=ORIENTED_EDGE('',*,*,#3631,.T.);
#2375=ORIENTED_EDGE('',*,*,#3632,.T.);
#2376=ORIENTED_EDGE('',*,*,#3633,.T.);
#2377=ORIENTED_EDGE('',*,*,#3634,.F.);
#2378=ORIENTED_EDGE('',*,*,#3635,.T.);
#2379=ORIENTED_EDGE('',*,*,#3636,.T.);
#2380=ORIENTED_EDGE('',*,*,#3637,.T.);
#2381=ORIENTED_EDGE('',*,*,#3638,.F.);
#2382=ORIENTED_EDGE('',*,*,#3639,.T.);
#2383=ORIENTED_EDGE('',*,*,#3640,.T.);
#2384=ORIENTED_EDGE('',*,*,#3641,.F.);
#2385=ORIENTED_EDGE('',*,*,#3642,.F.);
#2386=ORIENTED_EDGE('',*,*,#3641,.T.);
#2387=ORIENTED_EDGE('',*,*,#3643,.T.);
#2388=ORIENTED_EDGE('',*,*,#3644,.F.);
#2389=ORIENTED_EDGE('',*,*,#3645,.F.);
#2390=ORIENTED_EDGE('',*,*,#3644,.T.);
#2391=ORIENTED_EDGE('',*,*,#3646,.T.);
#2392=ORIENTED_EDGE('',*,*,#3620,.F.);
#2393=ORIENTED_EDGE('',*,*,#3647,.F.);
#2394=ORIENTED_EDGE('',*,*,#3648,.T.);
#2395=ORIENTED_EDGE('',*,*,#3649,.T.);
#2396=ORIENTED_EDGE('',*,*,#3650,.T.);
#2397=ORIENTED_EDGE('',*,*,#3651,.T.);
#2398=ORIENTED_EDGE('',*,*,#3652,.T.);
#2399=ORIENTED_EDGE('',*,*,#3653,.T.);
#2400=ORIENTED_EDGE('',*,*,#3654,.T.);
#2401=ORIENTED_EDGE('',*,*,#3655,.T.);
#2402=ORIENTED_EDGE('',*,*,#3656,.T.);
#2403=ORIENTED_EDGE('',*,*,#3657,.T.);
#2404=ORIENTED_EDGE('',*,*,#3658,.T.);
#2405=ORIENTED_EDGE('',*,*,#3659,.T.);
#2406=ORIENTED_EDGE('',*,*,#3660,.F.);
#2407=ORIENTED_EDGE('',*,*,#3661,.F.);
#2408=ORIENTED_EDGE('',*,*,#3662,.F.);
#2409=ORIENTED_EDGE('',*,*,#3663,.F.);
#2410=ORIENTED_EDGE('',*,*,#3638,.T.);
#2411=ORIENTED_EDGE('',*,*,#3664,.T.);
#2412=ORIENTED_EDGE('',*,*,#3642,.T.);
#2413=ORIENTED_EDGE('',*,*,#3645,.T.);
#2414=ORIENTED_EDGE('',*,*,#3647,.T.);
#2415=ORIENTED_EDGE('',*,*,#3623,.T.);
#2416=ORIENTED_EDGE('',*,*,#3626,.T.);
#2417=ORIENTED_EDGE('',*,*,#3665,.T.);
#2418=ORIENTED_EDGE('',*,*,#3630,.T.);
#2419=ORIENTED_EDGE('',*,*,#3666,.T.);
#2420=ORIENTED_EDGE('',*,*,#3634,.T.);
#2421=ORIENTED_EDGE('',*,*,#3667,.T.);
#2422=ORIENTED_EDGE('',*,*,#3385,.F.);
#2423=ORIENTED_EDGE('',*,*,#3517,.F.);
#2424=ORIENTED_EDGE('',*,*,#3384,.F.);
#2425=ORIENTED_EDGE('',*,*,#3516,.F.);
#2426=ORIENTED_EDGE('',*,*,#3383,.F.);
#2427=ORIENTED_EDGE('',*,*,#3515,.F.);
#2428=ORIENTED_EDGE('',*,*,#3663,.T.);
#2429=ORIENTED_EDGE('',*,*,#3584,.F.);
#2430=ORIENTED_EDGE('',*,*,#3583,.F.);
#2431=ORIENTED_EDGE('',*,*,#3514,.F.);
#2432=ORIENTED_EDGE('',*,*,#3380,.F.);
#2433=ORIENTED_EDGE('',*,*,#3668,.T.);
#2434=ORIENTED_EDGE('',*,*,#3595,.F.);
#2435=ORIENTED_EDGE('',*,*,#3619,.T.);
#2436=ORIENTED_EDGE('',*,*,#3662,.T.);
#2437=ORIENTED_EDGE('',*,*,#3513,.F.);
#2438=ORIENTED_EDGE('',*,*,#3376,.F.);
#2439=ORIENTED_EDGE('',*,*,#3669,.T.);
#2440=ORIENTED_EDGE('',*,*,#3591,.F.);
#2441=ORIENTED_EDGE('',*,*,#3618,.T.);
#2442=ORIENTED_EDGE('',*,*,#3661,.T.);
#2443=ORIENTED_EDGE('',*,*,#3512,.F.);
#2444=ORIENTED_EDGE('',*,*,#3660,.T.);
#2445=ORIENTED_EDGE('',*,*,#3457,.F.);
#2446=ORIENTED_EDGE('',*,*,#3511,.F.);
#2447=ORIENTED_EDGE('',*,*,#3456,.F.);
#2448=ORIENTED_EDGE('',*,*,#3625,.F.);
#2449=ORIENTED_EDGE('',*,*,#3670,.T.);
#2450=ORIENTED_EDGE('',*,*,#3627,.F.);
#2451=ORIENTED_EDGE('',*,*,#3665,.F.);
#2452=ORIENTED_EDGE('',*,*,#3629,.F.);
#2453=ORIENTED_EDGE('',*,*,#3671,.T.);
#2454=ORIENTED_EDGE('',*,*,#3631,.F.);
#2455=ORIENTED_EDGE('',*,*,#3666,.F.);
#2456=ORIENTED_EDGE('',*,*,#3633,.F.);
#2457=ORIENTED_EDGE('',*,*,#3672,.T.);
#2458=ORIENTED_EDGE('',*,*,#3635,.F.);
#2459=ORIENTED_EDGE('',*,*,#3667,.F.);
#2460=ORIENTED_EDGE('',*,*,#3637,.F.);
#2461=ORIENTED_EDGE('',*,*,#3673,.T.);
#2462=ORIENTED_EDGE('',*,*,#3639,.F.);
#2463=ORIENTED_EDGE('',*,*,#3664,.F.);
#2464=ORIENTED_EDGE('',*,*,#3617,.F.);
#2465=ORIENTED_EDGE('',*,*,#3413,.F.);
#2466=ORIENTED_EDGE('',*,*,#3674,.F.);
#2467=ORIENTED_EDGE('',*,*,#3615,.T.);
#2468=ORIENTED_EDGE('',*,*,#3674,.T.);
#2469=ORIENTED_EDGE('',*,*,#3425,.F.);
#2470=ORIENTED_EDGE('',*,*,#3675,.F.);
#2471=ORIENTED_EDGE('',*,*,#3596,.T.);
#2472=ORIENTED_EDGE('',*,*,#3668,.F.);
#2473=ORIENTED_EDGE('',*,*,#3379,.T.);
#2474=ORIENTED_EDGE('',*,*,#3675,.T.);
#2475=ORIENTED_EDGE('',*,*,#3405,.F.);
#2476=ORIENTED_EDGE('',*,*,#3676,.F.);
#2477=ORIENTED_EDGE('',*,*,#3612,.T.);
#2478=ORIENTED_EDGE('',*,*,#3676,.T.);
#2479=ORIENTED_EDGE('',*,*,#3423,.F.);
#2480=ORIENTED_EDGE('',*,*,#3677,.F.);
#2481=ORIENTED_EDGE('',*,*,#3600,.T.);
#2482=ORIENTED_EDGE('',*,*,#3677,.T.);
#2483=ORIENTED_EDGE('',*,*,#3409,.F.);
#2484=ORIENTED_EDGE('',*,*,#3678,.F.);
#2485=ORIENTED_EDGE('',*,*,#3610,.T.);
#2486=ORIENTED_EDGE('',*,*,#3678,.T.);
#2487=ORIENTED_EDGE('',*,*,#3427,.F.);
#2488=ORIENTED_EDGE('',*,*,#3679,.F.);
#2489=ORIENTED_EDGE('',*,*,#3588,.T.);
#2490=ORIENTED_EDGE('',*,*,#3679,.T.);
#2491=ORIENTED_EDGE('',*,*,#3401,.F.);
#2492=ORIENTED_EDGE('',*,*,#3680,.F.);
#2493=ORIENTED_EDGE('',*,*,#3608,.T.);
#2494=ORIENTED_EDGE('',*,*,#3680,.T.);
#2495=ORIENTED_EDGE('',*,*,#3429,.F.);
#2496=ORIENTED_EDGE('',*,*,#3681,.F.);
#2497=ORIENTED_EDGE('',*,*,#3592,.T.);
#2498=ORIENTED_EDGE('',*,*,#3669,.F.);
#2499=ORIENTED_EDGE('',*,*,#3375,.T.);
#2500=ORIENTED_EDGE('',*,*,#3681,.T.);
#2501=ORIENTED_EDGE('',*,*,#3397,.F.);
#2502=ORIENTED_EDGE('',*,*,#3604,.F.);
#2503=ORIENTED_EDGE('',*,*,#3606,.T.);
#2504=ORIENTED_EDGE('',*,*,#3526,.F.);
#2505=ORIENTED_EDGE('',*,*,#3682,.T.);
#2506=ORIENTED_EDGE('',*,*,#3530,.F.);
#2507=ORIENTED_EDGE('',*,*,#3683,.T.);
#2508=ORIENTED_EDGE('',*,*,#3684,.T.);
#2509=ORIENTED_EDGE('',*,*,#3536,.F.);
#2510=ORIENTED_EDGE('',*,*,#3685,.T.);
#2511=ORIENTED_EDGE('',*,*,#3540,.F.);
#2512=ORIENTED_EDGE('',*,*,#3686,.T.);
#2513=ORIENTED_EDGE('',*,*,#3687,.T.);
#2514=ORIENTED_EDGE('',*,*,#3542,.F.);
#2515=ORIENTED_EDGE('',*,*,#3688,.T.);
#2516=ORIENTED_EDGE('',*,*,#3544,.F.);
#2517=ORIENTED_EDGE('',*,*,#3689,.T.);
#2518=ORIENTED_EDGE('',*,*,#3690,.T.);
#2519=ORIENTED_EDGE('',*,*,#3532,.F.);
#2520=ORIENTED_EDGE('',*,*,#3691,.T.);
#2521=ORIENTED_EDGE('',*,*,#3534,.F.);
#2522=ORIENTED_EDGE('',*,*,#3692,.T.);
#2523=ORIENTED_EDGE('',*,*,#3693,.T.);
#2524=ORIENTED_EDGE('',*,*,#3689,.F.);
#2525=ORIENTED_EDGE('',*,*,#3547,.F.);
#2526=ORIENTED_EDGE('',*,*,#3694,.F.);
#2527=ORIENTED_EDGE('',*,*,#3565,.F.);
#2528=ORIENTED_EDGE('',*,*,#3695,.F.);
#2529=ORIENTED_EDGE('',*,*,#3694,.T.);
#2530=ORIENTED_EDGE('',*,*,#3571,.F.);
#2531=ORIENTED_EDGE('',*,*,#3696,.F.);
#2532=ORIENTED_EDGE('',*,*,#3566,.F.);
#2533=ORIENTED_EDGE('',*,*,#3695,.T.);
#2534=ORIENTED_EDGE('',*,*,#3564,.F.);
#2535=ORIENTED_EDGE('',*,*,#3697,.F.);
#2536=ORIENTED_EDGE('',*,*,#3686,.F.);
#2537=ORIENTED_EDGE('',*,*,#3543,.F.);
#2538=ORIENTED_EDGE('',*,*,#3690,.F.);
#2539=ORIENTED_EDGE('',*,*,#3696,.T.);
#2540=ORIENTED_EDGE('',*,*,#3520,.F.);
#2541=ORIENTED_EDGE('',*,*,#3698,.F.);
#2542=ORIENTED_EDGE('',*,*,#3567,.F.);
#2543=ORIENTED_EDGE('',*,*,#3697,.T.);
#2544=ORIENTED_EDGE('',*,*,#3563,.F.);
#2545=ORIENTED_EDGE('',*,*,#3699,.F.);
#2546=ORIENTED_EDGE('',*,*,#3692,.F.);
#2547=ORIENTED_EDGE('',*,*,#3537,.F.);
#2548=ORIENTED_EDGE('',*,*,#3687,.F.);
#2549=ORIENTED_EDGE('',*,*,#3698,.T.);
#2550=ORIENTED_EDGE('',*,*,#3569,.F.);
#2551=ORIENTED_EDGE('',*,*,#3700,.F.);
#2552=ORIENTED_EDGE('',*,*,#3560,.F.);
#2553=ORIENTED_EDGE('',*,*,#3699,.T.);
#2554=ORIENTED_EDGE('',*,*,#3562,.F.);
#2555=ORIENTED_EDGE('',*,*,#3701,.F.);
#2556=ORIENTED_EDGE('',*,*,#3683,.F.);
#2557=ORIENTED_EDGE('',*,*,#3533,.F.);
#2558=ORIENTED_EDGE('',*,*,#3693,.F.);
#2559=ORIENTED_EDGE('',*,*,#3700,.T.);
#2560=ORIENTED_EDGE('',*,*,#3527,.F.);
#2561=ORIENTED_EDGE('',*,*,#3684,.F.);
#2562=ORIENTED_EDGE('',*,*,#3701,.T.);
#2563=ORIENTED_EDGE('',*,*,#3561,.F.);
#2564=ORIENTED_EDGE('',*,*,#3702,.F.);
#2565=ORIENTED_EDGE('',*,*,#3655,.F.);
#2566=ORIENTED_EDGE('',*,*,#3703,.F.);
#2567=ORIENTED_EDGE('',*,*,#3399,.F.);
#2568=ORIENTED_EDGE('',*,*,#3703,.T.);
#2569=ORIENTED_EDGE('',*,*,#3654,.F.);
#2570=ORIENTED_EDGE('',*,*,#3704,.F.);
#2571=ORIENTED_EDGE('',*,*,#3428,.F.);
#2572=ORIENTED_EDGE('',*,*,#3702,.T.);
#2573=ORIENTED_EDGE('',*,*,#3426,.F.);
#2574=ORIENTED_EDGE('',*,*,#3705,.F.);
#2575=ORIENTED_EDGE('',*,*,#3656,.F.);
#2576=ORIENTED_EDGE('',*,*,#3704,.T.);
#2577=ORIENTED_EDGE('',*,*,#3653,.F.);
#2578=ORIENTED_EDGE('',*,*,#3706,.F.);
#2579=ORIENTED_EDGE('',*,*,#3395,.F.);
#2580=ORIENTED_EDGE('',*,*,#3705,.T.);
#2581=ORIENTED_EDGE('',*,*,#3407,.F.);
#2582=ORIENTED_EDGE('',*,*,#3707,.F.);
#2583=ORIENTED_EDGE('',*,*,#3657,.F.);
#2584=ORIENTED_EDGE('',*,*,#3706,.T.);
#2585=ORIENTED_EDGE('',*,*,#3652,.F.);
#2586=ORIENTED_EDGE('',*,*,#3708,.F.);
#2587=ORIENTED_EDGE('',*,*,#3418,.F.);
#2588=ORIENTED_EDGE('',*,*,#3707,.T.);
#2589=ORIENTED_EDGE('',*,*,#3422,.F.);
#2590=ORIENTED_EDGE('',*,*,#3709,.F.);
#2591=ORIENTED_EDGE('',*,*,#3658,.F.);
#2592=ORIENTED_EDGE('',*,*,#3708,.T.);
#2593=ORIENTED_EDGE('',*,*,#3651,.F.);
#2594=ORIENTED_EDGE('',*,*,#3710,.F.);
#2595=ORIENTED_EDGE('',*,*,#3387,.F.);
#2596=ORIENTED_EDGE('',*,*,#3709,.T.);
#2597=ORIENTED_EDGE('',*,*,#3403,.F.);
#2598=ORIENTED_EDGE('',*,*,#3711,.F.);
#2599=ORIENTED_EDGE('',*,*,#3659,.F.);
#2600=ORIENTED_EDGE('',*,*,#3710,.T.);
#2601=ORIENTED_EDGE('',*,*,#3650,.F.);
#2602=ORIENTED_EDGE('',*,*,#3712,.F.);
#2603=ORIENTED_EDGE('',*,*,#3414,.F.);
#2604=ORIENTED_EDGE('',*,*,#3711,.T.);
#2605=ORIENTED_EDGE('',*,*,#3424,.F.);
#2606=ORIENTED_EDGE('',*,*,#3713,.F.);
#2607=ORIENTED_EDGE('',*,*,#3648,.F.);
#2608=ORIENTED_EDGE('',*,*,#3712,.T.);
#2609=ORIENTED_EDGE('',*,*,#3649,.F.);
#2610=ORIENTED_EDGE('',*,*,#3713,.T.);
#2611=ORIENTED_EDGE('',*,*,#3411,.F.);
#2612=ORIENTED_EDGE('',*,*,#3714,.F.);
#2613=ORIENTED_EDGE('',*,*,#3673,.F.);
#2614=ORIENTED_EDGE('',*,*,#3715,.F.);
#2615=ORIENTED_EDGE('',*,*,#3555,.F.);
#2616=ORIENTED_EDGE('',*,*,#3715,.T.);
#2617=ORIENTED_EDGE('',*,*,#3636,.F.);
#2618=ORIENTED_EDGE('',*,*,#3716,.F.);
#2619=ORIENTED_EDGE('',*,*,#3556,.F.);
#2620=ORIENTED_EDGE('',*,*,#3714,.T.);
#2621=ORIENTED_EDGE('',*,*,#3554,.F.);
#2622=ORIENTED_EDGE('',*,*,#3717,.F.);
#2623=ORIENTED_EDGE('',*,*,#3640,.F.);
#2624=ORIENTED_EDGE('',*,*,#3716,.T.);
#2625=ORIENTED_EDGE('',*,*,#3672,.F.);
#2626=ORIENTED_EDGE('',*,*,#3718,.F.);
#2627=ORIENTED_EDGE('',*,*,#3557,.F.);
#2628=ORIENTED_EDGE('',*,*,#3717,.T.);
#2629=ORIENTED_EDGE('',*,*,#3553,.F.);
#2630=ORIENTED_EDGE('',*,*,#3719,.F.);
#2631=ORIENTED_EDGE('',*,*,#3643,.F.);
#2632=ORIENTED_EDGE('',*,*,#3718,.T.);
#2633=ORIENTED_EDGE('',*,*,#3632,.F.);
#2634=ORIENTED_EDGE('',*,*,#3720,.F.);
#2635=ORIENTED_EDGE('',*,*,#3558,.F.);
#2636=ORIENTED_EDGE('',*,*,#3719,.T.);
#2637=ORIENTED_EDGE('',*,*,#3552,.F.);
#2638=ORIENTED_EDGE('',*,*,#3721,.F.);
#2639=ORIENTED_EDGE('',*,*,#3646,.F.);
#2640=ORIENTED_EDGE('',*,*,#3720,.T.);
#2641=ORIENTED_EDGE('',*,*,#3671,.F.);
#2642=ORIENTED_EDGE('',*,*,#3722,.F.);
#2643=ORIENTED_EDGE('',*,*,#3559,.F.);
#2644=ORIENTED_EDGE('',*,*,#3721,.T.);
#2645=ORIENTED_EDGE('',*,*,#3551,.F.);
#2646=ORIENTED_EDGE('',*,*,#3723,.F.);
#2647=ORIENTED_EDGE('',*,*,#3621,.F.);
#2648=ORIENTED_EDGE('',*,*,#3722,.T.);
#2649=ORIENTED_EDGE('',*,*,#3628,.F.);
#2650=ORIENTED_EDGE('',*,*,#3724,.F.);
#2651=ORIENTED_EDGE('',*,*,#3548,.F.);
#2652=ORIENTED_EDGE('',*,*,#3723,.T.);
#2653=ORIENTED_EDGE('',*,*,#3550,.F.);
#2654=ORIENTED_EDGE('',*,*,#3725,.F.);
#2655=ORIENTED_EDGE('',*,*,#3624,.F.);
#2656=ORIENTED_EDGE('',*,*,#3724,.T.);
#2657=ORIENTED_EDGE('',*,*,#3670,.F.);
#2658=ORIENTED_EDGE('',*,*,#3725,.T.);
#2659=ORIENTED_EDGE('',*,*,#3549,.F.);
#2660=ORIENTED_EDGE('',*,*,#3462,.F.);
#2661=ORIENTED_EDGE('',*,*,#3491,.F.);
#2662=ORIENTED_EDGE('',*,*,#3726,.F.);
#2663=ORIENTED_EDGE('',*,*,#3393,.F.);
#2664=ORIENTED_EDGE('',*,*,#3726,.T.);
#2665=ORIENTED_EDGE('',*,*,#3490,.F.);
#2666=ORIENTED_EDGE('',*,*,#3727,.F.);
#2667=ORIENTED_EDGE('',*,*,#3419,.F.);
#2668=ORIENTED_EDGE('',*,*,#3727,.T.);
#2669=ORIENTED_EDGE('',*,*,#3489,.F.);
#2670=ORIENTED_EDGE('',*,*,#3728,.F.);
#2671=ORIENTED_EDGE('',*,*,#3430,.F.);
#2672=ORIENTED_EDGE('',*,*,#3728,.T.);
#2673=ORIENTED_EDGE('',*,*,#3488,.F.);
#2674=ORIENTED_EDGE('',*,*,#3729,.F.);
#2675=ORIENTED_EDGE('',*,*,#3454,.F.);
#2676=ORIENTED_EDGE('',*,*,#3729,.T.);
#2677=ORIENTED_EDGE('',*,*,#3487,.F.);
#2678=ORIENTED_EDGE('',*,*,#3730,.F.);
#2679=ORIENTED_EDGE('',*,*,#3434,.F.);
#2680=ORIENTED_EDGE('',*,*,#3730,.T.);
#2681=ORIENTED_EDGE('',*,*,#3486,.F.);
#2682=ORIENTED_EDGE('',*,*,#3731,.F.);
#2683=ORIENTED_EDGE('',*,*,#3452,.F.);
#2684=ORIENTED_EDGE('',*,*,#3731,.T.);
#2685=ORIENTED_EDGE('',*,*,#3485,.F.);
#2686=ORIENTED_EDGE('',*,*,#3732,.F.);
#2687=ORIENTED_EDGE('',*,*,#3442,.F.);
#2688=ORIENTED_EDGE('',*,*,#3732,.T.);
#2689=ORIENTED_EDGE('',*,*,#3484,.F.);
#2690=ORIENTED_EDGE('',*,*,#3733,.F.);
#2691=ORIENTED_EDGE('',*,*,#3448,.F.);
#2692=ORIENTED_EDGE('',*,*,#3733,.T.);
#2693=ORIENTED_EDGE('',*,*,#3483,.F.);
#2694=ORIENTED_EDGE('',*,*,#3734,.F.);
#2695=ORIENTED_EDGE('',*,*,#3438,.F.);
#2696=ORIENTED_EDGE('',*,*,#3734,.T.);
#2697=ORIENTED_EDGE('',*,*,#3482,.F.);
#2698=ORIENTED_EDGE('',*,*,#3735,.F.);
#2699=ORIENTED_EDGE('',*,*,#3450,.F.);
#2700=ORIENTED_EDGE('',*,*,#3735,.T.);
#2701=ORIENTED_EDGE('',*,*,#3481,.F.);
#2702=ORIENTED_EDGE('',*,*,#3736,.F.);
#2703=ORIENTED_EDGE('',*,*,#3446,.F.);
#2704=ORIENTED_EDGE('',*,*,#3736,.T.);
#2705=ORIENTED_EDGE('',*,*,#3480,.F.);
#2706=ORIENTED_EDGE('',*,*,#3737,.F.);
#2707=ORIENTED_EDGE('',*,*,#3417,.F.);
#2708=ORIENTED_EDGE('',*,*,#3470,.F.);
#2709=ORIENTED_EDGE('',*,*,#3389,.F.);
#2710=ORIENTED_EDGE('',*,*,#3737,.T.);
#2711=ORIENTED_EDGE('',*,*,#3479,.F.);
#2712=ORIENTED_EDGE('',*,*,#3465,.F.);
#2713=ORIENTED_EDGE('',*,*,#3522,.F.);
#2714=ORIENTED_EDGE('',*,*,#3738,.F.);
#2715=ORIENTED_EDGE('',*,*,#3495,.F.);
#2716=ORIENTED_EDGE('',*,*,#3738,.T.);
#2717=ORIENTED_EDGE('',*,*,#3570,.F.);
#2718=ORIENTED_EDGE('',*,*,#3739,.F.);
#2719=ORIENTED_EDGE('',*,*,#3496,.F.);
#2720=ORIENTED_EDGE('',*,*,#3739,.T.);
#2721=ORIENTED_EDGE('',*,*,#3545,.F.);
#2722=ORIENTED_EDGE('',*,*,#3740,.F.);
#2723=ORIENTED_EDGE('',*,*,#3497,.F.);
#2724=ORIENTED_EDGE('',*,*,#3740,.T.);
#2725=ORIENTED_EDGE('',*,*,#3688,.F.);
#2726=ORIENTED_EDGE('',*,*,#3741,.F.);
#2727=ORIENTED_EDGE('',*,*,#3498,.F.);
#2728=ORIENTED_EDGE('',*,*,#3741,.T.);
#2729=ORIENTED_EDGE('',*,*,#3541,.F.);
#2730=ORIENTED_EDGE('',*,*,#3742,.F.);
#2731=ORIENTED_EDGE('',*,*,#3499,.F.);
#2732=ORIENTED_EDGE('',*,*,#3742,.T.);
#2733=ORIENTED_EDGE('',*,*,#3685,.F.);
#2734=ORIENTED_EDGE('',*,*,#3743,.F.);
#2735=ORIENTED_EDGE('',*,*,#3500,.F.);
#2736=ORIENTED_EDGE('',*,*,#3743,.T.);
#2737=ORIENTED_EDGE('',*,*,#3535,.F.);
#2738=ORIENTED_EDGE('',*,*,#3744,.F.);
#2739=ORIENTED_EDGE('',*,*,#3501,.F.);
#2740=ORIENTED_EDGE('',*,*,#3744,.T.);
#2741=ORIENTED_EDGE('',*,*,#3691,.F.);
#2742=ORIENTED_EDGE('',*,*,#3745,.F.);
#2743=ORIENTED_EDGE('',*,*,#3502,.F.);
#2744=ORIENTED_EDGE('',*,*,#3745,.T.);
#2745=ORIENTED_EDGE('',*,*,#3531,.F.);
#2746=ORIENTED_EDGE('',*,*,#3746,.F.);
#2747=ORIENTED_EDGE('',*,*,#3503,.F.);
#2748=ORIENTED_EDGE('',*,*,#3746,.T.);
#2749=ORIENTED_EDGE('',*,*,#3682,.F.);
#2750=ORIENTED_EDGE('',*,*,#3747,.F.);
#2751=ORIENTED_EDGE('',*,*,#3504,.F.);
#2752=ORIENTED_EDGE('',*,*,#3747,.T.);
#2753=ORIENTED_EDGE('',*,*,#3525,.F.);
#2754=ORIENTED_EDGE('',*,*,#3748,.F.);
#2755=ORIENTED_EDGE('',*,*,#3505,.F.);
#2756=ORIENTED_EDGE('',*,*,#3748,.T.);
#2757=ORIENTED_EDGE('',*,*,#3568,.F.);
#2758=ORIENTED_EDGE('',*,*,#3749,.F.);
#2759=ORIENTED_EDGE('',*,*,#3506,.F.);
#2760=ORIENTED_EDGE('',*,*,#3476,.F.);
#2761=ORIENTED_EDGE('',*,*,#3507,.F.);
#2762=ORIENTED_EDGE('',*,*,#3749,.T.);
#2763=ORIENTED_EDGE('',*,*,#3518,.F.);
#2764=ORIENTED_EDGE('',*,*,#3750,.F.);
#2765=ORIENTED_EDGE('',*,*,#3751,.F.);
#2766=ORIENTED_EDGE('',*,*,#3752,.T.);
#2767=ORIENTED_EDGE('',*,*,#3753,.T.);
#2768=ORIENTED_EDGE('',*,*,#3754,.F.);
#2769=ORIENTED_EDGE('',*,*,#3753,.F.);
#2770=ORIENTED_EDGE('',*,*,#3755,.T.);
#2771=ORIENTED_EDGE('',*,*,#3756,.T.);
#2772=ORIENTED_EDGE('',*,*,#3757,.F.);
#2773=ORIENTED_EDGE('',*,*,#3756,.F.);
#2774=ORIENTED_EDGE('',*,*,#3758,.T.);
#2775=ORIENTED_EDGE('',*,*,#3759,.T.);
#2776=ORIENTED_EDGE('',*,*,#3760,.F.);
#2777=ORIENTED_EDGE('',*,*,#3759,.F.);
#2778=ORIENTED_EDGE('',*,*,#3761,.T.);
#2779=ORIENTED_EDGE('',*,*,#3762,.T.);
#2780=ORIENTED_EDGE('',*,*,#3763,.F.);
#2781=ORIENTED_EDGE('',*,*,#3762,.F.);
#2782=ORIENTED_EDGE('',*,*,#3764,.T.);
#2783=ORIENTED_EDGE('',*,*,#3765,.T.);
#2784=ORIENTED_EDGE('',*,*,#3766,.F.);
#2785=ORIENTED_EDGE('',*,*,#3765,.F.);
#2786=ORIENTED_EDGE('',*,*,#3767,.T.);
#2787=ORIENTED_EDGE('',*,*,#3768,.T.);
#2788=ORIENTED_EDGE('',*,*,#3769,.F.);
#2789=ORIENTED_EDGE('',*,*,#3768,.F.);
#2790=ORIENTED_EDGE('',*,*,#3770,.T.);
#2791=ORIENTED_EDGE('',*,*,#3771,.T.);
#2792=ORIENTED_EDGE('',*,*,#3772,.F.);
#2793=ORIENTED_EDGE('',*,*,#3771,.F.);
#2794=ORIENTED_EDGE('',*,*,#3773,.T.);
#2795=ORIENTED_EDGE('',*,*,#3774,.T.);
#2796=ORIENTED_EDGE('',*,*,#3775,.F.);
#2797=ORIENTED_EDGE('',*,*,#3774,.F.);
#2798=ORIENTED_EDGE('',*,*,#3776,.T.);
#2799=ORIENTED_EDGE('',*,*,#3777,.T.);
#2800=ORIENTED_EDGE('',*,*,#3778,.F.);
#2801=ORIENTED_EDGE('',*,*,#3777,.F.);
#2802=ORIENTED_EDGE('',*,*,#3779,.T.);
#2803=ORIENTED_EDGE('',*,*,#3780,.T.);
#2804=ORIENTED_EDGE('',*,*,#3781,.F.);
#2805=ORIENTED_EDGE('',*,*,#3780,.F.);
#2806=ORIENTED_EDGE('',*,*,#3782,.T.);
#2807=ORIENTED_EDGE('',*,*,#3783,.T.);
#2808=ORIENTED_EDGE('',*,*,#3784,.F.);
#2809=ORIENTED_EDGE('',*,*,#3783,.F.);
#2810=ORIENTED_EDGE('',*,*,#3785,.T.);
#2811=ORIENTED_EDGE('',*,*,#3751,.T.);
#2812=ORIENTED_EDGE('',*,*,#3786,.T.);
#2813=ORIENTED_EDGE('',*,*,#3787,.T.);
#2814=ORIENTED_EDGE('',*,*,#3788,.T.);
#2815=ORIENTED_EDGE('',*,*,#3789,.T.);
#2816=ORIENTED_EDGE('',*,*,#3790,.T.);
#2817=ORIENTED_EDGE('',*,*,#3791,.T.);
#2818=ORIENTED_EDGE('',*,*,#3792,.T.);
#2819=ORIENTED_EDGE('',*,*,#3793,.T.);
#2820=ORIENTED_EDGE('',*,*,#3752,.F.);
#2821=ORIENTED_EDGE('',*,*,#3785,.F.);
#2822=ORIENTED_EDGE('',*,*,#3782,.F.);
#2823=ORIENTED_EDGE('',*,*,#3779,.F.);
#2824=ORIENTED_EDGE('',*,*,#3776,.F.);
#2825=ORIENTED_EDGE('',*,*,#3773,.F.);
#2826=ORIENTED_EDGE('',*,*,#3770,.F.);
#2827=ORIENTED_EDGE('',*,*,#3767,.F.);
#2828=ORIENTED_EDGE('',*,*,#3764,.F.);
#2829=ORIENTED_EDGE('',*,*,#3761,.F.);
#2830=ORIENTED_EDGE('',*,*,#3758,.F.);
#2831=ORIENTED_EDGE('',*,*,#3755,.F.);
#2832=ORIENTED_EDGE('',*,*,#3794,.F.);
#2833=ORIENTED_EDGE('',*,*,#3795,.F.);
#2834=ORIENTED_EDGE('',*,*,#3796,.F.);
#2835=ORIENTED_EDGE('',*,*,#3797,.F.);
#2836=ORIENTED_EDGE('',*,*,#3798,.F.);
#2837=ORIENTED_EDGE('',*,*,#3799,.F.);
#2838=ORIENTED_EDGE('',*,*,#3800,.F.);
#2839=ORIENTED_EDGE('',*,*,#3801,.F.);
#2840=ORIENTED_EDGE('',*,*,#3750,.T.);
#2841=ORIENTED_EDGE('',*,*,#3754,.T.);
#2842=ORIENTED_EDGE('',*,*,#3757,.T.);
#2843=ORIENTED_EDGE('',*,*,#3760,.T.);
#2844=ORIENTED_EDGE('',*,*,#3763,.T.);
#2845=ORIENTED_EDGE('',*,*,#3766,.T.);
#2846=ORIENTED_EDGE('',*,*,#3769,.T.);
#2847=ORIENTED_EDGE('',*,*,#3772,.T.);
#2848=ORIENTED_EDGE('',*,*,#3775,.T.);
#2849=ORIENTED_EDGE('',*,*,#3778,.T.);
#2850=ORIENTED_EDGE('',*,*,#3781,.T.);
#2851=ORIENTED_EDGE('',*,*,#3784,.T.);
#2852=ORIENTED_EDGE('',*,*,#3793,.F.);
#2853=ORIENTED_EDGE('',*,*,#3802,.T.);
#2854=ORIENTED_EDGE('',*,*,#3801,.T.);
#2855=ORIENTED_EDGE('',*,*,#3802,.F.);
#2856=ORIENTED_EDGE('',*,*,#3792,.F.);
#2857=ORIENTED_EDGE('',*,*,#3803,.T.);
#2858=ORIENTED_EDGE('',*,*,#3800,.T.);
#2859=ORIENTED_EDGE('',*,*,#3803,.F.);
#2860=ORIENTED_EDGE('',*,*,#3791,.F.);
#2861=ORIENTED_EDGE('',*,*,#3804,.T.);
#2862=ORIENTED_EDGE('',*,*,#3799,.T.);
#2863=ORIENTED_EDGE('',*,*,#3804,.F.);
#2864=ORIENTED_EDGE('',*,*,#3790,.F.);
#2865=ORIENTED_EDGE('',*,*,#3805,.T.);
#2866=ORIENTED_EDGE('',*,*,#3798,.T.);
#2867=ORIENTED_EDGE('',*,*,#3805,.F.);
#2868=ORIENTED_EDGE('',*,*,#3789,.F.);
#2869=ORIENTED_EDGE('',*,*,#3806,.T.);
#2870=ORIENTED_EDGE('',*,*,#3797,.T.);
#2871=ORIENTED_EDGE('',*,*,#3806,.F.);
#2872=ORIENTED_EDGE('',*,*,#3788,.F.);
#2873=ORIENTED_EDGE('',*,*,#3807,.T.);
#2874=ORIENTED_EDGE('',*,*,#3796,.T.);
#2875=ORIENTED_EDGE('',*,*,#3807,.F.);
#2876=ORIENTED_EDGE('',*,*,#3787,.F.);
#2877=ORIENTED_EDGE('',*,*,#3808,.T.);
#2878=ORIENTED_EDGE('',*,*,#3795,.T.);
#2879=ORIENTED_EDGE('',*,*,#3808,.F.);
#2880=ORIENTED_EDGE('',*,*,#3786,.F.);
#2881=ORIENTED_EDGE('',*,*,#3809,.T.);
#2882=ORIENTED_EDGE('',*,*,#3794,.T.);
#2883=ORIENTED_EDGE('',*,*,#3809,.F.);
#2884=ORIENTED_EDGE('',*,*,#3810,.T.);
#2885=ORIENTED_EDGE('',*,*,#3811,.F.);
#2886=ORIENTED_EDGE('',*,*,#3812,.F.);
#2887=ORIENTED_EDGE('',*,*,#3813,.T.);
#2888=ORIENTED_EDGE('',*,*,#3814,.T.);
#2889=ORIENTED_EDGE('',*,*,#3815,.F.);
#2890=ORIENTED_EDGE('',*,*,#3816,.F.);
#2891=ORIENTED_EDGE('',*,*,#3811,.T.);
#2892=ORIENTED_EDGE('',*,*,#3817,.T.);
#2893=ORIENTED_EDGE('',*,*,#3818,.F.);
#2894=ORIENTED_EDGE('',*,*,#3819,.F.);
#2895=ORIENTED_EDGE('',*,*,#3815,.T.);
#2896=ORIENTED_EDGE('',*,*,#3820,.T.);
#2897=ORIENTED_EDGE('',*,*,#3821,.F.);
#2898=ORIENTED_EDGE('',*,*,#3822,.F.);
#2899=ORIENTED_EDGE('',*,*,#3818,.T.);
#2900=ORIENTED_EDGE('',*,*,#3823,.T.);
#2901=ORIENTED_EDGE('',*,*,#3824,.F.);
#2902=ORIENTED_EDGE('',*,*,#3825,.F.);
#2903=ORIENTED_EDGE('',*,*,#3821,.T.);
#2904=ORIENTED_EDGE('',*,*,#3826,.T.);
#2905=ORIENTED_EDGE('',*,*,#3827,.F.);
#2906=ORIENTED_EDGE('',*,*,#3828,.F.);
#2907=ORIENTED_EDGE('',*,*,#3824,.T.);
#2908=ORIENTED_EDGE('',*,*,#3829,.T.);
#2909=ORIENTED_EDGE('',*,*,#3830,.F.);
#2910=ORIENTED_EDGE('',*,*,#3831,.F.);
#2911=ORIENTED_EDGE('',*,*,#3827,.T.);
#2912=ORIENTED_EDGE('',*,*,#3832,.T.);
#2913=ORIENTED_EDGE('',*,*,#3833,.F.);
#2914=ORIENTED_EDGE('',*,*,#3834,.F.);
#2915=ORIENTED_EDGE('',*,*,#3830,.T.);
#2916=ORIENTED_EDGE('',*,*,#3835,.T.);
#2917=ORIENTED_EDGE('',*,*,#3836,.F.);
#2918=ORIENTED_EDGE('',*,*,#3837,.F.);
#2919=ORIENTED_EDGE('',*,*,#3833,.T.);
#2920=ORIENTED_EDGE('',*,*,#3838,.T.);
#2921=ORIENTED_EDGE('',*,*,#3839,.F.);
#2922=ORIENTED_EDGE('',*,*,#3840,.F.);
#2923=ORIENTED_EDGE('',*,*,#3836,.T.);
#2924=ORIENTED_EDGE('',*,*,#3841,.T.);
#2925=ORIENTED_EDGE('',*,*,#3842,.F.);
#2926=ORIENTED_EDGE('',*,*,#3843,.F.);
#2927=ORIENTED_EDGE('',*,*,#3839,.T.);
#2928=ORIENTED_EDGE('',*,*,#3844,.T.);
#2929=ORIENTED_EDGE('',*,*,#3813,.F.);
#2930=ORIENTED_EDGE('',*,*,#3845,.F.);
#2931=ORIENTED_EDGE('',*,*,#3842,.T.);
#2932=ORIENTED_EDGE('',*,*,#3846,.T.);
#2933=ORIENTED_EDGE('',*,*,#3847,.T.);
#2934=ORIENTED_EDGE('',*,*,#3848,.T.);
#2935=ORIENTED_EDGE('',*,*,#3849,.T.);
#2936=ORIENTED_EDGE('',*,*,#3850,.T.);
#2937=ORIENTED_EDGE('',*,*,#3812,.T.);
#2938=ORIENTED_EDGE('',*,*,#3816,.T.);
#2939=ORIENTED_EDGE('',*,*,#3819,.T.);
#2940=ORIENTED_EDGE('',*,*,#3822,.T.);
#2941=ORIENTED_EDGE('',*,*,#3825,.T.);
#2942=ORIENTED_EDGE('',*,*,#3828,.T.);
#2943=ORIENTED_EDGE('',*,*,#3831,.T.);
#2944=ORIENTED_EDGE('',*,*,#3834,.T.);
#2945=ORIENTED_EDGE('',*,*,#3837,.T.);
#2946=ORIENTED_EDGE('',*,*,#3840,.T.);
#2947=ORIENTED_EDGE('',*,*,#3843,.T.);
#2948=ORIENTED_EDGE('',*,*,#3845,.T.);
#2949=ORIENTED_EDGE('',*,*,#3851,.F.);
#2950=ORIENTED_EDGE('',*,*,#3852,.T.);
#2951=ORIENTED_EDGE('',*,*,#3853,.T.);
#2952=ORIENTED_EDGE('',*,*,#3854,.T.);
#2953=ORIENTED_EDGE('',*,*,#3855,.T.);
#2954=ORIENTED_EDGE('',*,*,#3810,.F.);
#2955=ORIENTED_EDGE('',*,*,#3844,.F.);
#2956=ORIENTED_EDGE('',*,*,#3841,.F.);
#2957=ORIENTED_EDGE('',*,*,#3838,.F.);
#2958=ORIENTED_EDGE('',*,*,#3835,.F.);
#2959=ORIENTED_EDGE('',*,*,#3832,.F.);
#2960=ORIENTED_EDGE('',*,*,#3829,.F.);
#2961=ORIENTED_EDGE('',*,*,#3826,.F.);
#2962=ORIENTED_EDGE('',*,*,#3823,.F.);
#2963=ORIENTED_EDGE('',*,*,#3820,.F.);
#2964=ORIENTED_EDGE('',*,*,#3817,.F.);
#2965=ORIENTED_EDGE('',*,*,#3814,.F.);
#2966=ORIENTED_EDGE('',*,*,#3856,.F.);
#2967=ORIENTED_EDGE('',*,*,#3855,.F.);
#2968=ORIENTED_EDGE('',*,*,#3850,.F.);
#2969=ORIENTED_EDGE('',*,*,#3856,.T.);
#2970=ORIENTED_EDGE('',*,*,#3857,.F.);
#2971=ORIENTED_EDGE('',*,*,#3854,.F.);
#2972=ORIENTED_EDGE('',*,*,#3849,.F.);
#2973=ORIENTED_EDGE('',*,*,#3857,.T.);
#2974=ORIENTED_EDGE('',*,*,#3858,.F.);
#2975=ORIENTED_EDGE('',*,*,#3853,.F.);
#2976=ORIENTED_EDGE('',*,*,#3848,.F.);
#2977=ORIENTED_EDGE('',*,*,#3858,.T.);
#2978=ORIENTED_EDGE('',*,*,#3859,.F.);
#2979=ORIENTED_EDGE('',*,*,#3852,.F.);
#2980=ORIENTED_EDGE('',*,*,#3847,.F.);
#2981=ORIENTED_EDGE('',*,*,#3859,.T.);
#2982=ORIENTED_EDGE('',*,*,#3851,.T.);
#2983=ORIENTED_EDGE('',*,*,#3846,.F.);
#2984=EDGE_CURVE('',#3860,#3860,#4442,.T.);
#2985=EDGE_CURVE('',#3860,#3861,#244,.T.);
#2986=EDGE_CURVE('',#3861,#3861,#4443,.T.);
#2987=EDGE_CURVE('',#3862,#3862,#4444,.T.);
#2988=EDGE_CURVE('',#3862,#3863,#245,.T.);
#2989=EDGE_CURVE('',#3863,#3863,#4445,.T.);
#2990=EDGE_CURVE('',#3864,#3865,#246,.T.);
#2991=EDGE_CURVE('',#3865,#3866,#247,.T.);
#2992=EDGE_CURVE('',#3867,#3866,#248,.T.);
#2993=EDGE_CURVE('',#3864,#3867,#249,.T.);
#2994=EDGE_CURVE('',#3865,#3868,#4446,.T.);
#2995=EDGE_CURVE('',#3868,#3869,#250,.T.);
#2996=EDGE_CURVE('',#3866,#3869,#4447,.T.);
#2997=EDGE_CURVE('',#3868,#3870,#251,.T.);
#2998=EDGE_CURVE('',#3870,#3871,#252,.T.);
#2999=EDGE_CURVE('',#3869,#3871,#253,.T.);
#3000=EDGE_CURVE('',#3870,#3864,#4448,.T.);
#3001=EDGE_CURVE('',#3871,#3867,#4449,.T.);
#3002=EDGE_CURVE('',#3872,#3873,#254,.T.);
#3003=EDGE_CURVE('',#3873,#3874,#255,.T.);
#3004=EDGE_CURVE('',#3875,#3874,#256,.T.);
#3005=EDGE_CURVE('',#3872,#3875,#257,.T.);
#3006=EDGE_CURVE('',#3873,#3876,#4450,.T.);
#3007=EDGE_CURVE('',#3876,#3877,#258,.T.);
#3008=EDGE_CURVE('',#3874,#3877,#4451,.T.);
#3009=EDGE_CURVE('',#3876,#3878,#259,.T.);
#3010=EDGE_CURVE('',#3878,#3879,#260,.T.);
#3011=EDGE_CURVE('',#3877,#3879,#261,.T.);
#3012=EDGE_CURVE('',#3878,#3872,#4452,.T.);
#3013=EDGE_CURVE('',#3879,#3875,#4453,.T.);
#3014=EDGE_CURVE('',#3880,#3881,#262,.T.);
#3015=EDGE_CURVE('',#3881,#3882,#263,.T.);
#3016=EDGE_CURVE('',#3883,#3882,#264,.T.);
#3017=EDGE_CURVE('',#3880,#3883,#265,.T.);
#3018=EDGE_CURVE('',#3881,#3884,#4454,.T.);
#3019=EDGE_CURVE('',#3884,#3885,#266,.T.);
#3020=EDGE_CURVE('',#3882,#3885,#4455,.T.);
#3021=EDGE_CURVE('',#3884,#3886,#267,.T.);
#3022=EDGE_CURVE('',#3886,#3887,#268,.T.);
#3023=EDGE_CURVE('',#3885,#3887,#269,.T.);
#3024=EDGE_CURVE('',#3886,#3880,#4456,.T.);
#3025=EDGE_CURVE('',#3887,#3883,#4457,.T.);
#3026=EDGE_CURVE('',#3888,#3889,#270,.T.);
#3027=EDGE_CURVE('',#3889,#3890,#271,.T.);
#3028=EDGE_CURVE('',#3891,#3890,#272,.T.);
#3029=EDGE_CURVE('',#3888,#3891,#273,.T.);
#3030=EDGE_CURVE('',#3889,#3892,#4458,.T.);
#3031=EDGE_CURVE('',#3892,#3893,#274,.T.);
#3032=EDGE_CURVE('',#3890,#3893,#4459,.T.);
#3033=EDGE_CURVE('',#3892,#3894,#275,.T.);
#3034=EDGE_CURVE('',#3894,#3895,#276,.T.);
#3035=EDGE_CURVE('',#3893,#3895,#277,.T.);
#3036=EDGE_CURVE('',#3894,#3888,#4460,.T.);
#3037=EDGE_CURVE('',#3895,#3891,#4461,.T.);
#3038=EDGE_CURVE('',#3896,#3896,#4462,.T.);
#3039=EDGE_CURVE('',#3896,#3897,#278,.T.);
#3040=EDGE_CURVE('',#3897,#3897,#4463,.T.);
#3041=EDGE_CURVE('',#3898,#3898,#4464,.T.);
#3042=EDGE_CURVE('',#3898,#3899,#279,.T.);
#3043=EDGE_CURVE('',#3899,#3899,#4465,.T.);
#3044=EDGE_CURVE('',#3900,#3900,#4466,.T.);
#3045=EDGE_CURVE('',#3900,#3901,#280,.T.);
#3046=EDGE_CURVE('',#3901,#3901,#4467,.T.);
#3047=EDGE_CURVE('',#3902,#3902,#4468,.T.);
#3048=EDGE_CURVE('',#3902,#3903,#281,.T.);
#3049=EDGE_CURVE('',#3903,#3903,#4469,.T.);
#3050=EDGE_CURVE('',#3904,#3904,#4470,.T.);
#3051=EDGE_CURVE('',#3904,#3905,#282,.T.);
#3052=EDGE_CURVE('',#3905,#3905,#4471,.T.);
#3053=EDGE_CURVE('',#3906,#3906,#4472,.T.);
#3054=EDGE_CURVE('',#3906,#3907,#283,.T.);
#3055=EDGE_CURVE('',#3907,#3907,#4473,.T.);
#3056=EDGE_CURVE('',#3908,#3908,#4474,.T.);
#3057=EDGE_CURVE('',#3908,#3909,#284,.T.);
#3058=EDGE_CURVE('',#3909,#3909,#4475,.T.);
#3059=EDGE_CURVE('',#3910,#3910,#4476,.T.);
#3060=EDGE_CURVE('',#3910,#3911,#285,.T.);
#3061=EDGE_CURVE('',#3911,#3911,#4477,.T.);
#3062=EDGE_CURVE('',#3912,#3912,#4478,.T.);
#3063=EDGE_CURVE('',#3912,#3913,#286,.T.);
#3064=EDGE_CURVE('',#3913,#3913,#4479,.T.);
#3065=EDGE_CURVE('',#3914,#3914,#4480,.T.);
#3066=EDGE_CURVE('',#3914,#3915,#287,.T.);
#3067=EDGE_CURVE('',#3915,#3915,#4481,.T.);
#3068=EDGE_CURVE('',#3916,#3916,#4482,.T.);
#3069=EDGE_CURVE('',#3916,#3917,#288,.T.);
#3070=EDGE_CURVE('',#3917,#3917,#4483,.T.);
#3071=EDGE_CURVE('',#3918,#3918,#4484,.T.);
#3072=EDGE_CURVE('',#3918,#3919,#289,.T.);
#3073=EDGE_CURVE('',#3919,#3919,#4485,.T.);
#3074=EDGE_CURVE('',#3920,#3920,#4486,.T.);
#3075=EDGE_CURVE('',#3920,#3921,#290,.T.);
#3076=EDGE_CURVE('',#3921,#3921,#4487,.T.);
#3077=EDGE_CURVE('',#3922,#3922,#4488,.T.);
#3078=EDGE_CURVE('',#3922,#3923,#291,.T.);
#3079=EDGE_CURVE('',#3923,#3923,#4489,.T.);
#3080=EDGE_CURVE('',#3924,#3924,#4490,.T.);
#3081=EDGE_CURVE('',#3924,#3925,#292,.T.);
#3082=EDGE_CURVE('',#3925,#3925,#4491,.T.);
#3083=EDGE_CURVE('',#3926,#3926,#4492,.T.);
#3084=EDGE_CURVE('',#3926,#3927,#293,.T.);
#3085=EDGE_CURVE('',#3927,#3927,#4493,.T.);
#3086=EDGE_CURVE('',#3928,#3928,#4494,.T.);
#3087=EDGE_CURVE('',#3928,#3929,#294,.T.);
#3088=EDGE_CURVE('',#3929,#3929,#4495,.T.);
#3089=EDGE_CURVE('',#3930,#3930,#4496,.T.);
#3090=EDGE_CURVE('',#3930,#3931,#295,.T.);
#3091=EDGE_CURVE('',#3931,#3931,#4497,.T.);
#3092=EDGE_CURVE('',#3932,#3932,#4498,.T.);
#3093=EDGE_CURVE('',#3932,#3933,#296,.T.);
#3094=EDGE_CURVE('',#3933,#3933,#4499,.T.);
#3095=EDGE_CURVE('',#3934,#3934,#4500,.T.);
#3096=EDGE_CURVE('',#3934,#3935,#297,.T.);
#3097=EDGE_CURVE('',#3935,#3935,#4501,.T.);
#3098=EDGE_CURVE('',#3936,#3936,#4502,.T.);
#3099=EDGE_CURVE('',#3936,#3937,#298,.T.);
#3100=EDGE_CURVE('',#3937,#3937,#4503,.T.);
#3101=EDGE_CURVE('',#3938,#3938,#4504,.T.);
#3102=EDGE_CURVE('',#3938,#3939,#299,.T.);
#3103=EDGE_CURVE('',#3939,#3939,#4505,.T.);
#3104=EDGE_CURVE('',#3940,#3940,#4506,.T.);
#3105=EDGE_CURVE('',#3940,#3941,#300,.T.);
#3106=EDGE_CURVE('',#3941,#3941,#4507,.T.);
#3107=EDGE_CURVE('',#3942,#3942,#4508,.T.);
#3108=EDGE_CURVE('',#3942,#3943,#301,.T.);
#3109=EDGE_CURVE('',#3943,#3943,#4509,.T.);
#3110=EDGE_CURVE('',#3944,#3944,#4510,.T.);
#3111=EDGE_CURVE('',#3944,#3945,#302,.T.);
#3112=EDGE_CURVE('',#3945,#3945,#4511,.T.);
#3113=EDGE_CURVE('',#3946,#3946,#4512,.T.);
#3114=EDGE_CURVE('',#3946,#3947,#303,.T.);
#3115=EDGE_CURVE('',#3947,#3947,#4513,.T.);
#3116=EDGE_CURVE('',#3948,#3948,#4514,.T.);
#3117=EDGE_CURVE('',#3948,#3949,#304,.T.);
#3118=EDGE_CURVE('',#3949,#3949,#4515,.T.);
#3119=EDGE_CURVE('',#3950,#3950,#4516,.T.);
#3120=EDGE_CURVE('',#3950,#3951,#305,.T.);
#3121=EDGE_CURVE('',#3951,#3951,#4517,.T.);
#3122=EDGE_CURVE('',#3952,#3952,#4518,.T.);
#3123=EDGE_CURVE('',#3952,#3953,#306,.T.);
#3124=EDGE_CURVE('',#3953,#3953,#4519,.T.);
#3125=EDGE_CURVE('',#3954,#3954,#4520,.T.);
#3126=EDGE_CURVE('',#3954,#3955,#307,.T.);
#3127=EDGE_CURVE('',#3955,#3955,#4521,.T.);
#3128=EDGE_CURVE('',#3956,#3956,#4522,.T.);
#3129=EDGE_CURVE('',#3956,#3957,#308,.T.);
#3130=EDGE_CURVE('',#3957,#3957,#4523,.T.);
#3131=EDGE_CURVE('',#3958,#3958,#4524,.T.);
#3132=EDGE_CURVE('',#3958,#3959,#309,.T.);
#3133=EDGE_CURVE('',#3959,#3959,#4525,.T.);
#3134=EDGE_CURVE('',#3960,#3960,#4526,.T.);
#3135=EDGE_CURVE('',#3960,#3961,#310,.T.);
#3136=EDGE_CURVE('',#3961,#3961,#4527,.T.);
#3137=EDGE_CURVE('',#3962,#3962,#4528,.T.);
#3138=EDGE_CURVE('',#3962,#3963,#311,.T.);
#3139=EDGE_CURVE('',#3963,#3963,#4529,.T.);
#3140=EDGE_CURVE('',#3964,#3964,#4530,.T.);
#3141=EDGE_CURVE('',#3964,#3965,#312,.T.);
#3142=EDGE_CURVE('',#3965,#3965,#4531,.T.);
#3143=EDGE_CURVE('',#3966,#3966,#4532,.T.);
#3144=EDGE_CURVE('',#3966,#3967,#313,.T.);
#3145=EDGE_CURVE('',#3967,#3967,#4533,.T.);
#3146=EDGE_CURVE('',#3968,#3968,#4534,.T.);
#3147=EDGE_CURVE('',#3968,#3969,#314,.T.);
#3148=EDGE_CURVE('',#3969,#3969,#4535,.T.);
#3149=EDGE_CURVE('',#3970,#3970,#4536,.T.);
#3150=EDGE_CURVE('',#3970,#3971,#315,.T.);
#3151=EDGE_CURVE('',#3971,#3971,#4537,.T.);
#3152=EDGE_CURVE('',#3972,#3972,#4538,.T.);
#3153=EDGE_CURVE('',#3972,#3973,#316,.T.);
#3154=EDGE_CURVE('',#3973,#3973,#4539,.T.);
#3155=EDGE_CURVE('',#3974,#3974,#4540,.T.);
#3156=EDGE_CURVE('',#3974,#3975,#317,.T.);
#3157=EDGE_CURVE('',#3975,#3975,#4541,.T.);
#3158=EDGE_CURVE('',#3976,#3976,#4542,.T.);
#3159=EDGE_CURVE('',#3976,#3977,#318,.T.);
#3160=EDGE_CURVE('',#3977,#3977,#4543,.T.);
#3161=EDGE_CURVE('',#3978,#3978,#4544,.T.);
#3162=EDGE_CURVE('',#3978,#3979,#319,.T.);
#3163=EDGE_CURVE('',#3979,#3979,#4545,.T.);
#3164=EDGE_CURVE('',#3980,#3980,#4546,.T.);
#3165=EDGE_CURVE('',#3980,#3981,#320,.T.);
#3166=EDGE_CURVE('',#3981,#3981,#4547,.T.);
#3167=EDGE_CURVE('',#3982,#3982,#4548,.T.);
#3168=EDGE_CURVE('',#3982,#3983,#321,.T.);
#3169=EDGE_CURVE('',#3983,#3983,#4549,.T.);
#3170=EDGE_CURVE('',#3984,#3984,#4550,.T.);
#3171=EDGE_CURVE('',#3984,#3985,#322,.T.);
#3172=EDGE_CURVE('',#3985,#3985,#4551,.T.);
#3173=EDGE_CURVE('',#3986,#3986,#4552,.T.);
#3174=EDGE_CURVE('',#3986,#3987,#323,.T.);
#3175=EDGE_CURVE('',#3987,#3987,#4553,.T.);
#3176=EDGE_CURVE('',#3988,#3988,#4554,.T.);
#3177=EDGE_CURVE('',#3988,#3989,#324,.T.);
#3178=EDGE_CURVE('',#3989,#3989,#4555,.T.);
#3179=EDGE_CURVE('',#3990,#3990,#4556,.T.);
#3180=EDGE_CURVE('',#3990,#3991,#325,.T.);
#3181=EDGE_CURVE('',#3991,#3991,#4557,.T.);
#3182=EDGE_CURVE('',#3992,#3992,#4558,.T.);
#3183=EDGE_CURVE('',#3992,#3993,#326,.T.);
#3184=EDGE_CURVE('',#3993,#3993,#4559,.T.);
#3185=EDGE_CURVE('',#3994,#3994,#4560,.T.);
#3186=EDGE_CURVE('',#3994,#3995,#327,.T.);
#3187=EDGE_CURVE('',#3995,#3995,#4561,.T.);
#3188=EDGE_CURVE('',#3996,#3996,#4562,.T.);
#3189=EDGE_CURVE('',#3996,#3997,#328,.T.);
#3190=EDGE_CURVE('',#3997,#3997,#4563,.T.);
#3191=EDGE_CURVE('',#3998,#3998,#4564,.T.);
#3192=EDGE_CURVE('',#3998,#3999,#329,.T.);
#3193=EDGE_CURVE('',#3999,#3999,#4565,.T.);
#3194=EDGE_CURVE('',#4000,#4000,#4566,.T.);
#3195=EDGE_CURVE('',#4000,#4001,#330,.T.);
#3196=EDGE_CURVE('',#4001,#4001,#4567,.T.);
#3197=EDGE_CURVE('',#4002,#4002,#4568,.T.);
#3198=EDGE_CURVE('',#4002,#4003,#331,.T.);
#3199=EDGE_CURVE('',#4003,#4003,#4569,.T.);
#3200=EDGE_CURVE('',#4004,#4004,#4570,.T.);
#3201=EDGE_CURVE('',#4004,#4005,#332,.T.);
#3202=EDGE_CURVE('',#4005,#4005,#4571,.T.);
#3203=EDGE_CURVE('',#4006,#4006,#4572,.T.);
#3204=EDGE_CURVE('',#4006,#4007,#333,.T.);
#3205=EDGE_CURVE('',#4007,#4007,#4573,.T.);
#3206=EDGE_CURVE('',#4008,#4009,#334,.T.);
#3207=EDGE_CURVE('',#4009,#4010,#335,.T.);
#3208=EDGE_CURVE('',#4011,#4010,#336,.T.);
#3209=EDGE_CURVE('',#4008,#4011,#337,.T.);
#3210=EDGE_CURVE('',#4009,#4012,#4574,.T.);
#3211=EDGE_CURVE('',#4012,#4013,#338,.T.);
#3212=EDGE_CURVE('',#4010,#4013,#4575,.T.);
#3213=EDGE_CURVE('',#4012,#4014,#339,.T.);
#3214=EDGE_CURVE('',#4014,#4015,#340,.T.);
#3215=EDGE_CURVE('',#4013,#4015,#341,.T.);
#3216=EDGE_CURVE('',#4014,#4008,#4576,.T.);
#3217=EDGE_CURVE('',#4015,#4011,#4577,.T.);
#3218=EDGE_CURVE('',#4016,#4017,#342,.T.);
#3219=EDGE_CURVE('',#4017,#4018,#343,.T.);
#3220=EDGE_CURVE('',#4019,#4018,#344,.T.);
#3221=EDGE_CURVE('',#4016,#4019,#345,.T.);
#3222=EDGE_CURVE('',#4017,#4020,#4578,.T.);
#3223=EDGE_CURVE('',#4020,#4021,#346,.T.);
#3224=EDGE_CURVE('',#4018,#4021,#4579,.T.);
#3225=EDGE_CURVE('',#4020,#4022,#347,.T.);
#3226=EDGE_CURVE('',#4022,#4023,#348,.T.);
#3227=EDGE_CURVE('',#4021,#4023,#349,.T.);
#3228=EDGE_CURVE('',#4022,#4016,#4580,.T.);
#3229=EDGE_CURVE('',#4023,#4019,#4581,.T.);
#3230=EDGE_CURVE('',#4024,#4024,#4582,.T.);
#3231=EDGE_CURVE('',#4024,#4025,#350,.T.);
#3232=EDGE_CURVE('',#4025,#4025,#4583,.T.);
#3233=EDGE_CURVE('',#4026,#4026,#4584,.T.);
#3234=EDGE_CURVE('',#4026,#4027,#351,.T.);
#3235=EDGE_CURVE('',#4027,#4027,#4585,.T.);
#3236=EDGE_CURVE('',#4028,#4029,#352,.T.);
#3237=EDGE_CURVE('',#4029,#4030,#353,.T.);
#3238=EDGE_CURVE('',#4031,#4030,#354,.T.);
#3239=EDGE_CURVE('',#4028,#4031,#355,.T.);
#3240=EDGE_CURVE('',#4029,#4032,#4586,.T.);
#3241=EDGE_CURVE('',#4032,#4033,#356,.T.);
#3242=EDGE_CURVE('',#4030,#4033,#4587,.T.);
#3243=EDGE_CURVE('',#4032,#4034,#357,.T.);
#3244=EDGE_CURVE('',#4034,#4035,#358,.T.);
#3245=EDGE_CURVE('',#4033,#4035,#359,.T.);
#3246=EDGE_CURVE('',#4034,#4028,#4588,.T.);
#3247=EDGE_CURVE('',#4035,#4031,#4589,.T.);
#3248=EDGE_CURVE('',#4036,#4037,#360,.T.);
#3249=EDGE_CURVE('',#4037,#4038,#361,.T.);
#3250=EDGE_CURVE('',#4039,#4038,#362,.T.);
#3251=EDGE_CURVE('',#4036,#4039,#363,.T.);
#3252=EDGE_CURVE('',#4037,#4040,#4590,.T.);
#3253=EDGE_CURVE('',#4040,#4041,#364,.T.);
#3254=EDGE_CURVE('',#4038,#4041,#4591,.T.);
#3255=EDGE_CURVE('',#4040,#4042,#365,.T.);
#3256=EDGE_CURVE('',#4042,#4043,#366,.T.);
#3257=EDGE_CURVE('',#4041,#4043,#367,.T.);
#3258=EDGE_CURVE('',#4042,#4036,#4592,.T.);
#3259=EDGE_CURVE('',#4043,#4039,#4593,.T.);
#3260=EDGE_CURVE('',#4044,#4044,#4594,.T.);
#3261=EDGE_CURVE('',#4044,#4045,#368,.T.);
#3262=EDGE_CURVE('',#4045,#4045,#4595,.T.);
#3263=EDGE_CURVE('',#4046,#4046,#4596,.T.);
#3264=EDGE_CURVE('',#4046,#4047,#369,.T.);
#3265=EDGE_CURVE('',#4047,#4047,#4597,.T.);
#3266=EDGE_CURVE('',#4048,#4048,#4598,.T.);
#3267=EDGE_CURVE('',#4048,#4049,#370,.T.);
#3268=EDGE_CURVE('',#4049,#4049,#4599,.T.);
#3269=EDGE_CURVE('',#4050,#4050,#4600,.T.);
#3270=EDGE_CURVE('',#4050,#4051,#371,.T.);
#3271=EDGE_CURVE('',#4051,#4051,#4601,.T.);
#3272=EDGE_CURVE('',#4052,#4052,#4602,.T.);
#3273=EDGE_CURVE('',#4052,#4053,#372,.T.);
#3274=EDGE_CURVE('',#4053,#4053,#4603,.T.);
#3275=EDGE_CURVE('',#4054,#4054,#4604,.T.);
#3276=EDGE_CURVE('',#4054,#4055,#373,.T.);
#3277=EDGE_CURVE('',#4055,#4055,#4605,.T.);
#3278=EDGE_CURVE('',#4056,#4056,#4606,.T.);
#3279=EDGE_CURVE('',#4056,#4057,#374,.T.);
#3280=EDGE_CURVE('',#4057,#4057,#4607,.T.);
#3281=EDGE_CURVE('',#4058,#4058,#4608,.T.);
#3282=EDGE_CURVE('',#4058,#4059,#375,.T.);
#3283=EDGE_CURVE('',#4059,#4059,#4609,.T.);
#3284=EDGE_CURVE('',#4060,#4061,#376,.T.);
#3285=EDGE_CURVE('',#4061,#4062,#377,.T.);
#3286=EDGE_CURVE('',#4063,#4062,#378,.T.);
#3287=EDGE_CURVE('',#4060,#4063,#379,.T.);
#3288=EDGE_CURVE('',#4061,#4064,#4610,.T.);
#3289=EDGE_CURVE('',#4064,#4065,#380,.T.);
#3290=EDGE_CURVE('',#4062,#4065,#4611,.T.);
#3291=EDGE_CURVE('',#4064,#4066,#381,.T.);
#3292=EDGE_CURVE('',#4066,#4067,#382,.T.);
#3293=EDGE_CURVE('',#4065,#4067,#383,.T.);
#3294=EDGE_CURVE('',#4066,#4060,#4612,.T.);
#3295=EDGE_CURVE('',#4067,#4063,#4613,.T.);
#3296=EDGE_CURVE('',#4068,#4069,#384,.T.);
#3297=EDGE_CURVE('',#4069,#4070,#385,.T.);
#3298=EDGE_CURVE('',#4071,#4070,#386,.T.);
#3299=EDGE_CURVE('',#4068,#4071,#387,.T.);
#3300=EDGE_CURVE('',#4069,#4072,#4614,.T.);
#3301=EDGE_CURVE('',#4072,#4073,#388,.T.);
#3302=EDGE_CURVE('',#4070,#4073,#4615,.T.);
#3303=EDGE_CURVE('',#4072,#4074,#389,.T.);
#3304=EDGE_CURVE('',#4074,#4075,#390,.T.);
#3305=EDGE_CURVE('',#4073,#4075,#391,.T.);
#3306=EDGE_CURVE('',#4074,#4068,#4616,.T.);
#3307=EDGE_CURVE('',#4075,#4071,#4617,.T.);
#3308=EDGE_CURVE('',#4076,#4077,#392,.T.);
#3309=EDGE_CURVE('',#4077,#4078,#393,.T.);
#3310=EDGE_CURVE('',#4079,#4078,#394,.T.);
#3311=EDGE_CURVE('',#4076,#4079,#395,.T.);
#3312=EDGE_CURVE('',#4077,#4080,#4618,.T.);
#3313=EDGE_CURVE('',#4080,#4081,#396,.T.);
#3314=EDGE_CURVE('',#4078,#4081,#4619,.T.);
#3315=EDGE_CURVE('',#4080,#4082,#397,.T.);
#3316=EDGE_CURVE('',#4082,#4083,#398,.T.);
#3317=EDGE_CURVE('',#4081,#4083,#399,.T.);
#3318=EDGE_CURVE('',#4082,#4076,#4620,.T.);
#3319=EDGE_CURVE('',#4083,#4079,#4621,.T.);
#3320=EDGE_CURVE('',#4084,#4084,#4622,.T.);
#3321=EDGE_CURVE('',#4084,#4085,#400,.T.);
#3322=EDGE_CURVE('',#4085,#4085,#4623,.T.);
#3323=EDGE_CURVE('',#4086,#4087,#401,.T.);
#3324=EDGE_CURVE('',#4087,#4088,#402,.T.);
#3325=EDGE_CURVE('',#4089,#4088,#403,.T.);
#3326=EDGE_CURVE('',#4086,#4089,#404,.T.);
#3327=EDGE_CURVE('',#4087,#4090,#4624,.T.);
#3328=EDGE_CURVE('',#4090,#4091,#405,.T.);
#3329=EDGE_CURVE('',#4088,#4091,#4625,.T.);
#3330=EDGE_CURVE('',#4090,#4092,#406,.T.);
#3331=EDGE_CURVE('',#4092,#4093,#407,.T.);
#3332=EDGE_CURVE('',#4091,#4093,#408,.T.);
#3333=EDGE_CURVE('',#4092,#4086,#4626,.T.);
#3334=EDGE_CURVE('',#4093,#4089,#4627,.T.);
#3335=EDGE_CURVE('',#4094,#4095,#409,.T.);
#3336=EDGE_CURVE('',#4095,#4096,#410,.T.);
#3337=EDGE_CURVE('',#4097,#4096,#411,.T.);
#3338=EDGE_CURVE('',#4094,#4097,#412,.T.);
#3339=EDGE_CURVE('',#4095,#4098,#4628,.T.);
#3340=EDGE_CURVE('',#4098,#4099,#413,.T.);
#3341=EDGE_CURVE('',#4096,#4099,#4629,.T.);
#3342=EDGE_CURVE('',#4098,#4100,#414,.T.);
#3343=EDGE_CURVE('',#4100,#4101,#415,.T.);
#3344=EDGE_CURVE('',#4099,#4101,#416,.T.);
#3345=EDGE_CURVE('',#4100,#4094,#4630,.T.);
#3346=EDGE_CURVE('',#4101,#4097,#4631,.T.);
#3347=EDGE_CURVE('',#4102,#4102,#4632,.T.);
#3348=EDGE_CURVE('',#4102,#4103,#417,.T.);
#3349=EDGE_CURVE('',#4103,#4103,#4633,.T.);
#3350=EDGE_CURVE('',#4104,#4105,#418,.T.);
#3351=EDGE_CURVE('',#4105,#4106,#4634,.T.);
#3352=EDGE_CURVE('',#4107,#4106,#419,.T.);
#3353=EDGE_CURVE('',#4104,#4107,#4635,.T.);
#3354=EDGE_CURVE('',#4108,#4109,#420,.T.);
#3355=EDGE_CURVE('',#4109,#4105,#421,.T.);
#3356=EDGE_CURVE('',#4108,#4104,#422,.T.);
#3357=EDGE_CURVE('',#4106,#4110,#423,.T.);
#3358=EDGE_CURVE('',#4111,#4110,#424,.T.);
#3359=EDGE_CURVE('',#4107,#4111,#425,.T.);
#3360=EDGE_CURVE('',#4112,#4113,#426,.T.);
#3361=EDGE_CURVE('',#4113,#4109,#4636,.T.);
#3362=EDGE_CURVE('',#4112,#4108,#4637,.T.);
#3363=EDGE_CURVE('',#4110,#4114,#4638,.T.);
#3364=EDGE_CURVE('',#4115,#4114,#427,.T.);
#3365=EDGE_CURVE('',#4111,#4115,#4639,.T.);
#3366=EDGE_CURVE('',#4116,#4117,#4640,.T.);
#3367=EDGE_CURVE('',#4114,#4116,#428,.T.);
#3368=EDGE_CURVE('',#4117,#4113,#429,.T.);
#3369=EDGE_CURVE('',#4118,#4112,#430,.T.);
#3370=EDGE_CURVE('',#4115,#4119,#431,.T.);
#3371=EDGE_CURVE('',#4119,#4118,#4641,.T.);
#3372=EDGE_CURVE('',#4118,#4117,#432,.T.);
#3373=EDGE_CURVE('',#4119,#4116,#433,.T.);
#3374=EDGE_CURVE('',#4120,#4120,#73,.T.);
#3375=EDGE_CURVE('',#4121,#4122,#4642,.T.);
#3376=EDGE_CURVE('',#4121,#4123,#434,.T.);
#3377=EDGE_CURVE('',#4123,#4124,#4643,.T.);
#3378=EDGE_CURVE('',#4122,#4124,#435,.T.);
#3379=EDGE_CURVE('',#4125,#4126,#4644,.T.);
#3380=EDGE_CURVE('',#4125,#4127,#436,.T.);
#3381=EDGE_CURVE('',#4127,#4128,#4645,.T.);
#3382=EDGE_CURVE('',#4126,#4128,#437,.T.);
#3383=EDGE_CURVE('',#4129,#4129,#4646,.F.);
#3384=EDGE_CURVE('',#4130,#4130,#4647,.F.);
#3385=EDGE_CURVE('',#4131,#4131,#4648,.F.);
#3386=EDGE_CURVE('',#4132,#4133,#438,.F.);
#3387=EDGE_CURVE('',#4132,#4134,#439,.T.);
#3388=EDGE_CURVE('',#4135,#4134,#440,.T.);
#3389=EDGE_CURVE('',#4135,#4136,#441,.T.);
#3390=EDGE_CURVE('',#4136,#4137,#442,.T.);
#3391=EDGE_CURVE('',#4137,#4138,#4649,.F.);
#3392=EDGE_CURVE('',#4138,#4139,#443,.T.);
#3393=EDGE_CURVE('',#4139,#4133,#444,.T.);
#3394=EDGE_CURVE('',#4140,#4141,#445,.T.);
#3395=EDGE_CURVE('',#4141,#4142,#446,.T.);
#3396=EDGE_CURVE('',#4143,#4142,#447,.T.);
#3397=EDGE_CURVE('',#4143,#4140,#448,.T.);
#3398=EDGE_CURVE('',#4144,#4145,#449,.T.);
#3399=EDGE_CURVE('',#4145,#4146,#450,.T.);
#3400=EDGE_CURVE('',#4147,#4146,#451,.T.);
#3401=EDGE_CURVE('',#4147,#4144,#452,.T.);
#3402=EDGE_CURVE('',#4148,#4149,#453,.T.);
#3403=EDGE_CURVE('',#4149,#4150,#454,.T.);
#3404=EDGE_CURVE('',#4151,#4150,#455,.T.);
#3405=EDGE_CURVE('',#4151,#4148,#456,.T.);
#3406=EDGE_CURVE('',#4152,#4153,#457,.T.);
#3407=EDGE_CURVE('',#4153,#4154,#458,.T.);
#3408=EDGE_CURVE('',#4155,#4154,#459,.T.);
#3409=EDGE_CURVE('',#4155,#4152,#460,.T.);
#3410=EDGE_CURVE('',#4156,#4157,#461,.F.);
#3411=EDGE_CURVE('',#4156,#4158,#462,.T.);
#3412=EDGE_CURVE('',#4159,#4158,#463,.T.);
#3413=EDGE_CURVE('',#4159,#4157,#464,.T.);
#3414=EDGE_CURVE('',#4134,#4156,#4650,.T.);
#3415=EDGE_CURVE('',#4157,#4160,#465,.T.);
#3416=EDGE_CURVE('',#4160,#4161,#466,.F.);
#3417=EDGE_CURVE('',#4161,#4135,#4651,.F.);
#3418=EDGE_CURVE('',#4142,#4132,#4652,.T.);
#3419=EDGE_CURVE('',#4133,#4162,#4653,.F.);
#3420=EDGE_CURVE('',#4162,#4163,#467,.T.);
#3421=EDGE_CURVE('',#4163,#4143,#468,.T.);
#3422=EDGE_CURVE('',#4150,#4153,#4654,.T.);
#3423=EDGE_CURVE('',#4152,#4151,#4655,.F.);
#3424=EDGE_CURVE('',#4158,#4149,#4656,.T.);
#3425=EDGE_CURVE('',#4148,#4159,#4657,.F.);
#3426=EDGE_CURVE('',#4154,#4145,#4658,.T.);
#3427=EDGE_CURVE('',#4144,#4155,#4659,.F.);
#3428=EDGE_CURVE('',#4146,#4141,#4660,.T.);
#3429=EDGE_CURVE('',#4140,#4147,#4661,.F.);
#3430=EDGE_CURVE('',#4162,#4164,#469,.T.);
#3431=EDGE_CURVE('',#4164,#4165,#470,.T.);
#3432=EDGE_CURVE('',#4165,#4163,#471,.T.);
#3433=EDGE_CURVE('',#4166,#4167,#472,.T.);
#3434=EDGE_CURVE('',#4166,#4168,#473,.T.);
#3435=EDGE_CURVE('',#4168,#4169,#474,.T.);
#3436=EDGE_CURVE('',#4169,#4167,#475,.T.);
#3437=EDGE_CURVE('',#4170,#4171,#476,.T.);
#3438=EDGE_CURVE('',#4170,#4172,#477,.T.);
#3439=EDGE_CURVE('',#4172,#4173,#478,.T.);
#3440=EDGE_CURVE('',#4173,#4171,#479,.T.);
#3441=EDGE_CURVE('',#4174,#4175,#480,.T.);
#3442=EDGE_CURVE('',#4174,#4176,#481,.T.);
#3443=EDGE_CURVE('',#4176,#4177,#482,.T.);
#3444=EDGE_CURVE('',#4177,#4175,#483,.T.);
#3445=EDGE_CURVE('',#4178,#4179,#484,.T.);
#3446=EDGE_CURVE('',#4178,#4161,#485,.T.);
#3447=EDGE_CURVE('',#4160,#4179,#486,.T.);
#3448=EDGE_CURVE('',#4176,#4170,#4662,.F.);
#3449=EDGE_CURVE('',#4171,#4177,#4663,.T.);
#3450=EDGE_CURVE('',#4172,#4178,#4664,.F.);
#3451=EDGE_CURVE('',#4179,#4173,#4665,.T.);
#3452=EDGE_CURVE('',#4168,#4174,#4666,.F.);
#3453=EDGE_CURVE('',#4175,#4169,#4667,.T.);
#3454=EDGE_CURVE('',#4164,#4166,#4668,.F.);
#3455=EDGE_CURVE('',#4167,#4165,#4669,.T.);
#3456=EDGE_CURVE('',#4180,#4180,#74,.T.);
#3457=EDGE_CURVE('',#4181,#4181,#75,.T.);
#3458=EDGE_CURVE('',#4182,#4182,#76,.T.);
#3459=EDGE_CURVE('',#4183,#4183,#4670,.T.);
#3460=EDGE_CURVE('',#4184,#4184,#4671,.T.);
#3461=EDGE_CURVE('',#4185,#4186,#487,.T.);
#3462=EDGE_CURVE('',#4186,#4139,#488,.T.);
#3463=EDGE_CURVE('',#4187,#4138,#489,.T.);
#3464=EDGE_CURVE('',#4187,#4188,#490,.T.);
#3465=EDGE_CURVE('',#4188,#4189,#491,.F.);
#3466=EDGE_CURVE('',#4189,#4190,#492,.T.);
#3467=EDGE_CURVE('',#4190,#4191,#493,.T.);
#3468=EDGE_CURVE('',#4192,#4191,#494,.T.);
#3469=EDGE_CURVE('',#4192,#4185,#495,.T.);
#3470=EDGE_CURVE('',#4136,#4193,#496,.T.);
#3471=EDGE_CURVE('',#4194,#4193,#497,.T.);
#3472=EDGE_CURVE('',#4194,#4195,#498,.T.);
#3473=EDGE_CURVE('',#4196,#4195,#499,.T.);
#3474=EDGE_CURVE('',#4196,#4197,#500,.T.);
#3475=EDGE_CURVE('',#4198,#4197,#501,.T.);
#3476=EDGE_CURVE('',#4198,#4199,#502,.F.);
#3477=EDGE_CURVE('',#4199,#4200,#503,.T.);
#3478=EDGE_CURVE('',#4200,#4137,#504,.T.);
#3479=EDGE_CURVE('',#4193,#4201,#505,.T.);
#3480=EDGE_CURVE('',#4201,#4202,#4672,.T.);
#3481=EDGE_CURVE('',#4202,#4203,#506,.T.);
#3482=EDGE_CURVE('',#4203,#4204,#4673,.T.);
#3483=EDGE_CURVE('',#4204,#4205,#507,.T.);
#3484=EDGE_CURVE('',#4205,#4206,#4674,.T.);
#3485=EDGE_CURVE('',#4206,#4207,#508,.T.);
#3486=EDGE_CURVE('',#4207,#4208,#4675,.T.);
#3487=EDGE_CURVE('',#4208,#4209,#509,.T.);
#3488=EDGE_CURVE('',#4209,#4210,#4676,.T.);
#3489=EDGE_CURVE('',#4210,#4211,#510,.T.);
#3490=EDGE_CURVE('',#4211,#4212,#4677,.T.);
#3491=EDGE_CURVE('',#4212,#4186,#511,.T.);
#3492=EDGE_CURVE('',#4185,#4213,#512,.T.);
#3493=EDGE_CURVE('',#4213,#4214,#513,.T.);
#3494=EDGE_CURVE('',#4214,#4190,#514,.T.);
#3495=EDGE_CURVE('',#4189,#4215,#515,.T.);
#3496=EDGE_CURVE('',#4215,#4216,#4678,.F.);
#3497=EDGE_CURVE('',#4216,#4217,#516,.T.);
#3498=EDGE_CURVE('',#4217,#4218,#4679,.F.);
#3499=EDGE_CURVE('',#4218,#4219,#517,.T.);
#3500=EDGE_CURVE('',#4219,#4220,#4680,.F.);
#3501=EDGE_CURVE('',#4220,#4221,#518,.T.);
#3502=EDGE_CURVE('',#4221,#4222,#4681,.F.);
#3503=EDGE_CURVE('',#4222,#4223,#519,.T.);
#3504=EDGE_CURVE('',#4223,#4224,#4682,.F.);
#3505=EDGE_CURVE('',#4224,#4225,#520,.T.);
#3506=EDGE_CURVE('',#4225,#4226,#4683,.F.);
#3507=EDGE_CURVE('',#4226,#4198,#521,.T.);
#3508=EDGE_CURVE('',#4197,#4227,#522,.T.);
#3509=EDGE_CURVE('',#4227,#4228,#523,.T.);
#3510=EDGE_CURVE('',#4228,#4194,#524,.T.);
#3511=EDGE_CURVE('',#4229,#4229,#4684,.T.);
#3512=EDGE_CURVE('',#4230,#4230,#4685,.T.);
#3513=EDGE_CURVE('',#4231,#4231,#4686,.T.);
#3514=EDGE_CURVE('',#4232,#4232,#4687,.T.);
#3515=EDGE_CURVE('',#4233,#4233,#4688,.T.);
#3516=EDGE_CURVE('',#4234,#4234,#4689,.T.);
#3517=EDGE_CURVE('',#4235,#4235,#4690,.T.);
#3518=EDGE_CURVE('',#4199,#4236,#525,.T.);
#3519=EDGE_CURVE('',#4236,#4237,#526,.F.);
#3520=EDGE_CURVE('',#4237,#4238,#527,.T.);
#3521=EDGE_CURVE('',#4238,#4239,#528,.T.);
#3522=EDGE_CURVE('',#4239,#4188,#529,.T.);
#3523=EDGE_CURVE('',#4200,#4187,#4691,.F.);
#3524=EDGE_CURVE('',#4240,#4241,#530,.T.);
#3525=EDGE_CURVE('',#4241,#4242,#531,.T.);
#3526=EDGE_CURVE('',#4242,#4243,#532,.F.);
#3527=EDGE_CURVE('',#4243,#4240,#533,.T.);
#3528=EDGE_CURVE('',#4244,#4244,#4692,.T.);
#3529=EDGE_CURVE('',#4245,#4245,#4693,.T.);
#3530=EDGE_CURVE('',#4246,#4247,#534,.T.);
#3531=EDGE_CURVE('',#4247,#4248,#535,.T.);
#3532=EDGE_CURVE('',#4248,#4249,#536,.F.);
#3533=EDGE_CURVE('',#4249,#4246,#537,.T.);
#3534=EDGE_CURVE('',#4250,#4251,#538,.T.);
#3535=EDGE_CURVE('',#4251,#4252,#539,.T.);
#3536=EDGE_CURVE('',#4252,#4253,#540,.F.);
#3537=EDGE_CURVE('',#4253,#4250,#541,.T.);
#3538=EDGE_CURVE('',#4254,#4254,#4694,.T.);
#3539=EDGE_CURVE('',#4255,#4255,#4695,.T.);
#3540=EDGE_CURVE('',#4256,#4257,#542,.T.);
#3541=EDGE_CURVE('',#4257,#4258,#543,.T.);
#3542=EDGE_CURVE('',#4258,#4259,#544,.F.);
#3543=EDGE_CURVE('',#4259,#4256,#545,.T.);
#3544=EDGE_CURVE('',#4260,#4261,#546,.T.);
#3545=EDGE_CURVE('',#4261,#4262,#547,.T.);
#3546=EDGE_CURVE('',#4262,#4263,#548,.F.);
#3547=EDGE_CURVE('',#4263,#4260,#549,.T.);
#3548=EDGE_CURVE('',#4264,#4265,#550,.T.);
#3549=EDGE_CURVE('',#4265,#4266,#4696,.F.);
#3550=EDGE_CURVE('',#4266,#4267,#551,.T.);
#3551=EDGE_CURVE('',#4267,#4268,#4697,.F.);
#3552=EDGE_CURVE('',#4268,#4269,#552,.T.);
#3553=EDGE_CURVE('',#4269,#4270,#4698,.F.);
#3554=EDGE_CURVE('',#4270,#4271,#553,.T.);
#3555=EDGE_CURVE('',#4271,#4272,#4699,.F.);
#3556=EDGE_CURVE('',#4272,#4273,#554,.T.);
#3557=EDGE_CURVE('',#4273,#4274,#4700,.F.);
#3558=EDGE_CURVE('',#4274,#4275,#555,.T.);
#3559=EDGE_CURVE('',#4275,#4264,#4701,.F.);
#3560=EDGE_CURVE('',#4276,#4277,#4702,.T.);
#3561=EDGE_CURVE('',#4277,#4278,#556,.T.);
#3562=EDGE_CURVE('',#4278,#4279,#557,.T.);
#3563=EDGE_CURVE('',#4279,#4280,#558,.T.);
#3564=EDGE_CURVE('',#4280,#4281,#559,.T.);
#3565=EDGE_CURVE('',#4281,#4282,#560,.T.);
#3566=EDGE_CURVE('',#4282,#4283,#4703,.T.);
#3567=EDGE_CURVE('',#4283,#4276,#561,.T.);
#3568=EDGE_CURVE('',#4236,#4241,#4704,.T.);
#3569=EDGE_CURVE('',#4240,#4237,#4705,.F.);
#3570=EDGE_CURVE('',#4262,#4239,#4706,.T.);
#3571=EDGE_CURVE('',#4238,#4263,#4707,.F.);
#3572=EDGE_CURVE('',#4284,#4195,#562,.T.);
#3573=EDGE_CURVE('',#4285,#4284,#563,.T.);
#3574=EDGE_CURVE('',#4196,#4285,#564,.T.);
#3575=EDGE_CURVE('',#4284,#4228,#565,.T.);
#3576=EDGE_CURVE('',#4285,#4227,#566,.T.);
#3577=EDGE_CURVE('',#4286,#4214,#567,.T.);
#3578=EDGE_CURVE('',#4286,#4191,#568,.T.);
#3579=EDGE_CURVE('',#4192,#4287,#569,.T.);
#3580=EDGE_CURVE('',#4287,#4213,#570,.T.);
#3581=EDGE_CURVE('',#4287,#4286,#571,.T.);
#3582=EDGE_CURVE('',#4288,#4288,#77,.T.);
#3583=EDGE_CURVE('',#4289,#4289,#78,.T.);
#3584=EDGE_CURVE('',#4290,#4290,#79,.T.);
#3585=EDGE_CURVE('',#4291,#4291,#80,.T.);
#3586=EDGE_CURVE('',#4292,#4293,#4708,.T.);
#3587=EDGE_CURVE('',#4294,#4293,#572,.T.);
#3588=EDGE_CURVE('',#4295,#4294,#4709,.T.);
#3589=EDGE_CURVE('',#4295,#4292,#573,.T.);
#3590=EDGE_CURVE('',#4296,#4297,#4710,.T.);
#3591=EDGE_CURVE('',#4297,#4298,#574,.F.);
#3592=EDGE_CURVE('',#4299,#4298,#4711,.T.);
#3593=EDGE_CURVE('',#4299,#4296,#575,.T.);
#3594=EDGE_CURVE('',#4300,#4301,#4712,.T.);
#3595=EDGE_CURVE('',#4301,#4302,#576,.F.);
#3596=EDGE_CURVE('',#4303,#4302,#4713,.T.);
#3597=EDGE_CURVE('',#4303,#4300,#577,.T.);
#3598=EDGE_CURVE('',#4304,#4305,#4714,.T.);
#3599=EDGE_CURVE('',#4306,#4305,#578,.T.);
#3600=EDGE_CURVE('',#4307,#4306,#4715,.T.);
#3601=EDGE_CURVE('',#4307,#4304,#579,.T.);
#3602=EDGE_CURVE('',#4163,#4308,#580,.T.);
#3603=EDGE_CURVE('',#4309,#4308,#581,.T.);
#3604=EDGE_CURVE('',#4309,#4143,#582,.T.);
#3605=EDGE_CURVE('',#4308,#4296,#583,.T.);
#3606=EDGE_CURVE('',#4309,#4299,#584,.T.);
#3607=EDGE_CURVE('',#4124,#4292,#585,.T.);
#3608=EDGE_CURVE('',#4122,#4295,#586,.T.);
#3609=EDGE_CURVE('',#4293,#4304,#587,.T.);
#3610=EDGE_CURVE('',#4294,#4307,#588,.T.);
#3611=EDGE_CURVE('',#4305,#4300,#589,.T.);
#3612=EDGE_CURVE('',#4306,#4303,#590,.T.);
#3613=EDGE_CURVE('',#4128,#4310,#591,.T.);
#3614=EDGE_CURVE('',#4311,#4310,#592,.T.);
#3615=EDGE_CURVE('',#4126,#4311,#593,.T.);
#3616=EDGE_CURVE('',#4310,#4160,#594,.T.);
#3617=EDGE_CURVE('',#4157,#4311,#595,.T.);
#3618=EDGE_CURVE('',#4297,#4123,#4716,.T.);
#3619=EDGE_CURVE('',#4301,#4127,#4717,.T.);
#3620=EDGE_CURVE('',#4312,#4313,#596,.T.);
#3621=EDGE_CURVE('',#4313,#4314,#4718,.T.);
#3622=EDGE_CURVE('',#4315,#4314,#597,.T.);
#3623=EDGE_CURVE('',#4312,#4315,#4719,.T.);
#3624=EDGE_CURVE('',#4314,#4316,#598,.T.);
#3625=EDGE_CURVE('',#4316,#4317,#599,.F.);
#3626=EDGE_CURVE('',#4315,#4317,#600,.T.);
#3627=EDGE_CURVE('',#4318,#4319,#601,.T.);
#3628=EDGE_CURVE('',#4319,#4320,#602,.T.);
#3629=EDGE_CURVE('',#4320,#4321,#603,.F.);
#3630=EDGE_CURVE('',#4318,#4321,#604,.T.);
#3631=EDGE_CURVE('',#4322,#4323,#605,.T.);
#3632=EDGE_CURVE('',#4323,#4324,#606,.T.);
#3633=EDGE_CURVE('',#4324,#4325,#607,.F.);
#3634=EDGE_CURVE('',#4322,#4325,#608,.T.);
#3635=EDGE_CURVE('',#4326,#4327,#609,.T.);
#3636=EDGE_CURVE('',#4327,#4328,#610,.T.);
#3637=EDGE_CURVE('',#4328,#4329,#611,.F.);
#3638=EDGE_CURVE('',#4326,#4329,#612,.T.);
#3639=EDGE_CURVE('',#4330,#4331,#613,.T.);
#3640=EDGE_CURVE('',#4331,#4332,#614,.T.);
#3641=EDGE_CURVE('',#4333,#4332,#615,.T.);
#3642=EDGE_CURVE('',#4330,#4333,#616,.T.);
#3643=EDGE_CURVE('',#4332,#4334,#4720,.T.);
#3644=EDGE_CURVE('',#4335,#4334,#617,.T.);
#3645=EDGE_CURVE('',#4333,#4335,#4721,.T.);
#3646=EDGE_CURVE('',#4334,#4313,#618,.T.);
#3647=EDGE_CURVE('',#4335,#4312,#619,.T.);
#3648=EDGE_CURVE('',#4336,#4337,#4722,.F.);
#3649=EDGE_CURVE('',#4337,#4338,#620,.T.);
#3650=EDGE_CURVE('',#4338,#4339,#4723,.F.);
#3651=EDGE_CURVE('',#4339,#4340,#621,.T.);
#3652=EDGE_CURVE('',#4340,#4341,#4724,.F.);
#3653=EDGE_CURVE('',#4341,#4342,#622,.T.);
#3654=EDGE_CURVE('',#4342,#4343,#4725,.F.);
#3655=EDGE_CURVE('',#4343,#4344,#623,.T.);
#3656=EDGE_CURVE('',#4344,#4345,#4726,.F.);
#3657=EDGE_CURVE('',#4345,#4346,#624,.T.);
#3658=EDGE_CURVE('',#4346,#4347,#4727,.F.);
#3659=EDGE_CURVE('',#4347,#4336,#625,.T.);
#3660=EDGE_CURVE('',#4348,#4348,#4728,.T.);
#3661=EDGE_CURVE('',#4349,#4349,#4729,.T.);
#3662=EDGE_CURVE('',#4350,#4350,#4730,.T.);
#3663=EDGE_CURVE('',#4351,#4351,#4731,.T.);
#3664=EDGE_CURVE('',#4329,#4330,#4732,.T.);
#3665=EDGE_CURVE('',#4317,#4318,#4733,.T.);
#3666=EDGE_CURVE('',#4321,#4322,#4734,.T.);
#3667=EDGE_CURVE('',#4325,#4326,#4735,.T.);
#3668=EDGE_CURVE('',#4125,#4302,#81,.T.);
#3669=EDGE_CURVE('',#4121,#4298,#82,.T.);
#3670=EDGE_CURVE('',#4316,#4319,#4736,.T.);
#3671=EDGE_CURVE('',#4320,#4323,#4737,.T.);
#3672=EDGE_CURVE('',#4324,#4327,#4738,.T.);
#3673=EDGE_CURVE('',#4328,#4331,#4739,.T.);
#3674=EDGE_CURVE('',#4126,#4159,#626,.T.);
#3675=EDGE_CURVE('',#4303,#4148,#627,.T.);
#3676=EDGE_CURVE('',#4306,#4151,#628,.T.);
#3677=EDGE_CURVE('',#4307,#4152,#629,.T.);
#3678=EDGE_CURVE('',#4294,#4155,#630,.T.);
#3679=EDGE_CURVE('',#4295,#4144,#631,.T.);
#3680=EDGE_CURVE('',#4122,#4147,#632,.T.);
#3681=EDGE_CURVE('',#4299,#4140,#633,.T.);
#3682=EDGE_CURVE('',#4242,#4247,#4740,.T.);
#3683=EDGE_CURVE('',#4246,#4352,#23,.F.);
#3684=EDGE_CURVE('',#4352,#4243,#24,.F.);
#3685=EDGE_CURVE('',#4252,#4257,#4741,.T.);
#3686=EDGE_CURVE('',#4256,#4353,#25,.F.);
#3687=EDGE_CURVE('',#4353,#4253,#26,.F.);
#3688=EDGE_CURVE('',#4258,#4261,#4742,.T.);
#3689=EDGE_CURVE('',#4260,#4354,#27,.F.);
#3690=EDGE_CURVE('',#4354,#4259,#28,.F.);
#3691=EDGE_CURVE('',#4248,#4251,#4743,.T.);
#3692=EDGE_CURVE('',#4250,#4355,#29,.F.);
#3693=EDGE_CURVE('',#4355,#4249,#30,.F.);
#3694=EDGE_CURVE('',#4282,#4263,#634,.T.);
#3695=EDGE_CURVE('',#4354,#4281,#635,.T.);
#3696=EDGE_CURVE('',#4283,#4238,#636,.T.);
#3697=EDGE_CURVE('',#4353,#4280,#637,.T.);
#3698=EDGE_CURVE('',#4276,#4237,#638,.T.);
#3699=EDGE_CURVE('',#4355,#4279,#639,.T.);
#3700=EDGE_CURVE('',#4277,#4240,#640,.T.);
#3701=EDGE_CURVE('',#4352,#4278,#641,.F.);
#3702=EDGE_CURVE('',#4344,#4145,#642,.T.);
#3703=EDGE_CURVE('',#4146,#4343,#643,.T.);
#3704=EDGE_CURVE('',#4141,#4342,#644,.T.);
#3705=EDGE_CURVE('',#4345,#4154,#645,.T.);
#3706=EDGE_CURVE('',#4142,#4341,#646,.T.);
#3707=EDGE_CURVE('',#4346,#4153,#647,.T.);
#3708=EDGE_CURVE('',#4132,#4340,#648,.T.);
#3709=EDGE_CURVE('',#4347,#4150,#649,.T.);
#3710=EDGE_CURVE('',#4134,#4339,#650,.T.);
#3711=EDGE_CURVE('',#4336,#4149,#651,.T.);
#3712=EDGE_CURVE('',#4156,#4338,#652,.T.);
#3713=EDGE_CURVE('',#4337,#4158,#653,.T.);
#3714=EDGE_CURVE('',#4331,#4271,#654,.T.);
#3715=EDGE_CURVE('',#4272,#4328,#655,.T.);
#3716=EDGE_CURVE('',#4273,#4327,#656,.T.);
#3717=EDGE_CURVE('',#4332,#4270,#657,.T.);
#3718=EDGE_CURVE('',#4274,#4324,#658,.T.);
#3719=EDGE_CURVE('',#4334,#4269,#659,.T.);
#3720=EDGE_CURVE('',#4275,#4323,#660,.T.);
#3721=EDGE_CURVE('',#4313,#4268,#661,.T.);
#3722=EDGE_CURVE('',#4264,#4320,#662,.T.);
#3723=EDGE_CURVE('',#4314,#4267,#663,.T.);
#3724=EDGE_CURVE('',#4265,#4319,#664,.T.);
#3725=EDGE_CURVE('',#4316,#4266,#665,.T.);
#3726=EDGE_CURVE('',#4133,#4212,#666,.T.);
#3727=EDGE_CURVE('',#4162,#4211,#667,.T.);
#3728=EDGE_CURVE('',#4164,#4210,#668,.T.);
#3729=EDGE_CURVE('',#4166,#4209,#669,.T.);
#3730=EDGE_CURVE('',#4168,#4208,#670,.T.);
#3731=EDGE_CURVE('',#4174,#4207,#671,.T.);
#3732=EDGE_CURVE('',#4176,#4206,#672,.T.);
#3733=EDGE_CURVE('',#4170,#4205,#673,.T.);
#3734=EDGE_CURVE('',#4172,#4204,#674,.T.);
#3735=EDGE_CURVE('',#4178,#4203,#675,.T.);
#3736=EDGE_CURVE('',#4161,#4202,#676,.T.);
#3737=EDGE_CURVE('',#4135,#4201,#677,.T.);
#3738=EDGE_CURVE('',#4215,#4239,#678,.T.);
#3739=EDGE_CURVE('',#4216,#4262,#679,.T.);
#3740=EDGE_CURVE('',#4217,#4261,#680,.T.);
#3741=EDGE_CURVE('',#4218,#4258,#681,.T.);
#3742=EDGE_CURVE('',#4219,#4257,#682,.T.);
#3743=EDGE_CURVE('',#4220,#4252,#683,.T.);
#3744=EDGE_CURVE('',#4221,#4251,#684,.T.);
#3745=EDGE_CURVE('',#4222,#4248,#685,.T.);
#3746=EDGE_CURVE('',#4223,#4247,#686,.T.);
#3747=EDGE_CURVE('',#4224,#4242,#687,.T.);
#3748=EDGE_CURVE('',#4225,#4241,#688,.T.);
#3749=EDGE_CURVE('',#4226,#4236,#689,.T.);
#3750=EDGE_CURVE('',#4356,#4357,#4744,.T.);
#3751=EDGE_CURVE('',#4358,#4356,#690,.T.);
#3752=EDGE_CURVE('',#4358,#4359,#4745,.T.);
#3753=EDGE_CURVE('',#4359,#4357,#691,.T.);
#3754=EDGE_CURVE('',#4357,#4360,#692,.T.);
#3755=EDGE_CURVE('',#4359,#4361,#693,.T.);
#3756=EDGE_CURVE('',#4361,#4360,#694,.T.);
#3757=EDGE_CURVE('',#4360,#4362,#4746,.T.);
#3758=EDGE_CURVE('',#4361,#4363,#4747,.T.);
#3759=EDGE_CURVE('',#4363,#4362,#695,.T.);
#3760=EDGE_CURVE('',#4362,#4364,#696,.T.);
#3761=EDGE_CURVE('',#4363,#4365,#697,.T.);
#3762=EDGE_CURVE('',#4365,#4364,#698,.T.);
#3763=EDGE_CURVE('',#4364,#4366,#4748,.T.);
#3764=EDGE_CURVE('',#4365,#4367,#4749,.T.);
#3765=EDGE_CURVE('',#4367,#4366,#699,.T.);
#3766=EDGE_CURVE('',#4366,#4368,#700,.T.);
#3767=EDGE_CURVE('',#4367,#4369,#701,.T.);
#3768=EDGE_CURVE('',#4369,#4368,#702,.T.);
#3769=EDGE_CURVE('',#4368,#4370,#4750,.T.);
#3770=EDGE_CURVE('',#4369,#4371,#4751,.T.);
#3771=EDGE_CURVE('',#4371,#4370,#703,.T.);
#3772=EDGE_CURVE('',#4370,#4372,#704,.T.);
#3773=EDGE_CURVE('',#4371,#4373,#705,.T.);
#3774=EDGE_CURVE('',#4373,#4372,#706,.T.);
#3775=EDGE_CURVE('',#4372,#4374,#4752,.T.);
#3776=EDGE_CURVE('',#4373,#4375,#4753,.T.);
#3777=EDGE_CURVE('',#4375,#4374,#707,.T.);
#3778=EDGE_CURVE('',#4374,#4376,#708,.T.);
#3779=EDGE_CURVE('',#4375,#4377,#709,.T.);
#3780=EDGE_CURVE('',#4377,#4376,#710,.T.);
#3781=EDGE_CURVE('',#4376,#4378,#4754,.T.);
#3782=EDGE_CURVE('',#4377,#4379,#4755,.T.);
#3783=EDGE_CURVE('',#4379,#4378,#711,.T.);
#3784=EDGE_CURVE('',#4378,#4356,#712,.T.);
#3785=EDGE_CURVE('',#4379,#4358,#713,.T.);
#3786=EDGE_CURVE('',#4380,#4380,#4756,.T.);
#3787=EDGE_CURVE('',#4381,#4381,#4757,.T.);
#3788=EDGE_CURVE('',#4382,#4382,#4758,.T.);
#3789=EDGE_CURVE('',#4383,#4383,#4759,.T.);
#3790=EDGE_CURVE('',#4384,#4384,#4760,.T.);
#3791=EDGE_CURVE('',#4385,#4385,#4761,.T.);
#3792=EDGE_CURVE('',#4386,#4386,#4762,.T.);
#3793=EDGE_CURVE('',#4387,#4387,#4763,.T.);
#3794=EDGE_CURVE('',#4388,#4388,#4764,.T.);
#3795=EDGE_CURVE('',#4389,#4389,#4765,.T.);
#3796=EDGE_CURVE('',#4390,#4390,#4766,.T.);
#3797=EDGE_CURVE('',#4391,#4391,#4767,.T.);
#3798=EDGE_CURVE('',#4392,#4392,#4768,.T.);
#3799=EDGE_CURVE('',#4393,#4393,#4769,.T.);
#3800=EDGE_CURVE('',#4394,#4394,#4770,.T.);
#3801=EDGE_CURVE('',#4395,#4395,#4771,.T.);
#3802=EDGE_CURVE('',#4396,#4396,#4772,.T.);
#3803=EDGE_CURVE('',#4397,#4397,#4773,.T.);
#3804=EDGE_CURVE('',#4398,#4398,#4774,.T.);
#3805=EDGE_CURVE('',#4399,#4399,#4775,.T.);
#3806=EDGE_CURVE('',#4400,#4400,#4776,.T.);
#3807=EDGE_CURVE('',#4401,#4401,#4777,.T.);
#3808=EDGE_CURVE('',#4402,#4402,#4778,.T.);
#3809=EDGE_CURVE('',#4403,#4403,#4779,.T.);
#3810=EDGE_CURVE('',#4404,#4405,#4780,.T.);
#3811=EDGE_CURVE('',#4406,#4405,#714,.T.);
#3812=EDGE_CURVE('',#4407,#4406,#4781,.T.);
#3813=EDGE_CURVE('',#4407,#4404,#715,.T.);
#3814=EDGE_CURVE('',#4405,#4408,#716,.T.);
#3815=EDGE_CURVE('',#4409,#4408,#717,.T.);
#3816=EDGE_CURVE('',#4406,#4409,#718,.T.);
#3817=EDGE_CURVE('',#4408,#4410,#4782,.T.);
#3818=EDGE_CURVE('',#4411,#4410,#719,.T.);
#3819=EDGE_CURVE('',#4409,#4411,#4783,.T.);
#3820=EDGE_CURVE('',#4410,#4412,#720,.T.);
#3821=EDGE_CURVE('',#4413,#4412,#721,.T.);
#3822=EDGE_CURVE('',#4411,#4413,#722,.T.);
#3823=EDGE_CURVE('',#4412,#4414,#4784,.T.);
#3824=EDGE_CURVE('',#4415,#4414,#723,.T.);
#3825=EDGE_CURVE('',#4413,#4415,#4785,.T.);
#3826=EDGE_CURVE('',#4414,#4416,#724,.T.);
#3827=EDGE_CURVE('',#4417,#4416,#725,.T.);
#3828=EDGE_CURVE('',#4415,#4417,#726,.T.);
#3829=EDGE_CURVE('',#4416,#4418,#4786,.T.);
#3830=EDGE_CURVE('',#4419,#4418,#727,.T.);
#3831=EDGE_CURVE('',#4417,#4419,#4787,.T.);
#3832=EDGE_CURVE('',#4418,#4420,#728,.T.);
#3833=EDGE_CURVE('',#4421,#4420,#729,.T.);
#3834=EDGE_CURVE('',#4419,#4421,#730,.T.);
#3835=EDGE_CURVE('',#4420,#4422,#4788,.T.);
#3836=EDGE_CURVE('',#4423,#4422,#731,.T.);
#3837=EDGE_CURVE('',#4421,#4423,#4789,.T.);
#3838=EDGE_CURVE('',#4422,#4424,#732,.T.);
#3839=EDGE_CURVE('',#4425,#4424,#733,.T.);
#3840=EDGE_CURVE('',#4423,#4425,#734,.T.);
#3841=EDGE_CURVE('',#4424,#4426,#4790,.T.);
#3842=EDGE_CURVE('',#4427,#4426,#735,.T.);
#3843=EDGE_CURVE('',#4425,#4427,#4791,.T.);
#3844=EDGE_CURVE('',#4426,#4404,#736,.T.);
#3845=EDGE_CURVE('',#4427,#4407,#737,.T.);
#3846=EDGE_CURVE('',#4428,#4428,#4792,.T.);
#3847=EDGE_CURVE('',#4429,#4429,#4793,.T.);
#3848=EDGE_CURVE('',#4430,#4430,#4794,.T.);
#3849=EDGE_CURVE('',#4431,#4431,#4795,.T.);
#3850=EDGE_CURVE('',#4432,#4432,#4796,.T.);
#3851=EDGE_CURVE('',#4433,#4433,#4797,.F.);
#3852=EDGE_CURVE('',#4434,#4434,#4798,.T.);
#3853=EDGE_CURVE('',#4435,#4435,#4799,.T.);
#3854=EDGE_CURVE('',#4436,#4436,#4800,.T.);
#3855=EDGE_CURVE('',#4437,#4437,#4801,.T.);
#3856=EDGE_CURVE('',#4438,#4438,#4802,.T.);
#3857=EDGE_CURVE('',#4439,#4439,#4803,.T.);
#3858=EDGE_CURVE('',#4440,#4440,#4804,.T.);
#3859=EDGE_CURVE('',#4441,#4441,#4805,.T.);
#3860=VERTEX_POINT('',#10304);
#3861=VERTEX_POINT('',#10306);
#3862=VERTEX_POINT('',#10310);
#3863=VERTEX_POINT('',#10312);
#3864=VERTEX_POINT('',#10316);
#3865=VERTEX_POINT('',#10317);
#3866=VERTEX_POINT('',#10319);
#3867=VERTEX_POINT('',#10321);
#3868=VERTEX_POINT('',#10325);
#3869=VERTEX_POINT('',#10327);
#3870=VERTEX_POINT('',#10331);
#3871=VERTEX_POINT('',#10333);
#3872=VERTEX_POINT('',#10340);
#3873=VERTEX_POINT('',#10341);
#3874=VERTEX_POINT('',#10343);
#3875=VERTEX_POINT('',#10345);
#3876=VERTEX_POINT('',#10349);
#3877=VERTEX_POINT('',#10351);
#3878=VERTEX_POINT('',#10355);
#3879=VERTEX_POINT('',#10357);
#3880=VERTEX_POINT('',#10364);
#3881=VERTEX_POINT('',#10365);
#3882=VERTEX_POINT('',#10367);
#3883=VERTEX_POINT('',#10369);
#3884=VERTEX_POINT('',#10373);
#3885=VERTEX_POINT('',#10375);
#3886=VERTEX_POINT('',#10379);
#3887=VERTEX_POINT('',#10381);
#3888=VERTEX_POINT('',#10388);
#3889=VERTEX_POINT('',#10389);
#3890=VERTEX_POINT('',#10391);
#3891=VERTEX_POINT('',#10393);
#3892=VERTEX_POINT('',#10397);
#3893=VERTEX_POINT('',#10399);
#3894=VERTEX_POINT('',#10403);
#3895=VERTEX_POINT('',#10405);
#3896=VERTEX_POINT('',#10412);
#3897=VERTEX_POINT('',#10414);
#3898=VERTEX_POINT('',#10418);
#3899=VERTEX_POINT('',#10420);
#3900=VERTEX_POINT('',#10424);
#3901=VERTEX_POINT('',#10426);
#3902=VERTEX_POINT('',#10430);
#3903=VERTEX_POINT('',#10432);
#3904=VERTEX_POINT('',#10436);
#3905=VERTEX_POINT('',#10438);
#3906=VERTEX_POINT('',#10442);
#3907=VERTEX_POINT('',#10444);
#3908=VERTEX_POINT('',#10448);
#3909=VERTEX_POINT('',#10450);
#3910=VERTEX_POINT('',#10454);
#3911=VERTEX_POINT('',#10456);
#3912=VERTEX_POINT('',#10460);
#3913=VERTEX_POINT('',#10462);
#3914=VERTEX_POINT('',#10466);
#3915=VERTEX_POINT('',#10468);
#3916=VERTEX_POINT('',#10472);
#3917=VERTEX_POINT('',#10474);
#3918=VERTEX_POINT('',#10478);
#3919=VERTEX_POINT('',#10480);
#3920=VERTEX_POINT('',#10484);
#3921=VERTEX_POINT('',#10486);
#3922=VERTEX_POINT('',#10490);
#3923=VERTEX_POINT('',#10492);
#3924=VERTEX_POINT('',#10496);
#3925=VERTEX_POINT('',#10498);
#3926=VERTEX_POINT('',#10502);
#3927=VERTEX_POINT('',#10504);
#3928=VERTEX_POINT('',#10508);
#3929=VERTEX_POINT('',#10510);
#3930=VERTEX_POINT('',#10514);
#3931=VERTEX_POINT('',#10516);
#3932=VERTEX_POINT('',#10520);
#3933=VERTEX_POINT('',#10522);
#3934=VERTEX_POINT('',#10526);
#3935=VERTEX_POINT('',#10528);
#3936=VERTEX_POINT('',#10532);
#3937=VERTEX_POINT('',#10534);
#3938=VERTEX_POINT('',#10538);
#3939=VERTEX_POINT('',#10540);
#3940=VERTEX_POINT('',#10544);
#3941=VERTEX_POINT('',#10546);
#3942=VERTEX_POINT('',#10550);
#3943=VERTEX_POINT('',#10552);
#3944=VERTEX_POINT('',#10556);
#3945=VERTEX_POINT('',#10558);
#3946=VERTEX_POINT('',#10562);
#3947=VERTEX_POINT('',#10564);
#3948=VERTEX_POINT('',#10568);
#3949=VERTEX_POINT('',#10570);
#3950=VERTEX_POINT('',#10574);
#3951=VERTEX_POINT('',#10576);
#3952=VERTEX_POINT('',#10580);
#3953=VERTEX_POINT('',#10582);
#3954=VERTEX_POINT('',#10586);
#3955=VERTEX_POINT('',#10588);
#3956=VERTEX_POINT('',#10592);
#3957=VERTEX_POINT('',#10594);
#3958=VERTEX_POINT('',#10598);
#3959=VERTEX_POINT('',#10600);
#3960=VERTEX_POINT('',#10604);
#3961=VERTEX_POINT('',#10606);
#3962=VERTEX_POINT('',#10610);
#3963=VERTEX_POINT('',#10612);
#3964=VERTEX_POINT('',#10616);
#3965=VERTEX_POINT('',#10618);
#3966=VERTEX_POINT('',#10622);
#3967=VERTEX_POINT('',#10624);
#3968=VERTEX_POINT('',#10628);
#3969=VERTEX_POINT('',#10630);
#3970=VERTEX_POINT('',#10634);
#3971=VERTEX_POINT('',#10636);
#3972=VERTEX_POINT('',#10640);
#3973=VERTEX_POINT('',#10642);
#3974=VERTEX_POINT('',#10646);
#3975=VERTEX_POINT('',#10648);
#3976=VERTEX_POINT('',#10652);
#3977=VERTEX_POINT('',#10654);
#3978=VERTEX_POINT('',#10658);
#3979=VERTEX_POINT('',#10660);
#3980=VERTEX_POINT('',#10664);
#3981=VERTEX_POINT('',#10666);
#3982=VERTEX_POINT('',#10670);
#3983=VERTEX_POINT('',#10672);
#3984=VERTEX_POINT('',#10676);
#3985=VERTEX_POINT('',#10678);
#3986=VERTEX_POINT('',#10682);
#3987=VERTEX_POINT('',#10684);
#3988=VERTEX_POINT('',#10688);
#3989=VERTEX_POINT('',#10690);
#3990=VERTEX_POINT('',#10694);
#3991=VERTEX_POINT('',#10696);
#3992=VERTEX_POINT('',#10700);
#3993=VERTEX_POINT('',#10702);
#3994=VERTEX_POINT('',#10706);
#3995=VERTEX_POINT('',#10708);
#3996=VERTEX_POINT('',#10712);
#3997=VERTEX_POINT('',#10714);
#3998=VERTEX_POINT('',#10718);
#3999=VERTEX_POINT('',#10720);
#4000=VERTEX_POINT('',#10724);
#4001=VERTEX_POINT('',#10726);
#4002=VERTEX_POINT('',#10730);
#4003=VERTEX_POINT('',#10732);
#4004=VERTEX_POINT('',#10736);
#4005=VERTEX_POINT('',#10738);
#4006=VERTEX_POINT('',#10742);
#4007=VERTEX_POINT('',#10744);
#4008=VERTEX_POINT('',#10748);
#4009=VERTEX_POINT('',#10749);
#4010=VERTEX_POINT('',#10751);
#4011=VERTEX_POINT('',#10753);
#4012=VERTEX_POINT('',#10757);
#4013=VERTEX_POINT('',#10759);
#4014=VERTEX_POINT('',#10763);
#4015=VERTEX_POINT('',#10765);
#4016=VERTEX_POINT('',#10772);
#4017=VERTEX_POINT('',#10773);
#4018=VERTEX_POINT('',#10775);
#4019=VERTEX_POINT('',#10777);
#4020=VERTEX_POINT('',#10781);
#4021=VERTEX_POINT('',#10783);
#4022=VERTEX_POINT('',#10787);
#4023=VERTEX_POINT('',#10789);
#4024=VERTEX_POINT('',#10796);
#4025=VERTEX_POINT('',#10798);
#4026=VERTEX_POINT('',#10802);
#4027=VERTEX_POINT('',#10804);
#4028=VERTEX_POINT('',#10808);
#4029=VERTEX_POINT('',#10809);
#4030=VERTEX_POINT('',#10811);
#4031=VERTEX_POINT('',#10813);
#4032=VERTEX_POINT('',#10817);
#4033=VERTEX_POINT('',#10819);
#4034=VERTEX_POINT('',#10823);
#4035=VERTEX_POINT('',#10825);
#4036=VERTEX_POINT('',#10832);
#4037=VERTEX_POINT('',#10833);
#4038=VERTEX_POINT('',#10835);
#4039=VERTEX_POINT('',#10837);
#4040=VERTEX_POINT('',#10841);
#4041=VERTEX_POINT('',#10843);
#4042=VERTEX_POINT('',#10847);
#4043=VERTEX_POINT('',#10849);
#4044=VERTEX_POINT('',#10856);
#4045=VERTEX_POINT('',#10858);
#4046=VERTEX_POINT('',#10862);
#4047=VERTEX_POINT('',#10864);
#4048=VERTEX_POINT('',#10868);
#4049=VERTEX_POINT('',#10870);
#4050=VERTEX_POINT('',#10874);
#4051=VERTEX_POINT('',#10876);
#4052=VERTEX_POINT('',#10880);
#4053=VERTEX_POINT('',#10882);
#4054=VERTEX_POINT('',#10886);
#4055=VERTEX_POINT('',#10888);
#4056=VERTEX_POINT('',#10892);
#4057=VERTEX_POINT('',#10894);
#4058=VERTEX_POINT('',#10898);
#4059=VERTEX_POINT('',#10900);
#4060=VERTEX_POINT('',#10904);
#4061=VERTEX_POINT('',#10905);
#4062=VERTEX_POINT('',#10907);
#4063=VERTEX_POINT('',#10909);
#4064=VERTEX_POINT('',#10913);
#4065=VERTEX_POINT('',#10915);
#4066=VERTEX_POINT('',#10919);
#4067=VERTEX_POINT('',#10921);
#4068=VERTEX_POINT('',#10928);
#4069=VERTEX_POINT('',#10929);
#4070=VERTEX_POINT('',#10931);
#4071=VERTEX_POINT('',#10933);
#4072=VERTEX_POINT('',#10937);
#4073=VERTEX_POINT('',#10939);
#4074=VERTEX_POINT('',#10943);
#4075=VERTEX_POINT('',#10945);
#4076=VERTEX_POINT('',#10952);
#4077=VERTEX_POINT('',#10953);
#4078=VERTEX_POINT('',#10955);
#4079=VERTEX_POINT('',#10957);
#4080=VERTEX_POINT('',#10961);
#4081=VERTEX_POINT('',#10963);
#4082=VERTEX_POINT('',#10967);
#4083=VERTEX_POINT('',#10969);
#4084=VERTEX_POINT('',#10976);
#4085=VERTEX_POINT('',#10978);
#4086=VERTEX_POINT('',#10982);
#4087=VERTEX_POINT('',#10983);
#4088=VERTEX_POINT('',#10985);
#4089=VERTEX_POINT('',#10987);
#4090=VERTEX_POINT('',#10991);
#4091=VERTEX_POINT('',#10993);
#4092=VERTEX_POINT('',#10997);
#4093=VERTEX_POINT('',#10999);
#4094=VERTEX_POINT('',#11006);
#4095=VERTEX_POINT('',#11007);
#4096=VERTEX_POINT('',#11009);
#4097=VERTEX_POINT('',#11011);
#4098=VERTEX_POINT('',#11015);
#4099=VERTEX_POINT('',#11017);
#4100=VERTEX_POINT('',#11021);
#4101=VERTEX_POINT('',#11023);
#4102=VERTEX_POINT('',#11030);
#4103=VERTEX_POINT('',#11032);
#4104=VERTEX_POINT('',#11036);
#4105=VERTEX_POINT('',#11037);
#4106=VERTEX_POINT('',#11039);
#4107=VERTEX_POINT('',#11041);
#4108=VERTEX_POINT('',#11045);
#4109=VERTEX_POINT('',#11046);
#4110=VERTEX_POINT('',#11051);
#4111=VERTEX_POINT('',#11053);
#4112=VERTEX_POINT('',#11057);
#4113=VERTEX_POINT('',#11058);
#4114=VERTEX_POINT('',#11063);
#4115=VERTEX_POINT('',#11065);
#4116=VERTEX_POINT('',#11069);
#4117=VERTEX_POINT('',#11070);
#4118=VERTEX_POINT('',#11075);
#4119=VERTEX_POINT('',#11077);
#4120=VERTEX_POINT('',#11099);
#4121=VERTEX_POINT('',#11101);
#4122=VERTEX_POINT('',#11102);
#4123=VERTEX_POINT('',#11104);
#4124=VERTEX_POINT('',#11106);
#4125=VERTEX_POINT('',#11110);
#4126=VERTEX_POINT('',#11111);
#4127=VERTEX_POINT('',#11113);
#4128=VERTEX_POINT('',#11115);
#4129=VERTEX_POINT('',#11119);
#4130=VERTEX_POINT('',#11121);
#4131=VERTEX_POINT('',#11123);
#4132=VERTEX_POINT('',#11125);
#4133=VERTEX_POINT('',#11126);
#4134=VERTEX_POINT('',#11128);
#4135=VERTEX_POINT('',#11130);
#4136=VERTEX_POINT('',#11132);
#4137=VERTEX_POINT('',#11134);
#4138=VERTEX_POINT('',#11136);
#4139=VERTEX_POINT('',#11138);
#4140=VERTEX_POINT('',#11142);
#4141=VERTEX_POINT('',#11143);
#4142=VERTEX_POINT('',#11145);
#4143=VERTEX_POINT('',#11147);
#4144=VERTEX_POINT('',#11151);
#4145=VERTEX_POINT('',#11152);
#4146=VERTEX_POINT('',#11154);
#4147=VERTEX_POINT('',#11156);
#4148=VERTEX_POINT('',#11160);
#4149=VERTEX_POINT('',#11161);
#4150=VERTEX_POINT('',#11163);
#4151=VERTEX_POINT('',#11165);
#4152=VERTEX_POINT('',#11169);
#4153=VERTEX_POINT('',#11170);
#4154=VERTEX_POINT('',#11172);
#4155=VERTEX_POINT('',#11174);
#4156=VERTEX_POINT('',#11178);
#4157=VERTEX_POINT('',#11179);
#4158=VERTEX_POINT('',#11181);
#4159=VERTEX_POINT('',#11183);
#4160=VERTEX_POINT('',#11188);
#4161=VERTEX_POINT('',#11190);
#4162=VERTEX_POINT('',#11195);
#4163=VERTEX_POINT('',#11197);
#4164=VERTEX_POINT('',#11213);
#4165=VERTEX_POINT('',#11215);
#4166=VERTEX_POINT('',#11219);
#4167=VERTEX_POINT('',#11220);
#4168=VERTEX_POINT('',#11222);
#4169=VERTEX_POINT('',#11224);
#4170=VERTEX_POINT('',#11228);
#4171=VERTEX_POINT('',#11229);
#4172=VERTEX_POINT('',#11231);
#4173=VERTEX_POINT('',#11233);
#4174=VERTEX_POINT('',#11237);
#4175=VERTEX_POINT('',#11238);
#4176=VERTEX_POINT('',#11240);
#4177=VERTEX_POINT('',#11242);
#4178=VERTEX_POINT('',#11246);
#4179=VERTEX_POINT('',#11247);
#4180=VERTEX_POINT('',#11274);
#4181=VERTEX_POINT('',#11286);
#4182=VERTEX_POINT('',#11308);
#4183=VERTEX_POINT('',#11310);
#4184=VERTEX_POINT('',#11313);
#4185=VERTEX_POINT('',#11316);
#4186=VERTEX_POINT('',#11317);
#4187=VERTEX_POINT('',#11320);
#4188=VERTEX_POINT('',#11322);
#4189=VERTEX_POINT('',#11324);
#4190=VERTEX_POINT('',#11326);
#4191=VERTEX_POINT('',#11328);
#4192=VERTEX_POINT('',#11330);
#4193=VERTEX_POINT('',#11334);
#4194=VERTEX_POINT('',#11336);
#4195=VERTEX_POINT('',#11338);
#4196=VERTEX_POINT('',#11340);
#4197=VERTEX_POINT('',#11342);
#4198=VERTEX_POINT('',#11344);
#4199=VERTEX_POINT('',#11346);
#4200=VERTEX_POINT('',#11348);
#4201=VERTEX_POINT('',#11352);
#4202=VERTEX_POINT('',#11354);
#4203=VERTEX_POINT('',#11356);
#4204=VERTEX_POINT('',#11358);
#4205=VERTEX_POINT('',#11360);
#4206=VERTEX_POINT('',#11362);
#4207=VERTEX_POINT('',#11364);
#4208=VERTEX_POINT('',#11366);
#4209=VERTEX_POINT('',#11368);
#4210=VERTEX_POINT('',#11370);
#4211=VERTEX_POINT('',#11372);
#4212=VERTEX_POINT('',#11374);
#4213=VERTEX_POINT('',#11377);
#4214=VERTEX_POINT('',#11379);
#4215=VERTEX_POINT('',#11382);
#4216=VERTEX_POINT('',#11384);
#4217=VERTEX_POINT('',#11386);
#4218=VERTEX_POINT('',#11388);
#4219=VERTEX_POINT('',#11390);
#4220=VERTEX_POINT('',#11392);
#4221=VERTEX_POINT('',#11394);
#4222=VERTEX_POINT('',#11396);
#4223=VERTEX_POINT('',#11398);
#4224=VERTEX_POINT('',#11400);
#4225=VERTEX_POINT('',#11402);
#4226=VERTEX_POINT('',#11404);
#4227=VERTEX_POINT('',#11407);
#4228=VERTEX_POINT('',#11409);
#4229=VERTEX_POINT('',#11412);
#4230=VERTEX_POINT('',#11414);
#4231=VERTEX_POINT('',#11416);
#4232=VERTEX_POINT('',#11418);
#4233=VERTEX_POINT('',#11421);
#4234=VERTEX_POINT('',#11423);
#4235=VERTEX_POINT('',#11425);
#4236=VERTEX_POINT('',#11427);
#4237=VERTEX_POINT('',#11429);
#4238=VERTEX_POINT('',#11431);
#4239=VERTEX_POINT('',#11433);
#4240=VERTEX_POINT('',#11438);
#4241=VERTEX_POINT('',#11439);
#4242=VERTEX_POINT('',#11441);
#4243=VERTEX_POINT('',#11443);
#4244=VERTEX_POINT('',#11447);
#4245=VERTEX_POINT('',#11449);
#4246=VERTEX_POINT('',#11451);
#4247=VERTEX_POINT('',#11452);
#4248=VERTEX_POINT('',#11454);
#4249=VERTEX_POINT('',#11456);
#4250=VERTEX_POINT('',#11460);
#4251=VERTEX_POINT('',#11461);
#4252=VERTEX_POINT('',#11463);
#4253=VERTEX_POINT('',#11465);
#4254=VERTEX_POINT('',#11469);
#4255=VERTEX_POINT('',#11471);
#4256=VERTEX_POINT('',#11473);
#4257=VERTEX_POINT('',#11474);
#4258=VERTEX_POINT('',#11476);
#4259=VERTEX_POINT('',#11478);
#4260=VERTEX_POINT('',#11482);
#4261=VERTEX_POINT('',#11483);
#4262=VERTEX_POINT('',#11485);
#4263=VERTEX_POINT('',#11487);
#4264=VERTEX_POINT('',#11491);
#4265=VERTEX_POINT('',#11492);
#4266=VERTEX_POINT('',#11494);
#4267=VERTEX_POINT('',#11496);
#4268=VERTEX_POINT('',#11498);
#4269=VERTEX_POINT('',#11500);
#4270=VERTEX_POINT('',#11502);
#4271=VERTEX_POINT('',#11504);
#4272=VERTEX_POINT('',#11506);
#4273=VERTEX_POINT('',#11508);
#4274=VERTEX_POINT('',#11510);
#4275=VERTEX_POINT('',#11512);
#4276=VERTEX_POINT('',#11515);
#4277=VERTEX_POINT('',#11516);
#4278=VERTEX_POINT('',#11518);
#4279=VERTEX_POINT('',#11520);
#4280=VERTEX_POINT('',#11522);
#4281=VERTEX_POINT('',#11524);
#4282=VERTEX_POINT('',#11526);
#4283=VERTEX_POINT('',#11528);
#4284=VERTEX_POINT('',#11539);
#4285=VERTEX_POINT('',#11541);
#4286=VERTEX_POINT('',#11550);
#4287=VERTEX_POINT('',#11554);
#4288=VERTEX_POINT('',#11574);
#4289=VERTEX_POINT('',#11588);
#4290=VERTEX_POINT('',#11600);
#4291=VERTEX_POINT('',#11622);
#4292=VERTEX_POINT('',#11625);
#4293=VERTEX_POINT('',#11626);
#4294=VERTEX_POINT('',#11628);
#4295=VERTEX_POINT('',#11630);
#4296=VERTEX_POINT('',#11634);
#4297=VERTEX_POINT('',#11635);
#4298=VERTEX_POINT('',#11637);
#4299=VERTEX_POINT('',#11639);
#4300=VERTEX_POINT('',#11643);
#4301=VERTEX_POINT('',#11644);
#4302=VERTEX_POINT('',#11646);
#4303=VERTEX_POINT('',#11648);
#4304=VERTEX_POINT('',#11652);
#4305=VERTEX_POINT('',#11653);
#4306=VERTEX_POINT('',#11655);
#4307=VERTEX_POINT('',#11657);
#4308=VERTEX_POINT('',#11661);
#4309=VERTEX_POINT('',#11663);
#4310=VERTEX_POINT('',#11679);
#4311=VERTEX_POINT('',#11681);
#4312=VERTEX_POINT('',#11691);
#4313=VERTEX_POINT('',#11692);
#4314=VERTEX_POINT('',#11694);
#4315=VERTEX_POINT('',#11696);
#4316=VERTEX_POINT('',#11700);
#4317=VERTEX_POINT('',#11702);
#4318=VERTEX_POINT('',#11706);
#4319=VERTEX_POINT('',#11707);
#4320=VERTEX_POINT('',#11709);
#4321=VERTEX_POINT('',#11711);
#4322=VERTEX_POINT('',#11715);
#4323=VERTEX_POINT('',#11716);
#4324=VERTEX_POINT('',#11718);
#4325=VERTEX_POINT('',#11720);
#4326=VERTEX_POINT('',#11724);
#4327=VERTEX_POINT('',#11725);
#4328=VERTEX_POINT('',#11727);
#4329=VERTEX_POINT('',#11729);
#4330=VERTEX_POINT('',#11733);
#4331=VERTEX_POINT('',#11734);
#4332=VERTEX_POINT('',#11736);
#4333=VERTEX_POINT('',#11738);
#4334=VERTEX_POINT('',#11742);
#4335=VERTEX_POINT('',#11744);
#4336=VERTEX_POINT('',#11751);
#4337=VERTEX_POINT('',#11752);
#4338=VERTEX_POINT('',#11754);
#4339=VERTEX_POINT('',#11756);
#4340=VERTEX_POINT('',#11758);
#4341=VERTEX_POINT('',#11760);
#4342=VERTEX_POINT('',#11762);
#4343=VERTEX_POINT('',#11764);
#4344=VERTEX_POINT('',#11766);
#4345=VERTEX_POINT('',#11768);
#4346=VERTEX_POINT('',#11770);
#4347=VERTEX_POINT('',#11772);
#4348=VERTEX_POINT('',#11775);
#4349=VERTEX_POINT('',#11777);
#4350=VERTEX_POINT('',#11779);
#4351=VERTEX_POINT('',#11781);
#4352=VERTEX_POINT('',#11837);
#4353=VERTEX_POINT('',#11842);
#4354=VERTEX_POINT('',#11847);
#4355=VERTEX_POINT('',#11852);
#4356=VERTEX_POINT('',#11973);
#4357=VERTEX_POINT('',#11974);
#4358=VERTEX_POINT('',#11976);
#4359=VERTEX_POINT('',#11978);
#4360=VERTEX_POINT('',#11982);
#4361=VERTEX_POINT('',#11984);
#4362=VERTEX_POINT('',#11988);
#4363=VERTEX_POINT('',#11990);
#4364=VERTEX_POINT('',#11994);
#4365=VERTEX_POINT('',#11996);
#4366=VERTEX_POINT('',#12000);
#4367=VERTEX_POINT('',#12002);
#4368=VERTEX_POINT('',#12006);
#4369=VERTEX_POINT('',#12008);
#4370=VERTEX_POINT('',#12012);
#4371=VERTEX_POINT('',#12014);
#4372=VERTEX_POINT('',#12018);
#4373=VERTEX_POINT('',#12020);
#4374=VERTEX_POINT('',#12024);
#4375=VERTEX_POINT('',#12026);
#4376=VERTEX_POINT('',#12030);
#4377=VERTEX_POINT('',#12032);
#4378=VERTEX_POINT('',#12036);
#4379=VERTEX_POINT('',#12038);
#4380=VERTEX_POINT('',#12045);
#4381=VERTEX_POINT('',#12047);
#4382=VERTEX_POINT('',#12049);
#4383=VERTEX_POINT('',#12051);
#4384=VERTEX_POINT('',#12053);
#4385=VERTEX_POINT('',#12055);
#4386=VERTEX_POINT('',#12057);
#4387=VERTEX_POINT('',#12059);
#4388=VERTEX_POINT('',#12062);
#4389=VERTEX_POINT('',#12064);
#4390=VERTEX_POINT('',#12066);
#4391=VERTEX_POINT('',#12068);
#4392=VERTEX_POINT('',#12070);
#4393=VERTEX_POINT('',#12072);
#4394=VERTEX_POINT('',#12074);
#4395=VERTEX_POINT('',#12076);
#4396=VERTEX_POINT('',#12079);
#4397=VERTEX_POINT('',#12083);
#4398=VERTEX_POINT('',#12087);
#4399=VERTEX_POINT('',#12091);
#4400=VERTEX_POINT('',#12095);
#4401=VERTEX_POINT('',#12099);
#4402=VERTEX_POINT('',#12103);
#4403=VERTEX_POINT('',#12107);
#4404=VERTEX_POINT('',#12112);
#4405=VERTEX_POINT('',#12113);
#4406=VERTEX_POINT('',#12115);
#4407=VERTEX_POINT('',#12117);
#4408=VERTEX_POINT('',#12121);
#4409=VERTEX_POINT('',#12123);
#4410=VERTEX_POINT('',#12127);
#4411=VERTEX_POINT('',#12129);
#4412=VERTEX_POINT('',#12133);
#4413=VERTEX_POINT('',#12135);
#4414=VERTEX_POINT('',#12139);
#4415=VERTEX_POINT('',#12141);
#4416=VERTEX_POINT('',#12145);
#4417=VERTEX_POINT('',#12147);
#4418=VERTEX_POINT('',#12151);
#4419=VERTEX_POINT('',#12153);
#4420=VERTEX_POINT('',#12157);
#4421=VERTEX_POINT('',#12159);
#4422=VERTEX_POINT('',#12163);
#4423=VERTEX_POINT('',#12165);
#4424=VERTEX_POINT('',#12169);
#4425=VERTEX_POINT('',#12171);
#4426=VERTEX_POINT('',#12175);
#4427=VERTEX_POINT('',#12177);
#4428=VERTEX_POINT('',#12184);
#4429=VERTEX_POINT('',#12186);
#4430=VERTEX_POINT('',#12188);
#4431=VERTEX_POINT('',#12190);
#4432=VERTEX_POINT('',#12192);
#4433=VERTEX_POINT('',#12195);
#4434=VERTEX_POINT('',#12197);
#4435=VERTEX_POINT('',#12199);
#4436=VERTEX_POINT('',#12201);
#4437=VERTEX_POINT('',#12203);
#4438=VERTEX_POINT('',#12206);
#4439=VERTEX_POINT('',#12210);
#4440=VERTEX_POINT('',#12214);
#4441=VERTEX_POINT('',#12218);
#4442=CIRCLE('',#7652,1.5875);
#4443=CIRCLE('',#7653,1.5875);
#4444=CIRCLE('',#7655,0.508);
#4445=CIRCLE('',#7656,0.508);
#4446=CIRCLE('',#7659,0.449961);
#4447=CIRCLE('',#7660,0.449961);
#4448=CIRCLE('',#7663,0.449961);
#4449=CIRCLE('',#7664,0.449961);
#4450=CIRCLE('',#7667,0.449961);
#4451=CIRCLE('',#7668,0.449961);
#4452=CIRCLE('',#7671,0.449961);
#4453=CIRCLE('',#7672,0.449961);
#4454=CIRCLE('',#7675,0.449961);
#4455=CIRCLE('',#7676,0.449961);
#4456=CIRCLE('',#7679,0.449961);
#4457=CIRCLE('',#7680,0.449961);
#4458=CIRCLE('',#7683,0.449961);
#4459=CIRCLE('',#7684,0.449961);
#4460=CIRCLE('',#7687,0.449961);
#4461=CIRCLE('',#7688,0.449961);
#4462=CIRCLE('',#7690,0.784987);
#4463=CIRCLE('',#7691,0.784987);
#4464=CIRCLE('',#7693,0.510032);
#4465=CIRCLE('',#7694,0.510032);
#4466=CIRCLE('',#7696,0.510032);
#4467=CIRCLE('',#7697,0.510032);
#4468=CIRCLE('',#7699,1.624965);
#4469=CIRCLE('',#7700,1.624965);
#4470=CIRCLE('',#7702,0.510032);
#4471=CIRCLE('',#7703,0.510032);
#4472=CIRCLE('',#7705,0.445008);
#4473=CIRCLE('',#7706,0.445008);
#4474=CIRCLE('',#7708,0.445008);
#4475=CIRCLE('',#7709,0.445008);
#4476=CIRCLE('',#7711,0.445008);
#4477=CIRCLE('',#7712,0.445008);
#4478=CIRCLE('',#7714,0.445008);
#4479=CIRCLE('',#7715,0.445008);
#4480=CIRCLE('',#7717,0.445008);
#4481=CIRCLE('',#7718,0.445008);
#4482=CIRCLE('',#7720,0.445008);
#4483=CIRCLE('',#7721,0.445008);
#4484=CIRCLE('',#7723,0.445008);
#4485=CIRCLE('',#7724,0.445008);
#4486=CIRCLE('',#7726,0.445008);
#4487=CIRCLE('',#7727,0.445008);
#4488=CIRCLE('',#7729,1.5875);
#4489=CIRCLE('',#7730,1.5875);
#4490=CIRCLE('',#7732,0.510032);
#4491=CIRCLE('',#7733,0.510032);
#4492=CIRCLE('',#7735,0.510032);
#4493=CIRCLE('',#7736,0.510032);
#4494=CIRCLE('',#7738,0.510032);
#4495=CIRCLE('',#7739,0.510032);
#4496=CIRCLE('',#7741,0.510032);
#4497=CIRCLE('',#7742,0.510032);
#4498=CIRCLE('',#7744,0.510032);
#4499=CIRCLE('',#7745,0.510032);
#4500=CIRCLE('',#7747,0.510032);
#4501=CIRCLE('',#7748,0.510032);
#4502=CIRCLE('',#7750,0.510032);
#4503=CIRCLE('',#7751,0.510032);
#4504=CIRCLE('',#7753,0.510032);
#4505=CIRCLE('',#7754,0.510032);
#4506=CIRCLE('',#7756,0.47498);
#4507=CIRCLE('',#7757,0.47498);
#4508=CIRCLE('',#7759,0.510032);
#4509=CIRCLE('',#7760,0.510032);
#4510=CIRCLE('',#7762,0.510032);
#4511=CIRCLE('',#7763,0.510032);
#4512=CIRCLE('',#7765,0.510032);
#4513=CIRCLE('',#7766,0.510032);
#4514=CIRCLE('',#7768,0.47498);
#4515=CIRCLE('',#7769,0.47498);
#4516=CIRCLE('',#7771,0.510032);
#4517=CIRCLE('',#7772,0.510032);
#4518=CIRCLE('',#7774,0.510032);
#4519=CIRCLE('',#7775,0.510032);
#4520=CIRCLE('',#7777,0.510032);
#4521=CIRCLE('',#7778,0.510032);
#4522=CIRCLE('',#7780,0.510032);
#4523=CIRCLE('',#7781,0.510032);
#4524=CIRCLE('',#7783,0.510032);
#4525=CIRCLE('',#7784,0.510032);
#4526=CIRCLE('',#7786,0.510032);
#4527=CIRCLE('',#7787,0.510032);
#4528=CIRCLE('',#7789,1.624965);
#4529=CIRCLE('',#7790,1.624965);
#4530=CIRCLE('',#7792,0.784987);
#4531=CIRCLE('',#7793,0.784987);
#4532=CIRCLE('',#7795,0.550037);
#4533=CIRCLE('',#7796,0.550037);
#4534=CIRCLE('',#7798,0.550037);
#4535=CIRCLE('',#7799,0.550037);
#4536=CIRCLE('',#7801,0.445008);
#4537=CIRCLE('',#7802,0.445008);
#4538=CIRCLE('',#7804,0.445008);
#4539=CIRCLE('',#7805,0.445008);
#4540=CIRCLE('',#7807,0.550037);
#4541=CIRCLE('',#7808,0.550037);
#4542=CIRCLE('',#7810,0.550037);
#4543=CIRCLE('',#7811,0.550037);
#4544=CIRCLE('',#7813,0.550037);
#4545=CIRCLE('',#7814,0.550037);
#4546=CIRCLE('',#7816,0.550037);
#4547=CIRCLE('',#7817,0.550037);
#4548=CIRCLE('',#7819,0.508);
#4549=CIRCLE('',#7820,0.508);
#4550=CIRCLE('',#7822,0.550037);
#4551=CIRCLE('',#7823,0.550037);
#4552=CIRCLE('',#7825,0.550037);
#4553=CIRCLE('',#7826,0.550037);
#4554=CIRCLE('',#7828,0.550037);
#4555=CIRCLE('',#7829,0.550037);
#4556=CIRCLE('',#7831,0.550037);
#4557=CIRCLE('',#7832,0.550037);
#4558=CIRCLE('',#7834,0.508);
#4559=CIRCLE('',#7835,0.508);
#4560=CIRCLE('',#7837,0.550037);
#4561=CIRCLE('',#7838,0.550037);
#4562=CIRCLE('',#7840,0.550037);
#4563=CIRCLE('',#7841,0.550037);
#4564=CIRCLE('',#7843,0.550037);
#4565=CIRCLE('',#7844,0.550037);
#4566=CIRCLE('',#7846,0.550037);
#4567=CIRCLE('',#7847,0.550037);
#4568=CIRCLE('',#7849,1.5875);
#4569=CIRCLE('',#7850,1.5875);
#4570=CIRCLE('',#7852,0.508);
#4571=CIRCLE('',#7853,0.508);
#4572=CIRCLE('',#7855,0.508);
#4573=CIRCLE('',#7856,0.508);
#4574=CIRCLE('',#7859,0.299974);
#4575=CIRCLE('',#7860,0.299974);
#4576=CIRCLE('',#7863,0.299974);
#4577=CIRCLE('',#7864,0.299974);
#4578=CIRCLE('',#7867,0.299974);
#4579=CIRCLE('',#7868,0.299974);
#4580=CIRCLE('',#7871,0.299974);
#4581=CIRCLE('',#7872,0.299974);
#4582=CIRCLE('',#7874,0.324993);
#4583=CIRCLE('',#7875,0.324993);
#4584=CIRCLE('',#7877,0.324993);
#4585=CIRCLE('',#7878,0.324993);
#4586=CIRCLE('',#7881,0.299974);
#4587=CIRCLE('',#7882,0.299974);
#4588=CIRCLE('',#7885,0.299974);
#4589=CIRCLE('',#7886,0.299974);
#4590=CIRCLE('',#7889,0.299974);
#4591=CIRCLE('',#7890,0.299974);
#4592=CIRCLE('',#7893,0.299974);
#4593=CIRCLE('',#7894,0.299974);
#4594=CIRCLE('',#7896,0.510032);
#4595=CIRCLE('',#7897,0.510032);
#4596=CIRCLE('',#7899,0.510032);
#4597=CIRCLE('',#7900,0.510032);
#4598=CIRCLE('',#7902,0.510032);
#4599=CIRCLE('',#7903,0.510032);
#4600=CIRCLE('',#7905,0.510032);
#4601=CIRCLE('',#7906,0.510032);
#4602=CIRCLE('',#7908,0.510032);
#4603=CIRCLE('',#7909,0.510032);
#4604=CIRCLE('',#7911,0.510032);
#4605=CIRCLE('',#7912,0.510032);
#4606=CIRCLE('',#7914,0.508);
#4607=CIRCLE('',#7915,0.508);
#4608=CIRCLE('',#7917,0.508);
#4609=CIRCLE('',#7918,0.508);
#4610=CIRCLE('',#7921,0.499999);
#4611=CIRCLE('',#7922,0.499999);
#4612=CIRCLE('',#7925,0.499999);
#4613=CIRCLE('',#7926,0.499999);
#4614=CIRCLE('',#7929,0.499999);
#4615=CIRCLE('',#7930,0.499999);
#4616=CIRCLE('',#7933,0.499999);
#4617=CIRCLE('',#7934,0.499999);
#4618=CIRCLE('',#7937,0.499999);
#4619=CIRCLE('',#7938,0.499999);
#4620=CIRCLE('',#7941,0.499999);
#4621=CIRCLE('',#7942,0.499999);
#4622=CIRCLE('',#7944,1.200023);
#4623=CIRCLE('',#7945,1.200023);
#4624=CIRCLE('',#7948,0.499999);
#4625=CIRCLE('',#7949,0.499999);
#4626=CIRCLE('',#7952,0.499999);
#4627=CIRCLE('',#7953,0.499999);
#4628=CIRCLE('',#7956,0.499999);
#4629=CIRCLE('',#7957,0.499999);
#4630=CIRCLE('',#7960,0.499999);
#4631=CIRCLE('',#7961,0.499999);
#4632=CIRCLE('',#7963,1.5875);
#4633=CIRCLE('',#7964,1.5875);
#4634=CIRCLE('',#7966,3.940555553576);
#4635=CIRCLE('',#7967,3.940555553576);
#4636=CIRCLE('',#7971,3.427474367851);
#4637=CIRCLE('',#7972,3.427474367851);
#4638=CIRCLE('',#7974,3.939285466131);
#4639=CIRCLE('',#7975,3.939285466131);
#4640=CIRCLE('',#7977,3.940302901772);
#4641=CIRCLE('',#7979,3.940302901772);
#4642=CIRCLE('',#7985,52.5);
#4643=CIRCLE('',#7986,52.5);
#4644=CIRCLE('',#7988,52.5);
#4645=CIRCLE('',#7989,52.5);
#4646=CIRCLE('',#7991,11.8);
#4647=CIRCLE('',#7992,1.65);
#4648=CIRCLE('',#7993,1.65);
#4649=CIRCLE('',#7994,2.75);
#4650=CIRCLE('',#8001,19.);
#4651=CIRCLE('',#8002,19.);
#4652=CIRCLE('',#8004,19.);
#4653=CIRCLE('',#8005,19.);
#4654=CIRCLE('',#8007,25.);
#4655=CIRCLE('',#8008,25.);
#4656=CIRCLE('',#8010,50.);
#4657=CIRCLE('',#8011,50.);
#4658=CIRCLE('',#8013,25.);
#4659=CIRCLE('',#8014,25.);
#4660=CIRCLE('',#8016,50.);
#4661=CIRCLE('',#8017,50.);
#4662=CIRCLE('',#8024,25.);
#4663=CIRCLE('',#8025,25.);
#4664=CIRCLE('',#8027,50.);
#4665=CIRCLE('',#8028,50.);
#4666=CIRCLE('',#8030,25.);
#4667=CIRCLE('',#8031,25.);
#4668=CIRCLE('',#8033,50.);
#4669=CIRCLE('',#8034,50.);
#4670=CIRCLE('',#8036,2.4585);
#4671=CIRCLE('',#8038,2.4585);
#4672=CIRCLE('',#8042,19.5);
#4673=CIRCLE('',#8043,50.5);
#4674=CIRCLE('',#8044,25.5);
#4675=CIRCLE('',#8045,25.5);
#4676=CIRCLE('',#8046,50.5);
#4677=CIRCLE('',#8047,19.5);
#4678=CIRCLE('',#8048,24.5);
#4679=CIRCLE('',#8049,0.5);
#4680=CIRCLE('',#8050,0.5);
#4681=CIRCLE('',#8051,0.5);
#4682=CIRCLE('',#8052,0.5);
#4683=CIRCLE('',#8053,24.5);
#4684=CIRCLE('',#8054,1.2295);
#4685=CIRCLE('',#8055,1.2295);
#4686=CIRCLE('',#8056,1.2295);
#4687=CIRCLE('',#8057,1.2295);
#4688=CIRCLE('',#8059,11.8);
#4689=CIRCLE('',#8060,1.65);
#4690=CIRCLE('',#8061,1.65);
#4691=CIRCLE('',#8062,2.75);
#4692=CIRCLE('',#8065,2.4585);
#4693=CIRCLE('',#8066,2.4585);
#4694=CIRCLE('',#8069,2.4585);
#4695=CIRCLE('',#8070,2.4585);
#4696=CIRCLE('',#8073,5.5);
#4697=CIRCLE('',#8074,21.5);
#4698=CIRCLE('',#8075,21.5);
#4699=CIRCLE('',#8076,5.50000000000001);
#4700=CIRCLE('',#8077,5.5);
#4701=CIRCLE('',#8078,5.50000000000001);
#4702=CIRCLE('',#8079,23.);
#4703=CIRCLE('',#8080,23.);
#4704=CIRCLE('',#8082,25.);
#4705=CIRCLE('',#8083,25.);
#4706=CIRCLE('',#8085,25.);
#4707=CIRCLE('',#8086,25.);
#4708=CIRCLE('',#8101,27.5);
#4709=CIRCLE('',#8102,27.5);
#4710=CIRCLE('',#8104,52.5);
#4711=CIRCLE('',#8105,52.5);
#4712=CIRCLE('',#8107,52.5);
#4713=CIRCLE('',#8108,52.5);
#4714=CIRCLE('',#8110,27.5);
#4715=CIRCLE('',#8111,27.5);
#4716=CIRCLE('',#8120,1.2295);
#4717=CIRCLE('',#8121,1.2295);
#4718=CIRCLE('',#8123,21.);
#4719=CIRCLE('',#8124,21.);
#4720=CIRCLE('',#8131,21.);
#4721=CIRCLE('',#8132,21.);
#4722=CIRCLE('',#8135,50.5);
#4723=CIRCLE('',#8136,19.5);
#4724=CIRCLE('',#8137,19.5);
#4725=CIRCLE('',#8138,50.5);
#4726=CIRCLE('',#8139,25.5);
#4727=CIRCLE('',#8140,25.5);
#4728=CIRCLE('',#8141,1.2295);
#4729=CIRCLE('',#8142,1.2295);
#4730=CIRCLE('',#8143,1.2295);
#4731=CIRCLE('',#8144,1.2295);
#4732=CIRCLE('',#8145,5.);
#4733=CIRCLE('',#8146,5.);
#4734=CIRCLE('',#8147,5.);
#4735=CIRCLE('',#8148,5.);
#4736=CIRCLE('',#8159,5.);
#4737=CIRCLE('',#8161,5.);
#4738=CIRCLE('',#8163,5.);
#4739=CIRCLE('',#8165,5.);
#4740=CIRCLE('',#8176,1.);
#4741=CIRCLE('',#8180,1.);
#4742=CIRCLE('',#8184,1.);
#4743=CIRCLE('',#8188,1.);
#4744=CIRCLE('',#8253,1.);
#4745=CIRCLE('',#8254,1.);
#4746=CIRCLE('',#8257,25.);
#4747=CIRCLE('',#8258,25.);
#4748=CIRCLE('',#8261,25.);
#4749=CIRCLE('',#8262,25.);
#4750=CIRCLE('',#8265,1.);
#4751=CIRCLE('',#8266,1.);
#4752=CIRCLE('',#8269,1.);
#4753=CIRCLE('',#8270,1.);
#4754=CIRCLE('',#8273,1.);
#4755=CIRCLE('',#8274,1.);
#4756=CIRCLE('',#8277,3.47);
#4757=CIRCLE('',#8278,3.47);
#4758=CIRCLE('',#8279,3.47);
#4759=CIRCLE('',#8280,3.47);
#4760=CIRCLE('',#8281,3.47);
#4761=CIRCLE('',#8282,3.47);
#4762=CIRCLE('',#8283,3.47);
#4763=CIRCLE('',#8284,3.47);
#4764=CIRCLE('',#8286,1.6);
#4765=CIRCLE('',#8287,1.6);
#4766=CIRCLE('',#8288,1.6);
#4767=CIRCLE('',#8289,1.6);
#4768=CIRCLE('',#8290,1.6);
#4769=CIRCLE('',#8291,1.6);
#4770=CIRCLE('',#8292,1.6);
#4771=CIRCLE('',#8293,1.6);
#4772=CIRCLE('',#8295,1.6);
#4773=CIRCLE('',#8298,1.6);
#4774=CIRCLE('',#8301,1.6);
#4775=CIRCLE('',#8304,1.6);
#4776=CIRCLE('',#8307,1.6);
#4777=CIRCLE('',#8310,1.6);
#4778=CIRCLE('',#8313,1.6);
#4779=CIRCLE('',#8316,1.6);
#4780=CIRCLE('',#8320,5.);
#4781=CIRCLE('',#8321,5.);
#4782=CIRCLE('',#8324,5.);
#4783=CIRCLE('',#8325,5.);
#4784=CIRCLE('',#8328,5.);
#4785=CIRCLE('',#8329,5.);
#4786=CIRCLE('',#8332,5.);
#4787=CIRCLE('',#8333,5.);
#4788=CIRCLE('',#8336,21.);
#4789=CIRCLE('',#8337,21.);
#4790=CIRCLE('',#8340,21.);
#4791=CIRCLE('',#8341,21.);
#4792=CIRCLE('',#8344,8.);
#4793=CIRCLE('',#8345,3.47);
#4794=CIRCLE('',#8346,3.47);
#4795=CIRCLE('',#8347,3.47);
#4796=CIRCLE('',#8348,3.47);
#4797=CIRCLE('',#8350,8.);
#4798=CIRCLE('',#8351,1.6);
#4799=CIRCLE('',#8352,1.6);
#4800=CIRCLE('',#8353,1.6);
#4801=CIRCLE('',#8354,1.6);
#4802=CIRCLE('',#8356,1.6);
#4803=CIRCLE('',#8359,1.6);
#4804=CIRCLE('',#8362,1.6);
#4805=CIRCLE('',#8365,1.6);
#4806=EDGE_LOOP('',(#1232,#1233,#1234,#1235));
#4807=EDGE_LOOP('',(#1236,#1237,#1238,#1239));
#4808=EDGE_LOOP('',(#1240,#1241,#1242,#1243));
#4809=EDGE_LOOP('',(#1244,#1245,#1246,#1247));
#4810=EDGE_LOOP('',(#1248,#1249,#1250,#1251));
#4811=EDGE_LOOP('',(#1252,#1253,#1254,#1255));
#4812=EDGE_LOOP('',(#1256,#1257,#1258,#1259));
#4813=EDGE_LOOP('',(#1260,#1261,#1262,#1263));
#4814=EDGE_LOOP('',(#1264,#1265,#1266,#1267));
#4815=EDGE_LOOP('',(#1268,#1269,#1270,#1271));
#4816=EDGE_LOOP('',(#1272,#1273,#1274,#1275));
#4817=EDGE_LOOP('',(#1276,#1277,#1278,#1279));
#4818=EDGE_LOOP('',(#1280,#1281,#1282,#1283));
#4819=EDGE_LOOP('',(#1284,#1285,#1286,#1287));
#4820=EDGE_LOOP('',(#1288,#1289,#1290,#1291));
#4821=EDGE_LOOP('',(#1292,#1293,#1294,#1295));
#4822=EDGE_LOOP('',(#1296,#1297,#1298,#1299));
#4823=EDGE_LOOP('',(#1300,#1301,#1302,#1303));
#4824=EDGE_LOOP('',(#1304,#1305,#1306,#1307));
#4825=EDGE_LOOP('',(#1308,#1309,#1310,#1311));
#4826=EDGE_LOOP('',(#1312,#1313,#1314,#1315));
#4827=EDGE_LOOP('',(#1316,#1317,#1318,#1319));
#4828=EDGE_LOOP('',(#1320,#1321,#1322,#1323));
#4829=EDGE_LOOP('',(#1324,#1325,#1326,#1327));
#4830=EDGE_LOOP('',(#1328,#1329,#1330,#1331));
#4831=EDGE_LOOP('',(#1332,#1333,#1334,#1335));
#4832=EDGE_LOOP('',(#1336,#1337,#1338,#1339));
#4833=EDGE_LOOP('',(#1340,#1341,#1342,#1343));
#4834=EDGE_LOOP('',(#1344,#1345,#1346,#1347));
#4835=EDGE_LOOP('',(#1348,#1349,#1350,#1351));
#4836=EDGE_LOOP('',(#1352,#1353,#1354,#1355));
#4837=EDGE_LOOP('',(#1356,#1357,#1358,#1359));
#4838=EDGE_LOOP('',(#1360,#1361,#1362,#1363));
#4839=EDGE_LOOP('',(#1364,#1365,#1366,#1367));
#4840=EDGE_LOOP('',(#1368,#1369,#1370,#1371));
#4841=EDGE_LOOP('',(#1372,#1373,#1374,#1375));
#4842=EDGE_LOOP('',(#1376,#1377,#1378,#1379));
#4843=EDGE_LOOP('',(#1380,#1381,#1382,#1383));
#4844=EDGE_LOOP('',(#1384,#1385,#1386,#1387));
#4845=EDGE_LOOP('',(#1388,#1389,#1390,#1391));
#4846=EDGE_LOOP('',(#1392,#1393,#1394,#1395));
#4847=EDGE_LOOP('',(#1396,#1397,#1398,#1399));
#4848=EDGE_LOOP('',(#1400,#1401,#1402,#1403));
#4849=EDGE_LOOP('',(#1404,#1405,#1406,#1407));
#4850=EDGE_LOOP('',(#1408,#1409,#1410,#1411));
#4851=EDGE_LOOP('',(#1412,#1413,#1414,#1415));
#4852=EDGE_LOOP('',(#1416,#1417,#1418,#1419));
#4853=EDGE_LOOP('',(#1420,#1421,#1422,#1423));
#4854=EDGE_LOOP('',(#1424,#1425,#1426,#1427));
#4855=EDGE_LOOP('',(#1428,#1429,#1430,#1431));
#4856=EDGE_LOOP('',(#1432,#1433,#1434,#1435));
#4857=EDGE_LOOP('',(#1436,#1437,#1438,#1439));
#4858=EDGE_LOOP('',(#1440,#1441,#1442,#1443));
#4859=EDGE_LOOP('',(#1444,#1445,#1446,#1447));
#4860=EDGE_LOOP('',(#1448,#1449,#1450,#1451));
#4861=EDGE_LOOP('',(#1452,#1453,#1454,#1455));
#4862=EDGE_LOOP('',(#1456,#1457,#1458,#1459));
#4863=EDGE_LOOP('',(#1460,#1461,#1462,#1463));
#4864=EDGE_LOOP('',(#1464,#1465,#1466,#1467));
#4865=EDGE_LOOP('',(#1468,#1469,#1470,#1471));
#4866=EDGE_LOOP('',(#1472,#1473,#1474,#1475));
#4867=EDGE_LOOP('',(#1476,#1477,#1478,#1479));
#4868=EDGE_LOOP('',(#1480,#1481,#1482,#1483));
#4869=EDGE_LOOP('',(#1484,#1485,#1486,#1487));
#4870=EDGE_LOOP('',(#1488,#1489,#1490,#1491));
#4871=EDGE_LOOP('',(#1492,#1493,#1494,#1495));
#4872=EDGE_LOOP('',(#1496,#1497,#1498,#1499));
#4873=EDGE_LOOP('',(#1500,#1501,#1502,#1503));
#4874=EDGE_LOOP('',(#1504,#1505,#1506,#1507));
#4875=EDGE_LOOP('',(#1508,#1509,#1510,#1511));
#4876=EDGE_LOOP('',(#1512,#1513,#1514,#1515));
#4877=EDGE_LOOP('',(#1516,#1517,#1518,#1519));
#4878=EDGE_LOOP('',(#1520,#1521,#1522,#1523));
#4879=EDGE_LOOP('',(#1524,#1525,#1526,#1527));
#4880=EDGE_LOOP('',(#1528,#1529,#1530,#1531));
#4881=EDGE_LOOP('',(#1532,#1533,#1534,#1535));
#4882=EDGE_LOOP('',(#1536,#1537,#1538,#1539));
#4883=EDGE_LOOP('',(#1540,#1541,#1542,#1543));
#4884=EDGE_LOOP('',(#1544,#1545,#1546,#1547));
#4885=EDGE_LOOP('',(#1548,#1549,#1550,#1551));
#4886=EDGE_LOOP('',(#1552,#1553,#1554,#1555));
#4887=EDGE_LOOP('',(#1556,#1557,#1558,#1559));
#4888=EDGE_LOOP('',(#1560,#1561,#1562,#1563));
#4889=EDGE_LOOP('',(#1564,#1565,#1566,#1567));
#4890=EDGE_LOOP('',(#1568,#1569,#1570,#1571));
#4891=EDGE_LOOP('',(#1572,#1573,#1574,#1575));
#4892=EDGE_LOOP('',(#1576,#1577,#1578,#1579));
#4893=EDGE_LOOP('',(#1580,#1581,#1582,#1583));
#4894=EDGE_LOOP('',(#1584,#1585,#1586,#1587));
#4895=EDGE_LOOP('',(#1588,#1589,#1590,#1591));
#4896=EDGE_LOOP('',(#1592,#1593,#1594,#1595));
#4897=EDGE_LOOP('',(#1596,#1597,#1598,#1599));
#4898=EDGE_LOOP('',(#1600,#1601,#1602,#1603));
#4899=EDGE_LOOP('',(#1604,#1605,#1606,#1607));
#4900=EDGE_LOOP('',(#1608,#1609,#1610,#1611));
#4901=EDGE_LOOP('',(#1612,#1613,#1614,#1615));
#4902=EDGE_LOOP('',(#1616,#1617,#1618,#1619));
#4903=EDGE_LOOP('',(#1620,#1621,#1622,#1623));
#4904=EDGE_LOOP('',(#1624,#1625,#1626,#1627));
#4905=EDGE_LOOP('',(#1628,#1629,#1630,#1631));
#4906=EDGE_LOOP('',(#1632,#1633,#1634,#1635));
#4907=EDGE_LOOP('',(#1636,#1637,#1638,#1639));
#4908=EDGE_LOOP('',(#1640,#1641,#1642,#1643));
#4909=EDGE_LOOP('',(#1644,#1645,#1646,#1647));
#4910=EDGE_LOOP('',(#1648,#1649,#1650,#1651));
#4911=EDGE_LOOP('',(#1652,#1653,#1654,#1655));
#4912=EDGE_LOOP('',(#1656,#1657,#1658,#1659));
#4913=EDGE_LOOP('',(#1660,#1661,#1662,#1663));
#4914=EDGE_LOOP('',(#1664,#1665,#1666,#1667));
#4915=EDGE_LOOP('',(#1668,#1669,#1670,#1671));
#4916=EDGE_LOOP('',(#1672,#1673,#1674,#1675));
#4917=EDGE_LOOP('',(#1676,#1677,#1678,#1679));
#4918=EDGE_LOOP('',(#1680,#1681,#1682,#1683));
#4919=EDGE_LOOP('',(#1684,#1685,#1686,#1687));
#4920=EDGE_LOOP('',(#1688,#1689,#1690,#1691));
#4921=EDGE_LOOP('',(#1692,#1693,#1694,#1695));
#4922=EDGE_LOOP('',(#1696,#1697,#1698,#1699));
#4923=EDGE_LOOP('',(#1700,#1701,#1702,#1703));
#4924=EDGE_LOOP('',(#1704,#1705,#1706,#1707));
#4925=EDGE_LOOP('',(#1708,#1709,#1710,#1711));
#4926=EDGE_LOOP('',(#1712,#1713,#1714,#1715));
#4927=EDGE_LOOP('',(#1716,#1717,#1718,#1719));
#4928=EDGE_LOOP('',(#1720,#1721,#1722,#1723));
#4929=EDGE_LOOP('',(#1724,#1725,#1726,#1727));
#4930=EDGE_LOOP('',(#1728,#1729,#1730,#1731));
#4931=EDGE_LOOP('',(#1732,#1733,#1734,#1735));
#4932=EDGE_LOOP('',(#1736,#1737,#1738,#1739));
#4933=EDGE_LOOP('',(#1740));
#4934=EDGE_LOOP('',(#1741));
#4935=EDGE_LOOP('',(#1742,#1743,#1744,#1745));
#4936=EDGE_LOOP('',(#1746,#1747,#1748,#1749));
#4937=EDGE_LOOP('',(#1750,#1751,#1752,#1753));
#4938=EDGE_LOOP('',(#1754,#1755,#1756,#1757));
#4939=EDGE_LOOP('',(#1758));
#4940=EDGE_LOOP('',(#1759));
#4941=EDGE_LOOP('',(#1760));
#4942=EDGE_LOOP('',(#1761));
#4943=EDGE_LOOP('',(#1762));
#4944=EDGE_LOOP('',(#1763));
#4945=EDGE_LOOP('',(#1764));
#4946=EDGE_LOOP('',(#1765));
#4947=EDGE_LOOP('',(#1766));
#4948=EDGE_LOOP('',(#1767));
#4949=EDGE_LOOP('',(#1768));
#4950=EDGE_LOOP('',(#1769));
#4951=EDGE_LOOP('',(#1770));
#4952=EDGE_LOOP('',(#1771));
#4953=EDGE_LOOP('',(#1772));
#4954=EDGE_LOOP('',(#1773));
#4955=EDGE_LOOP('',(#1774));
#4956=EDGE_LOOP('',(#1775));
#4957=EDGE_LOOP('',(#1776));
#4958=EDGE_LOOP('',(#1777));
#4959=EDGE_LOOP('',(#1778));
#4960=EDGE_LOOP('',(#1779));
#4961=EDGE_LOOP('',(#1780));
#4962=EDGE_LOOP('',(#1781));
#4963=EDGE_LOOP('',(#1782));
#4964=EDGE_LOOP('',(#1783));
#4965=EDGE_LOOP('',(#1784));
#4966=EDGE_LOOP('',(#1785));
#4967=EDGE_LOOP('',(#1786));
#4968=EDGE_LOOP('',(#1787));
#4969=EDGE_LOOP('',(#1788));
#4970=EDGE_LOOP('',(#1789));
#4971=EDGE_LOOP('',(#1790));
#4972=EDGE_LOOP('',(#1791));
#4973=EDGE_LOOP('',(#1792));
#4974=EDGE_LOOP('',(#1793));
#4975=EDGE_LOOP('',(#1794));
#4976=EDGE_LOOP('',(#1795));
#4977=EDGE_LOOP('',(#1796));
#4978=EDGE_LOOP('',(#1797));
#4979=EDGE_LOOP('',(#1798));
#4980=EDGE_LOOP('',(#1799));
#4981=EDGE_LOOP('',(#1800));
#4982=EDGE_LOOP('',(#1801));
#4983=EDGE_LOOP('',(#1802));
#4984=EDGE_LOOP('',(#1803));
#4985=EDGE_LOOP('',(#1804));
#4986=EDGE_LOOP('',(#1805));
#4987=EDGE_LOOP('',(#1806));
#4988=EDGE_LOOP('',(#1807));
#4989=EDGE_LOOP('',(#1808));
#4990=EDGE_LOOP('',(#1809));
#4991=EDGE_LOOP('',(#1810));
#4992=EDGE_LOOP('',(#1811));
#4993=EDGE_LOOP('',(#1812));
#4994=EDGE_LOOP('',(#1813));
#4995=EDGE_LOOP('',(#1814,#1815,#1816,#1817));
#4996=EDGE_LOOP('',(#1818,#1819,#1820,#1821));
#4997=EDGE_LOOP('',(#1822));
#4998=EDGE_LOOP('',(#1823));
#4999=EDGE_LOOP('',(#1824,#1825,#1826,#1827));
#5000=EDGE_LOOP('',(#1828,#1829,#1830,#1831));
#5001=EDGE_LOOP('',(#1832));
#5002=EDGE_LOOP('',(#1833));
#5003=EDGE_LOOP('',(#1834));
#5004=EDGE_LOOP('',(#1835));
#5005=EDGE_LOOP('',(#1836));
#5006=EDGE_LOOP('',(#1837));
#5007=EDGE_LOOP('',(#1838));
#5008=EDGE_LOOP('',(#1839));
#5009=EDGE_LOOP('',(#1840,#1841,#1842,#1843));
#5010=EDGE_LOOP('',(#1844,#1845,#1846,#1847));
#5011=EDGE_LOOP('',(#1848,#1849,#1850,#1851));
#5012=EDGE_LOOP('',(#1852));
#5013=EDGE_LOOP('',(#1853,#1854,#1855,#1856));
#5014=EDGE_LOOP('',(#1857,#1858,#1859,#1860));
#5015=EDGE_LOOP('',(#1861));
#5016=EDGE_LOOP('',(#1862,#1863,#1864,#1865,#1866,#1867,#1868,#1869));
#5017=EDGE_LOOP('',(#1870));
#5018=EDGE_LOOP('',(#1871));
#5019=EDGE_LOOP('',(#1872,#1873,#1874,#1875));
#5020=EDGE_LOOP('',(#1876,#1877,#1878,#1879));
#5021=EDGE_LOOP('',(#1880,#1881,#1882,#1883));
#5022=EDGE_LOOP('',(#1884,#1885,#1886,#1887));
#5023=EDGE_LOOP('',(#1888));
#5024=EDGE_LOOP('',(#1889));
#5025=EDGE_LOOP('',(#1890));
#5026=EDGE_LOOP('',(#1891));
#5027=EDGE_LOOP('',(#1892));
#5028=EDGE_LOOP('',(#1893));
#5029=EDGE_LOOP('',(#1894));
#5030=EDGE_LOOP('',(#1895));
#5031=EDGE_LOOP('',(#1896));
#5032=EDGE_LOOP('',(#1897));
#5033=EDGE_LOOP('',(#1898));
#5034=EDGE_LOOP('',(#1899));
#5035=EDGE_LOOP('',(#1900));
#5036=EDGE_LOOP('',(#1901));
#5037=EDGE_LOOP('',(#1902));
#5038=EDGE_LOOP('',(#1903));
#5039=EDGE_LOOP('',(#1904));
#5040=EDGE_LOOP('',(#1905));
#5041=EDGE_LOOP('',(#1906));
#5042=EDGE_LOOP('',(#1907));
#5043=EDGE_LOOP('',(#1908));
#5044=EDGE_LOOP('',(#1909));
#5045=EDGE_LOOP('',(#1910));
#5046=EDGE_LOOP('',(#1911));
#5047=EDGE_LOOP('',(#1912));
#5048=EDGE_LOOP('',(#1913));
#5049=EDGE_LOOP('',(#1914));
#5050=EDGE_LOOP('',(#1915));
#5051=EDGE_LOOP('',(#1916));
#5052=EDGE_LOOP('',(#1917));
#5053=EDGE_LOOP('',(#1918));
#5054=EDGE_LOOP('',(#1919));
#5055=EDGE_LOOP('',(#1920));
#5056=EDGE_LOOP('',(#1921));
#5057=EDGE_LOOP('',(#1922));
#5058=EDGE_LOOP('',(#1923));
#5059=EDGE_LOOP('',(#1924));
#5060=EDGE_LOOP('',(#1925));
#5061=EDGE_LOOP('',(#1926));
#5062=EDGE_LOOP('',(#1927));
#5063=EDGE_LOOP('',(#1928));
#5064=EDGE_LOOP('',(#1929));
#5065=EDGE_LOOP('',(#1930));
#5066=EDGE_LOOP('',(#1931));
#5067=EDGE_LOOP('',(#1932));
#5068=EDGE_LOOP('',(#1933));
#5069=EDGE_LOOP('',(#1934));
#5070=EDGE_LOOP('',(#1935));
#5071=EDGE_LOOP('',(#1936));
#5072=EDGE_LOOP('',(#1937));
#5073=EDGE_LOOP('',(#1938));
#5074=EDGE_LOOP('',(#1939));
#5075=EDGE_LOOP('',(#1940));
#5076=EDGE_LOOP('',(#1941));
#5077=EDGE_LOOP('',(#1942));
#5078=EDGE_LOOP('',(#1943));
#5079=EDGE_LOOP('',(#1944,#1945,#1946,#1947));
#5080=EDGE_LOOP('',(#1948,#1949,#1950,#1951));
#5081=EDGE_LOOP('',(#1952));
#5082=EDGE_LOOP('',(#1953));
#5083=EDGE_LOOP('',(#1954,#1955,#1956,#1957));
#5084=EDGE_LOOP('',(#1958,#1959,#1960,#1961));
#5085=EDGE_LOOP('',(#1962));
#5086=EDGE_LOOP('',(#1963));
#5087=EDGE_LOOP('',(#1964));
#5088=EDGE_LOOP('',(#1965));
#5089=EDGE_LOOP('',(#1966));
#5090=EDGE_LOOP('',(#1967));
#5091=EDGE_LOOP('',(#1968));
#5092=EDGE_LOOP('',(#1969));
#5093=EDGE_LOOP('',(#1970,#1971,#1972,#1973));
#5094=EDGE_LOOP('',(#1974,#1975,#1976,#1977));
#5095=EDGE_LOOP('',(#1978,#1979,#1980,#1981));
#5096=EDGE_LOOP('',(#1982));
#5097=EDGE_LOOP('',(#1983,#1984,#1985,#1986));
#5098=EDGE_LOOP('',(#1987,#1988,#1989,#1990));
#5099=EDGE_LOOP('',(#1991));
#5100=EDGE_LOOP('',(#1992,#1993,#1994,#1995,#1996,#1997,#1998,#1999));
#5101=EDGE_LOOP('',(#2000,#2001,#2002,#2003));
#5102=EDGE_LOOP('',(#2004,#2005,#2006,#2007));
#5103=EDGE_LOOP('',(#2008,#2009,#2010,#2011));
#5104=EDGE_LOOP('',(#2012));
#5105=EDGE_LOOP('',(#2013,#2014,#2015,#2016));
#5106=EDGE_LOOP('',(#2017,#2018,#2019,#2020));
#5107=EDGE_LOOP('',(#2021));
#5108=EDGE_LOOP('',(#2022));
#5109=EDGE_LOOP('',(#2023));
#5110=EDGE_LOOP('',(#2024,#2025,#2026,#2027,#2028,#2029,#2030,#2031));
#5111=EDGE_LOOP('',(#2032,#2033,#2034,#2035));
#5112=EDGE_LOOP('',(#2036,#2037,#2038,#2039));
#5113=EDGE_LOOP('',(#2040,#2041,#2042,#2043));
#5114=EDGE_LOOP('',(#2044,#2045,#2046,#2047));
#5115=EDGE_LOOP('',(#2048,#2049,#2050,#2051));
#5116=EDGE_LOOP('',(#2052,#2053,#2054,#2055,#2056,#2057));
#5117=EDGE_LOOP('',(#2058,#2059,#2060,#2061,#2062,#2063));
#5118=EDGE_LOOP('',(#2064,#2065,#2066,#2067));
#5119=EDGE_LOOP('',(#2068,#2069,#2070,#2071));
#5120=EDGE_LOOP('',(#2072,#2073,#2074,#2075));
#5121=EDGE_LOOP('',(#2076,#2077,#2078,#2079));
#5122=EDGE_LOOP('',(#2080,#2081,#2082,#2083));
#5123=EDGE_LOOP('',(#2084,#2085,#2086,#2087));
#5124=EDGE_LOOP('',(#2088,#2089,#2090,#2091));
#5125=EDGE_LOOP('',(#2092,#2093,#2094,#2095));
#5126=EDGE_LOOP('',(#2096,#2097,#2098,#2099));
#5127=EDGE_LOOP('',(#2100,#2101,#2102,#2103));
#5128=EDGE_LOOP('',(#2104,#2105,#2106,#2107));
#5129=EDGE_LOOP('',(#2108,#2109,#2110,#2111));
#5130=EDGE_LOOP('',(#2112,#2113,#2114,#2115));
#5131=EDGE_LOOP('',(#2116));
#5132=EDGE_LOOP('',(#2117));
#5133=EDGE_LOOP('',(#2118));
#5134=EDGE_LOOP('',(#2119));
#5135=EDGE_LOOP('',(#2120));
#5136=EDGE_LOOP('',(#2121));
#5137=EDGE_LOOP('',(#2122,#2123,#2124,#2125,#2126,#2127,#2128,#2129,#2130,
#2131));
#5138=EDGE_LOOP('',(#2132,#2133,#2134,#2135,#2136,#2137,#2138,#2139,#2140,
#2141));
#5139=EDGE_LOOP('',(#2142,#2143,#2144,#2145,#2146,#2147,#2148,#2149,#2150,
#2151,#2152,#2153,#2154,#2155,#2156,#2157,#2158,#2159,#2160,#2161,#2162,
#2163,#2164,#2165,#2166,#2167,#2168,#2169,#2170,#2171,#2172,#2173,#2174,
#2175,#2176,#2177));
#5140=EDGE_LOOP('',(#2178));
#5141=EDGE_LOOP('',(#2179));
#5142=EDGE_LOOP('',(#2180));
#5143=EDGE_LOOP('',(#2181));
#5144=EDGE_LOOP('',(#2182));
#5145=EDGE_LOOP('',(#2183));
#5146=EDGE_LOOP('',(#2184));
#5147=EDGE_LOOP('',(#2185,#2186,#2187,#2188,#2189,#2190,#2191,#2192));
#5148=EDGE_LOOP('',(#2193,#2194,#2195,#2196));
#5149=EDGE_LOOP('',(#2197));
#5150=EDGE_LOOP('',(#2198));
#5151=EDGE_LOOP('',(#2199,#2200,#2201,#2202));
#5152=EDGE_LOOP('',(#2203,#2204,#2205,#2206));
#5153=EDGE_LOOP('',(#2207));
#5154=EDGE_LOOP('',(#2208));
#5155=EDGE_LOOP('',(#2209,#2210,#2211,#2212));
#5156=EDGE_LOOP('',(#2213,#2214,#2215,#2216));
#5157=EDGE_LOOP('',(#2217,#2218,#2219,#2220,#2221,#2222,#2223,#2224,#2225,
#2226,#2227,#2228));
#5158=EDGE_LOOP('',(#2229,#2230,#2231,#2232,#2233,#2234,#2235,#2236));
#5159=EDGE_LOOP('',(#2237,#2238,#2239,#2240));
#5160=EDGE_LOOP('',(#2241,#2242,#2243,#2244));
#5161=EDGE_LOOP('',(#2245,#2246,#2247,#2248));
#5162=EDGE_LOOP('',(#2249,#2250,#2251,#2252));
#5163=EDGE_LOOP('',(#2253,#2254,#2255,#2256));
#5164=EDGE_LOOP('',(#2257,#2258,#2259,#2260));
#5165=EDGE_LOOP('',(#2261,#2262,#2263,#2264));
#5166=EDGE_LOOP('',(#2265,#2266,#2267,#2268));
#5167=EDGE_LOOP('',(#2269,#2270,#2271,#2272));
#5168=EDGE_LOOP('',(#2273,#2274,#2275,#2276));
#5169=EDGE_LOOP('',(#2277,#2278,#2279,#2280));
#5170=EDGE_LOOP('',(#2281));
#5171=EDGE_LOOP('',(#2282));
#5172=EDGE_LOOP('',(#2283));
#5173=EDGE_LOOP('',(#2284));
#5174=EDGE_LOOP('',(#2285));
#5175=EDGE_LOOP('',(#2286));
#5176=EDGE_LOOP('',(#2287));
#5177=EDGE_LOOP('',(#2288));
#5178=EDGE_LOOP('',(#2289));
#5179=EDGE_LOOP('',(#2290));
#5180=EDGE_LOOP('',(#2291,#2292,#2293,#2294));
#5181=EDGE_LOOP('',(#2295));
#5182=EDGE_LOOP('',(#2296,#2297,#2298,#2299));
#5183=EDGE_LOOP('',(#2300,#2301,#2302,#2303));
#5184=EDGE_LOOP('',(#2304));
#5185=EDGE_LOOP('',(#2305,#2306,#2307,#2308));
#5186=EDGE_LOOP('',(#2309));
#5187=EDGE_LOOP('',(#2310,#2311,#2312,#2313));
#5188=EDGE_LOOP('',(#2314,#2315,#2316,#2317));
#5189=EDGE_LOOP('',(#2318,#2319,#2320,#2321));
#5190=EDGE_LOOP('',(#2322,#2323,#2324,#2325));
#5191=EDGE_LOOP('',(#2326,#2327,#2328,#2329));
#5192=EDGE_LOOP('',(#2330,#2331,#2332,#2333));
#5193=EDGE_LOOP('',(#2334,#2335,#2336,#2337));
#5194=EDGE_LOOP('',(#2338,#2339,#2340,#2341,#2342,#2343,#2344,#2345,#2346,
#2347,#2348,#2349,#2350,#2351,#2352,#2353,#2354,#2355,#2356,#2357,#2358,
#2359,#2360,#2361));
#5195=EDGE_LOOP('',(#2362,#2363,#2364,#2365));
#5196=EDGE_LOOP('',(#2366,#2367,#2368,#2369));
#5197=EDGE_LOOP('',(#2370,#2371,#2372,#2373));
#5198=EDGE_LOOP('',(#2374,#2375,#2376,#2377));
#5199=EDGE_LOOP('',(#2378,#2379,#2380,#2381));
#5200=EDGE_LOOP('',(#2382,#2383,#2384,#2385));
#5201=EDGE_LOOP('',(#2386,#2387,#2388,#2389));
#5202=EDGE_LOOP('',(#2390,#2391,#2392,#2393));
#5203=EDGE_LOOP('',(#2394,#2395,#2396,#2397,#2398,#2399,#2400,#2401,#2402,
#2403,#2404,#2405));
#5204=EDGE_LOOP('',(#2406));
#5205=EDGE_LOOP('',(#2407));
#5206=EDGE_LOOP('',(#2408));
#5207=EDGE_LOOP('',(#2409));
#5208=EDGE_LOOP('',(#2410,#2411,#2412,#2413,#2414,#2415,#2416,#2417,#2418,
#2419,#2420,#2421));
#5209=EDGE_LOOP('',(#2422));
#5210=EDGE_LOOP('',(#2423));
#5211=EDGE_LOOP('',(#2424));
#5212=EDGE_LOOP('',(#2425));
#5213=EDGE_LOOP('',(#2426));
#5214=EDGE_LOOP('',(#2427));
#5215=EDGE_LOOP('',(#2428));
#5216=EDGE_LOOP('',(#2429));
#5217=EDGE_LOOP('',(#2430));
#5218=EDGE_LOOP('',(#2431));
#5219=EDGE_LOOP('',(#2432,#2433,#2434,#2435));
#5220=EDGE_LOOP('',(#2436));
#5221=EDGE_LOOP('',(#2437));
#5222=EDGE_LOOP('',(#2438,#2439,#2440,#2441));
#5223=EDGE_LOOP('',(#2442));
#5224=EDGE_LOOP('',(#2443));
#5225=EDGE_LOOP('',(#2444));
#5226=EDGE_LOOP('',(#2445));
#5227=EDGE_LOOP('',(#2446));
#5228=EDGE_LOOP('',(#2447));
#5229=EDGE_LOOP('',(#2448,#2449,#2450,#2451));
#5230=EDGE_LOOP('',(#2452,#2453,#2454,#2455));
#5231=EDGE_LOOP('',(#2456,#2457,#2458,#2459));
#5232=EDGE_LOOP('',(#2460,#2461,#2462,#2463));
#5233=EDGE_LOOP('',(#2464,#2465,#2466,#2467));
#5234=EDGE_LOOP('',(#2468,#2469,#2470,#2471,#2472,#2473));
#5235=EDGE_LOOP('',(#2474,#2475,#2476,#2477));
#5236=EDGE_LOOP('',(#2478,#2479,#2480,#2481));
#5237=EDGE_LOOP('',(#2482,#2483,#2484,#2485));
#5238=EDGE_LOOP('',(#2486,#2487,#2488,#2489));
#5239=EDGE_LOOP('',(#2490,#2491,#2492,#2493));
#5240=EDGE_LOOP('',(#2494,#2495,#2496,#2497,#2498,#2499));
#5241=EDGE_LOOP('',(#2500,#2501,#2502,#2503));
#5242=EDGE_LOOP('',(#2504,#2505,#2506,#2507,#2508));
#5243=EDGE_LOOP('',(#2509,#2510,#2511,#2512,#2513));
#5244=EDGE_LOOP('',(#2514,#2515,#2516,#2517,#2518));
#5245=EDGE_LOOP('',(#2519,#2520,#2521,#2522,#2523));
#5246=EDGE_LOOP('',(#2524,#2525,#2526,#2527,#2528));
#5247=EDGE_LOOP('',(#2529,#2530,#2531,#2532));
#5248=EDGE_LOOP('',(#2533,#2534,#2535,#2536,#2537,#2538));
#5249=EDGE_LOOP('',(#2539,#2540,#2541,#2542));
#5250=EDGE_LOOP('',(#2543,#2544,#2545,#2546,#2547,#2548));
#5251=EDGE_LOOP('',(#2549,#2550,#2551,#2552));
#5252=EDGE_LOOP('',(#2553,#2554,#2555,#2556,#2557,#2558));
#5253=EDGE_LOOP('',(#2559,#2560,#2561,#2562,#2563));
#5254=EDGE_LOOP('',(#2564,#2565,#2566,#2567));
#5255=EDGE_LOOP('',(#2568,#2569,#2570,#2571));
#5256=EDGE_LOOP('',(#2572,#2573,#2574,#2575));
#5257=EDGE_LOOP('',(#2576,#2577,#2578,#2579));
#5258=EDGE_LOOP('',(#2580,#2581,#2582,#2583));
#5259=EDGE_LOOP('',(#2584,#2585,#2586,#2587));
#5260=EDGE_LOOP('',(#2588,#2589,#2590,#2591));
#5261=EDGE_LOOP('',(#2592,#2593,#2594,#2595));
#5262=EDGE_LOOP('',(#2596,#2597,#2598,#2599));
#5263=EDGE_LOOP('',(#2600,#2601,#2602,#2603));
#5264=EDGE_LOOP('',(#2604,#2605,#2606,#2607));
#5265=EDGE_LOOP('',(#2608,#2609,#2610,#2611));
#5266=EDGE_LOOP('',(#2612,#2613,#2614,#2615));
#5267=EDGE_LOOP('',(#2616,#2617,#2618,#2619));
#5268=EDGE_LOOP('',(#2620,#2621,#2622,#2623));
#5269=EDGE_LOOP('',(#2624,#2625,#2626,#2627));
#5270=EDGE_LOOP('',(#2628,#2629,#2630,#2631));
#5271=EDGE_LOOP('',(#2632,#2633,#2634,#2635));
#5272=EDGE_LOOP('',(#2636,#2637,#2638,#2639));
#5273=EDGE_LOOP('',(#2640,#2641,#2642,#2643));
#5274=EDGE_LOOP('',(#2644,#2645,#2646,#2647));
#5275=EDGE_LOOP('',(#2648,#2649,#2650,#2651));
#5276=EDGE_LOOP('',(#2652,#2653,#2654,#2655));
#5277=EDGE_LOOP('',(#2656,#2657,#2658,#2659));
#5278=EDGE_LOOP('',(#2660,#2661,#2662,#2663));
#5279=EDGE_LOOP('',(#2664,#2665,#2666,#2667));
#5280=EDGE_LOOP('',(#2668,#2669,#2670,#2671));
#5281=EDGE_LOOP('',(#2672,#2673,#2674,#2675));
#5282=EDGE_LOOP('',(#2676,#2677,#2678,#2679));
#5283=EDGE_LOOP('',(#2680,#2681,#2682,#2683));
#5284=EDGE_LOOP('',(#2684,#2685,#2686,#2687));
#5285=EDGE_LOOP('',(#2688,#2689,#2690,#2691));
#5286=EDGE_LOOP('',(#2692,#2693,#2694,#2695));
#5287=EDGE_LOOP('',(#2696,#2697,#2698,#2699));
#5288=EDGE_LOOP('',(#2700,#2701,#2702,#2703));
#5289=EDGE_LOOP('',(#2704,#2705,#2706,#2707));
#5290=EDGE_LOOP('',(#2708,#2709,#2710,#2711));
#5291=EDGE_LOOP('',(#2712,#2713,#2714,#2715));
#5292=EDGE_LOOP('',(#2716,#2717,#2718,#2719));
#5293=EDGE_LOOP('',(#2720,#2721,#2722,#2723));
#5294=EDGE_LOOP('',(#2724,#2725,#2726,#2727));
#5295=EDGE_LOOP('',(#2728,#2729,#2730,#2731));
#5296=EDGE_LOOP('',(#2732,#2733,#2734,#2735));
#5297=EDGE_LOOP('',(#2736,#2737,#2738,#2739));
#5298=EDGE_LOOP('',(#2740,#2741,#2742,#2743));
#5299=EDGE_LOOP('',(#2744,#2745,#2746,#2747));
#5300=EDGE_LOOP('',(#2748,#2749,#2750,#2751));
#5301=EDGE_LOOP('',(#2752,#2753,#2754,#2755));
#5302=EDGE_LOOP('',(#2756,#2757,#2758,#2759));
#5303=EDGE_LOOP('',(#2760,#2761,#2762,#2763));
#5304=EDGE_LOOP('',(#2764,#2765,#2766,#2767));
#5305=EDGE_LOOP('',(#2768,#2769,#2770,#2771));
#5306=EDGE_LOOP('',(#2772,#2773,#2774,#2775));
#5307=EDGE_LOOP('',(#2776,#2777,#2778,#2779));
#5308=EDGE_LOOP('',(#2780,#2781,#2782,#2783));
#5309=EDGE_LOOP('',(#2784,#2785,#2786,#2787));
#5310=EDGE_LOOP('',(#2788,#2789,#2790,#2791));
#5311=EDGE_LOOP('',(#2792,#2793,#2794,#2795));
#5312=EDGE_LOOP('',(#2796,#2797,#2798,#2799));
#5313=EDGE_LOOP('',(#2800,#2801,#2802,#2803));
#5314=EDGE_LOOP('',(#2804,#2805,#2806,#2807));
#5315=EDGE_LOOP('',(#2808,#2809,#2810,#2811));
#5316=EDGE_LOOP('',(#2812));
#5317=EDGE_LOOP('',(#2813));
#5318=EDGE_LOOP('',(#2814));
#5319=EDGE_LOOP('',(#2815));
#5320=EDGE_LOOP('',(#2816));
#5321=EDGE_LOOP('',(#2817));
#5322=EDGE_LOOP('',(#2818));
#5323=EDGE_LOOP('',(#2819));
#5324=EDGE_LOOP('',(#2820,#2821,#2822,#2823,#2824,#2825,#2826,#2827,#2828,
#2829,#2830,#2831));
#5325=EDGE_LOOP('',(#2832));
#5326=EDGE_LOOP('',(#2833));
#5327=EDGE_LOOP('',(#2834));
#5328=EDGE_LOOP('',(#2835));
#5329=EDGE_LOOP('',(#2836));
#5330=EDGE_LOOP('',(#2837));
#5331=EDGE_LOOP('',(#2838));
#5332=EDGE_LOOP('',(#2839));
#5333=EDGE_LOOP('',(#2840,#2841,#2842,#2843,#2844,#2845,#2846,#2847,#2848,
#2849,#2850,#2851));
#5334=EDGE_LOOP('',(#2852));
#5335=EDGE_LOOP('',(#2853));
#5336=EDGE_LOOP('',(#2854));
#5337=EDGE_LOOP('',(#2855));
#5338=EDGE_LOOP('',(#2856));
#5339=EDGE_LOOP('',(#2857));
#5340=EDGE_LOOP('',(#2858));
#5341=EDGE_LOOP('',(#2859));
#5342=EDGE_LOOP('',(#2860));
#5343=EDGE_LOOP('',(#2861));
#5344=EDGE_LOOP('',(#2862));
#5345=EDGE_LOOP('',(#2863));
#5346=EDGE_LOOP('',(#2864));
#5347=EDGE_LOOP('',(#2865));
#5348=EDGE_LOOP('',(#2866));
#5349=EDGE_LOOP('',(#2867));
#5350=EDGE_LOOP('',(#2868));
#5351=EDGE_LOOP('',(#2869));
#5352=EDGE_LOOP('',(#2870));
#5353=EDGE_LOOP('',(#2871));
#5354=EDGE_LOOP('',(#2872));
#5355=EDGE_LOOP('',(#2873));
#5356=EDGE_LOOP('',(#2874));
#5357=EDGE_LOOP('',(#2875));
#5358=EDGE_LOOP('',(#2876));
#5359=EDGE_LOOP('',(#2877));
#5360=EDGE_LOOP('',(#2878));
#5361=EDGE_LOOP('',(#2879));
#5362=EDGE_LOOP('',(#2880));
#5363=EDGE_LOOP('',(#2881));
#5364=EDGE_LOOP('',(#2882));
#5365=EDGE_LOOP('',(#2883));
#5366=EDGE_LOOP('',(#2884,#2885,#2886,#2887));
#5367=EDGE_LOOP('',(#2888,#2889,#2890,#2891));
#5368=EDGE_LOOP('',(#2892,#2893,#2894,#2895));
#5369=EDGE_LOOP('',(#2896,#2897,#2898,#2899));
#5370=EDGE_LOOP('',(#2900,#2901,#2902,#2903));
#5371=EDGE_LOOP('',(#2904,#2905,#2906,#2907));
#5372=EDGE_LOOP('',(#2908,#2909,#2910,#2911));
#5373=EDGE_LOOP('',(#2912,#2913,#2914,#2915));
#5374=EDGE_LOOP('',(#2916,#2917,#2918,#2919));
#5375=EDGE_LOOP('',(#2920,#2921,#2922,#2923));
#5376=EDGE_LOOP('',(#2924,#2925,#2926,#2927));
#5377=EDGE_LOOP('',(#2928,#2929,#2930,#2931));
#5378=EDGE_LOOP('',(#2932));
#5379=EDGE_LOOP('',(#2933));
#5380=EDGE_LOOP('',(#2934));
#5381=EDGE_LOOP('',(#2935));
#5382=EDGE_LOOP('',(#2936));
#5383=EDGE_LOOP('',(#2937,#2938,#2939,#2940,#2941,#2942,#2943,#2944,#2945,
#2946,#2947,#2948));
#5384=EDGE_LOOP('',(#2949));
#5385=EDGE_LOOP('',(#2950));
#5386=EDGE_LOOP('',(#2951));
#5387=EDGE_LOOP('',(#2952));
#5388=EDGE_LOOP('',(#2953));
#5389=EDGE_LOOP('',(#2954,#2955,#2956,#2957,#2958,#2959,#2960,#2961,#2962,
#2963,#2964,#2965));
#5390=EDGE_LOOP('',(#2966));
#5391=EDGE_LOOP('',(#2967));
#5392=EDGE_LOOP('',(#2968));
#5393=EDGE_LOOP('',(#2969));
#5394=EDGE_LOOP('',(#2970));
#5395=EDGE_LOOP('',(#2971));
#5396=EDGE_LOOP('',(#2972));
#5397=EDGE_LOOP('',(#2973));
#5398=EDGE_LOOP('',(#2974));
#5399=EDGE_LOOP('',(#2975));
#5400=EDGE_LOOP('',(#2976));
#5401=EDGE_LOOP('',(#2977));
#5402=EDGE_LOOP('',(#2978));
#5403=EDGE_LOOP('',(#2979));
#5404=EDGE_LOOP('',(#2980));
#5405=EDGE_LOOP('',(#2981));
#5406=EDGE_LOOP('',(#2982));
#5407=EDGE_LOOP('',(#2983));
#5408=FACE_BOUND('',#4806,.T.);
#5409=FACE_BOUND('',#4807,.T.);
#5410=FACE_BOUND('',#4808,.T.);
#5411=FACE_BOUND('',#4809,.T.);
#5412=FACE_BOUND('',#4810,.T.);
#5413=FACE_BOUND('',#4811,.T.);
#5414=FACE_BOUND('',#4812,.T.);
#5415=FACE_BOUND('',#4813,.T.);
#5416=FACE_BOUND('',#4814,.T.);
#5417=FACE_BOUND('',#4815,.T.);
#5418=FACE_BOUND('',#4816,.T.);
#5419=FACE_BOUND('',#4817,.T.);
#5420=FACE_BOUND('',#4818,.T.);
#5421=FACE_BOUND('',#4819,.T.);
#5422=FACE_BOUND('',#4820,.T.);
#5423=FACE_BOUND('',#4821,.T.);
#5424=FACE_BOUND('',#4822,.T.);
#5425=FACE_BOUND('',#4823,.T.);
#5426=FACE_BOUND('',#4824,.T.);
#5427=FACE_BOUND('',#4825,.T.);
#5428=FACE_BOUND('',#4826,.T.);
#5429=FACE_BOUND('',#4827,.T.);
#5430=FACE_BOUND('',#4828,.T.);
#5431=FACE_BOUND('',#4829,.T.);
#5432=FACE_BOUND('',#4830,.T.);
#5433=FACE_BOUND('',#4831,.T.);
#5434=FACE_BOUND('',#4832,.T.);
#5435=FACE_BOUND('',#4833,.T.);
#5436=FACE_BOUND('',#4834,.T.);
#5437=FACE_BOUND('',#4835,.T.);
#5438=FACE_BOUND('',#4836,.T.);
#5439=FACE_BOUND('',#4837,.T.);
#5440=FACE_BOUND('',#4838,.T.);
#5441=FACE_BOUND('',#4839,.T.);
#5442=FACE_BOUND('',#4840,.T.);
#5443=FACE_BOUND('',#4841,.T.);
#5444=FACE_BOUND('',#4842,.T.);
#5445=FACE_BOUND('',#4843,.T.);
#5446=FACE_BOUND('',#4844,.T.);
#5447=FACE_BOUND('',#4845,.T.);
#5448=FACE_BOUND('',#4846,.T.);
#5449=FACE_BOUND('',#4847,.T.);
#5450=FACE_BOUND('',#4848,.T.);
#5451=FACE_BOUND('',#4849,.T.);
#5452=FACE_BOUND('',#4850,.T.);
#5453=FACE_BOUND('',#4851,.T.);
#5454=FACE_BOUND('',#4852,.T.);
#5455=FACE_BOUND('',#4853,.T.);
#5456=FACE_BOUND('',#4854,.T.);
#5457=FACE_BOUND('',#4855,.T.);
#5458=FACE_BOUND('',#4856,.T.);
#5459=FACE_BOUND('',#4857,.T.);
#5460=FACE_BOUND('',#4858,.T.);
#5461=FACE_BOUND('',#4859,.T.);
#5462=FACE_BOUND('',#4860,.T.);
#5463=FACE_BOUND('',#4861,.T.);
#5464=FACE_BOUND('',#4862,.T.);
#5465=FACE_BOUND('',#4863,.T.);
#5466=FACE_BOUND('',#4864,.T.);
#5467=FACE_BOUND('',#4865,.T.);
#5468=FACE_BOUND('',#4866,.T.);
#5469=FACE_BOUND('',#4867,.T.);
#5470=FACE_BOUND('',#4868,.T.);
#5471=FACE_BOUND('',#4869,.T.);
#5472=FACE_BOUND('',#4870,.T.);
#5473=FACE_BOUND('',#4871,.T.);
#5474=FACE_BOUND('',#4872,.T.);
#5475=FACE_BOUND('',#4873,.T.);
#5476=FACE_BOUND('',#4874,.T.);
#5477=FACE_BOUND('',#4875,.T.);
#5478=FACE_BOUND('',#4876,.T.);
#5479=FACE_BOUND('',#4877,.T.);
#5480=FACE_BOUND('',#4878,.T.);
#5481=FACE_BOUND('',#4879,.T.);
#5482=FACE_BOUND('',#4880,.T.);
#5483=FACE_BOUND('',#4881,.T.);
#5484=FACE_BOUND('',#4882,.T.);
#5485=FACE_BOUND('',#4883,.T.);
#5486=FACE_BOUND('',#4884,.T.);
#5487=FACE_BOUND('',#4885,.T.);
#5488=FACE_BOUND('',#4886,.T.);
#5489=FACE_BOUND('',#4887,.T.);
#5490=FACE_BOUND('',#4888,.T.);
#5491=FACE_BOUND('',#4889,.T.);
#5492=FACE_BOUND('',#4890,.T.);
#5493=FACE_BOUND('',#4891,.T.);
#5494=FACE_BOUND('',#4892,.T.);
#5495=FACE_BOUND('',#4893,.T.);
#5496=FACE_BOUND('',#4894,.T.);
#5497=FACE_BOUND('',#4895,.T.);
#5498=FACE_BOUND('',#4896,.T.);
#5499=FACE_BOUND('',#4897,.T.);
#5500=FACE_BOUND('',#4898,.T.);
#5501=FACE_BOUND('',#4899,.T.);
#5502=FACE_BOUND('',#4900,.T.);
#5503=FACE_BOUND('',#4901,.T.);
#5504=FACE_BOUND('',#4902,.T.);
#5505=FACE_BOUND('',#4903,.T.);
#5506=FACE_BOUND('',#4904,.T.);
#5507=FACE_BOUND('',#4905,.T.);
#5508=FACE_BOUND('',#4906,.T.);
#5509=FACE_BOUND('',#4907,.T.);
#5510=FACE_BOUND('',#4908,.T.);
#5511=FACE_BOUND('',#4909,.T.);
#5512=FACE_BOUND('',#4910,.T.);
#5513=FACE_BOUND('',#4911,.T.);
#5514=FACE_BOUND('',#4912,.T.);
#5515=FACE_BOUND('',#4913,.T.);
#5516=FACE_BOUND('',#4914,.T.);
#5517=FACE_BOUND('',#4915,.T.);
#5518=FACE_BOUND('',#4916,.T.);
#5519=FACE_BOUND('',#4917,.T.);
#5520=FACE_BOUND('',#4918,.T.);
#5521=FACE_BOUND('',#4919,.T.);
#5522=FACE_BOUND('',#4920,.T.);
#5523=FACE_BOUND('',#4921,.T.);
#5524=FACE_BOUND('',#4922,.T.);
#5525=FACE_BOUND('',#4923,.T.);
#5526=FACE_BOUND('',#4924,.T.);
#5527=FACE_BOUND('',#4925,.T.);
#5528=FACE_BOUND('',#4926,.T.);
#5529=FACE_BOUND('',#4927,.T.);
#5530=FACE_BOUND('',#4928,.T.);
#5531=FACE_BOUND('',#4929,.T.);
#5532=FACE_BOUND('',#4930,.T.);
#5533=FACE_BOUND('',#4931,.T.);
#5534=FACE_BOUND('',#4932,.T.);
#5535=FACE_BOUND('',#4933,.T.);
#5536=FACE_BOUND('',#4934,.T.);
#5537=FACE_BOUND('',#4935,.T.);
#5538=FACE_BOUND('',#4936,.T.);
#5539=FACE_BOUND('',#4937,.T.);
#5540=FACE_BOUND('',#4938,.T.);
#5541=FACE_BOUND('',#4939,.T.);
#5542=FACE_BOUND('',#4940,.T.);
#5543=FACE_BOUND('',#4941,.T.);
#5544=FACE_BOUND('',#4942,.T.);
#5545=FACE_BOUND('',#4943,.T.);
#5546=FACE_BOUND('',#4944,.T.);
#5547=FACE_BOUND('',#4945,.T.);
#5548=FACE_BOUND('',#4946,.T.);
#5549=FACE_BOUND('',#4947,.T.);
#5550=FACE_BOUND('',#4948,.T.);
#5551=FACE_BOUND('',#4949,.T.);
#5552=FACE_BOUND('',#4950,.T.);
#5553=FACE_BOUND('',#4951,.T.);
#5554=FACE_BOUND('',#4952,.T.);
#5555=FACE_BOUND('',#4953,.T.);
#5556=FACE_BOUND('',#4954,.T.);
#5557=FACE_BOUND('',#4955,.T.);
#5558=FACE_BOUND('',#4956,.T.);
#5559=FACE_BOUND('',#4957,.T.);
#5560=FACE_BOUND('',#4958,.T.);
#5561=FACE_BOUND('',#4959,.T.);
#5562=FACE_BOUND('',#4960,.T.);
#5563=FACE_BOUND('',#4961,.T.);
#5564=FACE_BOUND('',#4962,.T.);
#5565=FACE_BOUND('',#4963,.T.);
#5566=FACE_BOUND('',#4964,.T.);
#5567=FACE_BOUND('',#4965,.T.);
#5568=FACE_BOUND('',#4966,.T.);
#5569=FACE_BOUND('',#4967,.T.);
#5570=FACE_BOUND('',#4968,.T.);
#5571=FACE_BOUND('',#4969,.T.);
#5572=FACE_BOUND('',#4970,.T.);
#5573=FACE_BOUND('',#4971,.T.);
#5574=FACE_BOUND('',#4972,.T.);
#5575=FACE_BOUND('',#4973,.T.);
#5576=FACE_BOUND('',#4974,.T.);
#5577=FACE_BOUND('',#4975,.T.);
#5578=FACE_BOUND('',#4976,.T.);
#5579=FACE_BOUND('',#4977,.T.);
#5580=FACE_BOUND('',#4978,.T.);
#5581=FACE_BOUND('',#4979,.T.);
#5582=FACE_BOUND('',#4980,.T.);
#5583=FACE_BOUND('',#4981,.T.);
#5584=FACE_BOUND('',#4982,.T.);
#5585=FACE_BOUND('',#4983,.T.);
#5586=FACE_BOUND('',#4984,.T.);
#5587=FACE_BOUND('',#4985,.T.);
#5588=FACE_BOUND('',#4986,.T.);
#5589=FACE_BOUND('',#4987,.T.);
#5590=FACE_BOUND('',#4988,.T.);
#5591=FACE_BOUND('',#4989,.T.);
#5592=FACE_BOUND('',#4990,.T.);
#5593=FACE_BOUND('',#4991,.T.);
#5594=FACE_BOUND('',#4992,.T.);
#5595=FACE_BOUND('',#4993,.T.);
#5596=FACE_BOUND('',#4994,.T.);
#5597=FACE_BOUND('',#4995,.T.);
#5598=FACE_BOUND('',#4996,.T.);
#5599=FACE_BOUND('',#4997,.T.);
#5600=FACE_BOUND('',#4998,.T.);
#5601=FACE_BOUND('',#4999,.T.);
#5602=FACE_BOUND('',#5000,.T.);
#5603=FACE_BOUND('',#5001,.T.);
#5604=FACE_BOUND('',#5002,.T.);
#5605=FACE_BOUND('',#5003,.T.);
#5606=FACE_BOUND('',#5004,.T.);
#5607=FACE_BOUND('',#5005,.T.);
#5608=FACE_BOUND('',#5006,.T.);
#5609=FACE_BOUND('',#5007,.T.);
#5610=FACE_BOUND('',#5008,.T.);
#5611=FACE_BOUND('',#5009,.T.);
#5612=FACE_BOUND('',#5010,.T.);
#5613=FACE_BOUND('',#5011,.T.);
#5614=FACE_BOUND('',#5012,.T.);
#5615=FACE_BOUND('',#5013,.T.);
#5616=FACE_BOUND('',#5014,.T.);
#5617=FACE_BOUND('',#5015,.T.);
#5618=FACE_BOUND('',#5016,.T.);
#5619=FACE_BOUND('',#5017,.T.);
#5620=FACE_BOUND('',#5018,.T.);
#5621=FACE_BOUND('',#5019,.T.);
#5622=FACE_BOUND('',#5020,.T.);
#5623=FACE_BOUND('',#5021,.T.);
#5624=FACE_BOUND('',#5022,.T.);
#5625=FACE_BOUND('',#5023,.T.);
#5626=FACE_BOUND('',#5024,.T.);
#5627=FACE_BOUND('',#5025,.T.);
#5628=FACE_BOUND('',#5026,.T.);
#5629=FACE_BOUND('',#5027,.T.);
#5630=FACE_BOUND('',#5028,.T.);
#5631=FACE_BOUND('',#5029,.T.);
#5632=FACE_BOUND('',#5030,.T.);
#5633=FACE_BOUND('',#5031,.T.);
#5634=FACE_BOUND('',#5032,.T.);
#5635=FACE_BOUND('',#5033,.T.);
#5636=FACE_BOUND('',#5034,.T.);
#5637=FACE_BOUND('',#5035,.T.);
#5638=FACE_BOUND('',#5036,.T.);
#5639=FACE_BOUND('',#5037,.T.);
#5640=FACE_BOUND('',#5038,.T.);
#5641=FACE_BOUND('',#5039,.T.);
#5642=FACE_BOUND('',#5040,.T.);
#5643=FACE_BOUND('',#5041,.T.);
#5644=FACE_BOUND('',#5042,.T.);
#5645=FACE_BOUND('',#5043,.T.);
#5646=FACE_BOUND('',#5044,.T.);
#5647=FACE_BOUND('',#5045,.T.);
#5648=FACE_BOUND('',#5046,.T.);
#5649=FACE_BOUND('',#5047,.T.);
#5650=FACE_BOUND('',#5048,.T.);
#5651=FACE_BOUND('',#5049,.T.);
#5652=FACE_BOUND('',#5050,.T.);
#5653=FACE_BOUND('',#5051,.T.);
#5654=FACE_BOUND('',#5052,.T.);
#5655=FACE_BOUND('',#5053,.T.);
#5656=FACE_BOUND('',#5054,.T.);
#5657=FACE_BOUND('',#5055,.T.);
#5658=FACE_BOUND('',#5056,.T.);
#5659=FACE_BOUND('',#5057,.T.);
#5660=FACE_BOUND('',#5058,.T.);
#5661=FACE_BOUND('',#5059,.T.);
#5662=FACE_BOUND('',#5060,.T.);
#5663=FACE_BOUND('',#5061,.T.);
#5664=FACE_BOUND('',#5062,.T.);
#5665=FACE_BOUND('',#5063,.T.);
#5666=FACE_BOUND('',#5064,.T.);
#5667=FACE_BOUND('',#5065,.T.);
#5668=FACE_BOUND('',#5066,.T.);
#5669=FACE_BOUND('',#5067,.T.);
#5670=FACE_BOUND('',#5068,.T.);
#5671=FACE_BOUND('',#5069,.T.);
#5672=FACE_BOUND('',#5070,.T.);
#5673=FACE_BOUND('',#5071,.T.);
#5674=FACE_BOUND('',#5072,.T.);
#5675=FACE_BOUND('',#5073,.T.);
#5676=FACE_BOUND('',#5074,.T.);
#5677=FACE_BOUND('',#5075,.T.);
#5678=FACE_BOUND('',#5076,.T.);
#5679=FACE_BOUND('',#5077,.T.);
#5680=FACE_BOUND('',#5078,.T.);
#5681=FACE_BOUND('',#5079,.T.);
#5682=FACE_BOUND('',#5080,.T.);
#5683=FACE_BOUND('',#5081,.T.);
#5684=FACE_BOUND('',#5082,.T.);
#5685=FACE_BOUND('',#5083,.T.);
#5686=FACE_BOUND('',#5084,.T.);
#5687=FACE_BOUND('',#5085,.T.);
#5688=FACE_BOUND('',#5086,.T.);
#5689=FACE_BOUND('',#5087,.T.);
#5690=FACE_BOUND('',#5088,.T.);
#5691=FACE_BOUND('',#5089,.T.);
#5692=FACE_BOUND('',#5090,.T.);
#5693=FACE_BOUND('',#5091,.T.);
#5694=FACE_BOUND('',#5092,.T.);
#5695=FACE_BOUND('',#5093,.T.);
#5696=FACE_BOUND('',#5094,.T.);
#5697=FACE_BOUND('',#5095,.T.);
#5698=FACE_BOUND('',#5096,.T.);
#5699=FACE_BOUND('',#5097,.T.);
#5700=FACE_BOUND('',#5098,.T.);
#5701=FACE_BOUND('',#5099,.T.);
#5702=FACE_BOUND('',#5100,.T.);
#5703=FACE_BOUND('',#5101,.T.);
#5704=FACE_BOUND('',#5102,.T.);
#5705=FACE_BOUND('',#5103,.T.);
#5706=FACE_BOUND('',#5104,.T.);
#5707=FACE_BOUND('',#5105,.T.);
#5708=FACE_BOUND('',#5106,.T.);
#5709=FACE_BOUND('',#5107,.T.);
#5710=FACE_BOUND('',#5108,.T.);
#5711=FACE_BOUND('',#5109,.T.);
#5712=FACE_BOUND('',#5110,.T.);
#5713=FACE_BOUND('',#5111,.T.);
#5714=FACE_BOUND('',#5112,.T.);
#5715=FACE_BOUND('',#5113,.T.);
#5716=FACE_BOUND('',#5114,.T.);
#5717=FACE_BOUND('',#5115,.T.);
#5718=FACE_BOUND('',#5116,.T.);
#5719=FACE_BOUND('',#5117,.T.);
#5720=FACE_BOUND('',#5118,.T.);
#5721=FACE_BOUND('',#5119,.T.);
#5722=FACE_BOUND('',#5120,.T.);
#5723=FACE_BOUND('',#5121,.T.);
#5724=FACE_BOUND('',#5122,.T.);
#5725=FACE_BOUND('',#5123,.T.);
#5726=FACE_BOUND('',#5124,.T.);
#5727=FACE_BOUND('',#5125,.T.);
#5728=FACE_BOUND('',#5126,.T.);
#5729=FACE_BOUND('',#5127,.T.);
#5730=FACE_BOUND('',#5128,.T.);
#5731=FACE_BOUND('',#5129,.T.);
#5732=FACE_BOUND('',#5130,.T.);
#5733=FACE_BOUND('',#5131,.T.);
#5734=FACE_BOUND('',#5132,.T.);
#5735=FACE_BOUND('',#5133,.T.);
#5736=FACE_BOUND('',#5134,.T.);
#5737=FACE_BOUND('',#5135,.T.);
#5738=FACE_BOUND('',#5136,.T.);
#5739=FACE_BOUND('',#5137,.T.);
#5740=FACE_BOUND('',#5138,.T.);
#5741=FACE_BOUND('',#5139,.T.);
#5742=FACE_BOUND('',#5140,.T.);
#5743=FACE_BOUND('',#5141,.T.);
#5744=FACE_BOUND('',#5142,.T.);
#5745=FACE_BOUND('',#5143,.T.);
#5746=FACE_BOUND('',#5144,.T.);
#5747=FACE_BOUND('',#5145,.T.);
#5748=FACE_BOUND('',#5146,.T.);
#5749=FACE_BOUND('',#5147,.T.);
#5750=FACE_BOUND('',#5148,.T.);
#5751=FACE_BOUND('',#5149,.T.);
#5752=FACE_BOUND('',#5150,.T.);
#5753=FACE_BOUND('',#5151,.T.);
#5754=FACE_BOUND('',#5152,.T.);
#5755=FACE_BOUND('',#5153,.T.);
#5756=FACE_BOUND('',#5154,.T.);
#5757=FACE_BOUND('',#5155,.T.);
#5758=FACE_BOUND('',#5156,.T.);
#5759=FACE_BOUND('',#5157,.T.);
#5760=FACE_BOUND('',#5158,.T.);
#5761=FACE_BOUND('',#5159,.T.);
#5762=FACE_BOUND('',#5160,.T.);
#5763=FACE_BOUND('',#5161,.T.);
#5764=FACE_BOUND('',#5162,.T.);
#5765=FACE_BOUND('',#5163,.T.);
#5766=FACE_BOUND('',#5164,.T.);
#5767=FACE_BOUND('',#5165,.T.);
#5768=FACE_BOUND('',#5166,.T.);
#5769=FACE_BOUND('',#5167,.T.);
#5770=FACE_BOUND('',#5168,.T.);
#5771=FACE_BOUND('',#5169,.T.);
#5772=FACE_BOUND('',#5170,.T.);
#5773=FACE_BOUND('',#5171,.T.);
#5774=FACE_BOUND('',#5172,.T.);
#5775=FACE_BOUND('',#5173,.T.);
#5776=FACE_BOUND('',#5174,.T.);
#5777=FACE_BOUND('',#5175,.T.);
#5778=FACE_BOUND('',#5176,.T.);
#5779=FACE_BOUND('',#5177,.T.);
#5780=FACE_BOUND('',#5178,.T.);
#5781=FACE_BOUND('',#5179,.T.);
#5782=FACE_BOUND('',#5180,.T.);
#5783=FACE_BOUND('',#5181,.T.);
#5784=FACE_BOUND('',#5182,.T.);
#5785=FACE_BOUND('',#5183,.T.);
#5786=FACE_BOUND('',#5184,.T.);
#5787=FACE_BOUND('',#5185,.T.);
#5788=FACE_BOUND('',#5186,.T.);
#5789=FACE_BOUND('',#5187,.T.);
#5790=FACE_BOUND('',#5188,.T.);
#5791=FACE_BOUND('',#5189,.T.);
#5792=FACE_BOUND('',#5190,.T.);
#5793=FACE_BOUND('',#5191,.T.);
#5794=FACE_BOUND('',#5192,.T.);
#5795=FACE_BOUND('',#5193,.T.);
#5796=FACE_BOUND('',#5194,.T.);
#5797=FACE_BOUND('',#5195,.T.);
#5798=FACE_BOUND('',#5196,.T.);
#5799=FACE_BOUND('',#5197,.T.);
#5800=FACE_BOUND('',#5198,.T.);
#5801=FACE_BOUND('',#5199,.T.);
#5802=FACE_BOUND('',#5200,.T.);
#5803=FACE_BOUND('',#5201,.T.);
#5804=FACE_BOUND('',#5202,.T.);
#5805=FACE_BOUND('',#5203,.T.);
#5806=FACE_BOUND('',#5204,.T.);
#5807=FACE_BOUND('',#5205,.T.);
#5808=FACE_BOUND('',#5206,.T.);
#5809=FACE_BOUND('',#5207,.T.);
#5810=FACE_BOUND('',#5208,.T.);
#5811=FACE_BOUND('',#5209,.T.);
#5812=FACE_BOUND('',#5210,.T.);
#5813=FACE_BOUND('',#5211,.T.);
#5814=FACE_BOUND('',#5212,.T.);
#5815=FACE_BOUND('',#5213,.T.);
#5816=FACE_BOUND('',#5214,.T.);
#5817=FACE_BOUND('',#5215,.T.);
#5818=FACE_BOUND('',#5216,.T.);
#5819=FACE_BOUND('',#5217,.T.);
#5820=FACE_BOUND('',#5218,.T.);
#5821=FACE_BOUND('',#5219,.T.);
#5822=FACE_BOUND('',#5220,.T.);
#5823=FACE_BOUND('',#5221,.T.);
#5824=FACE_BOUND('',#5222,.T.);
#5825=FACE_BOUND('',#5223,.T.);
#5826=FACE_BOUND('',#5224,.T.);
#5827=FACE_BOUND('',#5225,.T.);
#5828=FACE_BOUND('',#5226,.T.);
#5829=FACE_BOUND('',#5227,.T.);
#5830=FACE_BOUND('',#5228,.T.);
#5831=FACE_BOUND('',#5229,.T.);
#5832=FACE_BOUND('',#5230,.T.);
#5833=FACE_BOUND('',#5231,.T.);
#5834=FACE_BOUND('',#5232,.T.);
#5835=FACE_BOUND('',#5233,.T.);
#5836=FACE_BOUND('',#5234,.T.);
#5837=FACE_BOUND('',#5235,.T.);
#5838=FACE_BOUND('',#5236,.T.);
#5839=FACE_BOUND('',#5237,.T.);
#5840=FACE_BOUND('',#5238,.T.);
#5841=FACE_BOUND('',#5239,.T.);
#5842=FACE_BOUND('',#5240,.T.);
#5843=FACE_BOUND('',#5241,.T.);
#5844=FACE_BOUND('',#5242,.T.);
#5845=FACE_BOUND('',#5243,.T.);
#5846=FACE_BOUND('',#5244,.T.);
#5847=FACE_BOUND('',#5245,.T.);
#5848=FACE_BOUND('',#5246,.T.);
#5849=FACE_BOUND('',#5247,.T.);
#5850=FACE_BOUND('',#5248,.T.);
#5851=FACE_BOUND('',#5249,.T.);
#5852=FACE_BOUND('',#5250,.T.);
#5853=FACE_BOUND('',#5251,.T.);
#5854=FACE_BOUND('',#5252,.T.);
#5855=FACE_BOUND('',#5253,.T.);
#5856=FACE_BOUND('',#5254,.T.);
#5857=FACE_BOUND('',#5255,.T.);
#5858=FACE_BOUND('',#5256,.T.);
#5859=FACE_BOUND('',#5257,.T.);
#5860=FACE_BOUND('',#5258,.T.);
#5861=FACE_BOUND('',#5259,.T.);
#5862=FACE_BOUND('',#5260,.T.);
#5863=FACE_BOUND('',#5261,.T.);
#5864=FACE_BOUND('',#5262,.T.);
#5865=FACE_BOUND('',#5263,.T.);
#5866=FACE_BOUND('',#5264,.T.);
#5867=FACE_BOUND('',#5265,.T.);
#5868=FACE_BOUND('',#5266,.T.);
#5869=FACE_BOUND('',#5267,.T.);
#5870=FACE_BOUND('',#5268,.T.);
#5871=FACE_BOUND('',#5269,.T.);
#5872=FACE_BOUND('',#5270,.T.);
#5873=FACE_BOUND('',#5271,.T.);
#5874=FACE_BOUND('',#5272,.T.);
#5875=FACE_BOUND('',#5273,.T.);
#5876=FACE_BOUND('',#5274,.T.);
#5877=FACE_BOUND('',#5275,.T.);
#5878=FACE_BOUND('',#5276,.T.);
#5879=FACE_BOUND('',#5277,.T.);
#5880=FACE_BOUND('',#5278,.T.);
#5881=FACE_BOUND('',#5279,.T.);
#5882=FACE_BOUND('',#5280,.T.);
#5883=FACE_BOUND('',#5281,.T.);
#5884=FACE_BOUND('',#5282,.T.);
#5885=FACE_BOUND('',#5283,.T.);
#5886=FACE_BOUND('',#5284,.T.);
#5887=FACE_BOUND('',#5285,.T.);
#5888=FACE_BOUND('',#5286,.T.);
#5889=FACE_BOUND('',#5287,.T.);
#5890=FACE_BOUND('',#5288,.T.);
#5891=FACE_BOUND('',#5289,.T.);
#5892=FACE_BOUND('',#5290,.T.);
#5893=FACE_BOUND('',#5291,.T.);
#5894=FACE_BOUND('',#5292,.T.);
#5895=FACE_BOUND('',#5293,.T.);
#5896=FACE_BOUND('',#5294,.T.);
#5897=FACE_BOUND('',#5295,.T.);
#5898=FACE_BOUND('',#5296,.T.);
#5899=FACE_BOUND('',#5297,.T.);
#5900=FACE_BOUND('',#5298,.T.);
#5901=FACE_BOUND('',#5299,.T.);
#5902=FACE_BOUND('',#5300,.T.);
#5903=FACE_BOUND('',#5301,.T.);
#5904=FACE_BOUND('',#5302,.T.);
#5905=FACE_BOUND('',#5303,.T.);
#5906=FACE_BOUND('',#5304,.T.);
#5907=FACE_BOUND('',#5305,.T.);
#5908=FACE_BOUND('',#5306,.T.);
#5909=FACE_BOUND('',#5307,.T.);
#5910=FACE_BOUND('',#5308,.T.);
#5911=FACE_BOUND('',#5309,.T.);
#5912=FACE_BOUND('',#5310,.T.);
#5913=FACE_BOUND('',#5311,.T.);
#5914=FACE_BOUND('',#5312,.T.);
#5915=FACE_BOUND('',#5313,.T.);
#5916=FACE_BOUND('',#5314,.T.);
#5917=FACE_BOUND('',#5315,.T.);
#5918=FACE_BOUND('',#5316,.T.);
#5919=FACE_BOUND('',#5317,.T.);
#5920=FACE_BOUND('',#5318,.T.);
#5921=FACE_BOUND('',#5319,.T.);
#5922=FACE_BOUND('',#5320,.T.);
#5923=FACE_BOUND('',#5321,.T.);
#5924=FACE_BOUND('',#5322,.T.);
#5925=FACE_BOUND('',#5323,.T.);
#5926=FACE_BOUND('',#5324,.T.);
#5927=FACE_BOUND('',#5325,.T.);
#5928=FACE_BOUND('',#5326,.T.);
#5929=FACE_BOUND('',#5327,.T.);
#5930=FACE_BOUND('',#5328,.T.);
#5931=FACE_BOUND('',#5329,.T.);
#5932=FACE_BOUND('',#5330,.T.);
#5933=FACE_BOUND('',#5331,.T.);
#5934=FACE_BOUND('',#5332,.T.);
#5935=FACE_BOUND('',#5333,.T.);
#5936=FACE_BOUND('',#5334,.T.);
#5937=FACE_BOUND('',#5335,.T.);
#5938=FACE_BOUND('',#5336,.T.);
#5939=FACE_BOUND('',#5337,.T.);
#5940=FACE_BOUND('',#5338,.T.);
#5941=FACE_BOUND('',#5339,.T.);
#5942=FACE_BOUND('',#5340,.T.);
#5943=FACE_BOUND('',#5341,.T.);
#5944=FACE_BOUND('',#5342,.T.);
#5945=FACE_BOUND('',#5343,.T.);
#5946=FACE_BOUND('',#5344,.T.);
#5947=FACE_BOUND('',#5345,.T.);
#5948=FACE_BOUND('',#5346,.T.);
#5949=FACE_BOUND('',#5347,.T.);
#5950=FACE_BOUND('',#5348,.T.);
#5951=FACE_BOUND('',#5349,.T.);
#5952=FACE_BOUND('',#5350,.T.);
#5953=FACE_BOUND('',#5351,.T.);
#5954=FACE_BOUND('',#5352,.T.);
#5955=FACE_BOUND('',#5353,.T.);
#5956=FACE_BOUND('',#5354,.T.);
#5957=FACE_BOUND('',#5355,.T.);
#5958=FACE_BOUND('',#5356,.T.);
#5959=FACE_BOUND('',#5357,.T.);
#5960=FACE_BOUND('',#5358,.T.);
#5961=FACE_BOUND('',#5359,.T.);
#5962=FACE_BOUND('',#5360,.T.);
#5963=FACE_BOUND('',#5361,.T.);
#5964=FACE_BOUND('',#5362,.T.);
#5965=FACE_BOUND('',#5363,.T.);
#5966=FACE_BOUND('',#5364,.T.);
#5967=FACE_BOUND('',#5365,.T.);
#5968=FACE_BOUND('',#5366,.T.);
#5969=FACE_BOUND('',#5367,.T.);
#5970=FACE_BOUND('',#5368,.T.);
#5971=FACE_BOUND('',#5369,.T.);
#5972=FACE_BOUND('',#5370,.T.);
#5973=FACE_BOUND('',#5371,.T.);
#5974=FACE_BOUND('',#5372,.T.);
#5975=FACE_BOUND('',#5373,.T.);
#5976=FACE_BOUND('',#5374,.T.);
#5977=FACE_BOUND('',#5375,.T.);
#5978=FACE_BOUND('',#5376,.T.);
#5979=FACE_BOUND('',#5377,.T.);
#5980=FACE_BOUND('',#5378,.T.);
#5981=FACE_BOUND('',#5379,.T.);
#5982=FACE_BOUND('',#5380,.T.);
#5983=FACE_BOUND('',#5381,.T.);
#5984=FACE_BOUND('',#5382,.T.);
#5985=FACE_BOUND('',#5383,.T.);
#5986=FACE_BOUND('',#5384,.T.);
#5987=FACE_BOUND('',#5385,.T.);
#5988=FACE_BOUND('',#5386,.T.);
#5989=FACE_BOUND('',#5387,.T.);
#5990=FACE_BOUND('',#5388,.T.);
#5991=FACE_BOUND('',#5389,.T.);
#5992=FACE_BOUND('',#5390,.T.);
#5993=FACE_BOUND('',#5391,.T.);
#5994=FACE_BOUND('',#5392,.T.);
#5995=FACE_BOUND('',#5393,.T.);
#5996=FACE_BOUND('',#5394,.T.);
#5997=FACE_BOUND('',#5395,.T.);
#5998=FACE_BOUND('',#5396,.T.);
#5999=FACE_BOUND('',#5397,.T.);
#6000=FACE_BOUND('',#5398,.T.);
#6001=FACE_BOUND('',#5399,.T.);
#6002=FACE_BOUND('',#5400,.T.);
#6003=FACE_BOUND('',#5401,.T.);
#6004=FACE_BOUND('',#5402,.T.);
#6005=FACE_BOUND('',#5403,.T.);
#6006=FACE_BOUND('',#5404,.T.);
#6007=FACE_BOUND('',#5405,.T.);
#6008=FACE_BOUND('',#5406,.T.);
#6009=FACE_BOUND('',#5407,.T.);
#6010=CYLINDRICAL_SURFACE('',#7651,1.5875);
#6011=CYLINDRICAL_SURFACE('',#7654,0.508);
#6012=CYLINDRICAL_SURFACE('',#7658,0.449961);
#6013=CYLINDRICAL_SURFACE('',#7662,0.449961);
#6014=CYLINDRICAL_SURFACE('',#7666,0.449961);
#6015=CYLINDRICAL_SURFACE('',#7670,0.449961);
#6016=CYLINDRICAL_SURFACE('',#7674,0.449961);
#6017=CYLINDRICAL_SURFACE('',#7678,0.449961);
#6018=CYLINDRICAL_SURFACE('',#7682,0.449961);
#6019=CYLINDRICAL_SURFACE('',#7686,0.449961);
#6020=CYLINDRICAL_SURFACE('',#7689,0.784987);
#6021=CYLINDRICAL_SURFACE('',#7692,0.510032);
#6022=CYLINDRICAL_SURFACE('',#7695,0.510032);
#6023=CYLINDRICAL_SURFACE('',#7698,1.624965);
#6024=CYLINDRICAL_SURFACE('',#7701,0.510032);
#6025=CYLINDRICAL_SURFACE('',#7704,0.445008);
#6026=CYLINDRICAL_SURFACE('',#7707,0.445008);
#6027=CYLINDRICAL_SURFACE('',#7710,0.445008);
#6028=CYLINDRICAL_SURFACE('',#7713,0.445008);
#6029=CYLINDRICAL_SURFACE('',#7716,0.445008);
#6030=CYLINDRICAL_SURFACE('',#7719,0.445008);
#6031=CYLINDRICAL_SURFACE('',#7722,0.445008);
#6032=CYLINDRICAL_SURFACE('',#7725,0.445008);
#6033=CYLINDRICAL_SURFACE('',#7728,1.5875);
#6034=CYLINDRICAL_SURFACE('',#7731,0.510032);
#6035=CYLINDRICAL_SURFACE('',#7734,0.510032);
#6036=CYLINDRICAL_SURFACE('',#7737,0.510032);
#6037=CYLINDRICAL_SURFACE('',#7740,0.510032);
#6038=CYLINDRICAL_SURFACE('',#7743,0.510032);
#6039=CYLINDRICAL_SURFACE('',#7746,0.510032);
#6040=CYLINDRICAL_SURFACE('',#7749,0.510032);
#6041=CYLINDRICAL_SURFACE('',#7752,0.510032);
#6042=CYLINDRICAL_SURFACE('',#7755,0.47498);
#6043=CYLINDRICAL_SURFACE('',#7758,0.510032);
#6044=CYLINDRICAL_SURFACE('',#7761,0.510032);
#6045=CYLINDRICAL_SURFACE('',#7764,0.510032);
#6046=CYLINDRICAL_SURFACE('',#7767,0.47498);
#6047=CYLINDRICAL_SURFACE('',#7770,0.510032);
#6048=CYLINDRICAL_SURFACE('',#7773,0.510032);
#6049=CYLINDRICAL_SURFACE('',#7776,0.510032);
#6050=CYLINDRICAL_SURFACE('',#7779,0.510032);
#6051=CYLINDRICAL_SURFACE('',#7782,0.510032);
#6052=CYLINDRICAL_SURFACE('',#7785,0.510032);
#6053=CYLINDRICAL_SURFACE('',#7788,1.624965);
#6054=CYLINDRICAL_SURFACE('',#7791,0.784987);
#6055=CYLINDRICAL_SURFACE('',#7794,0.550037);
#6056=CYLINDRICAL_SURFACE('',#7797,0.550037);
#6057=CYLINDRICAL_SURFACE('',#7800,0.445008);
#6058=CYLINDRICAL_SURFACE('',#7803,0.445008);
#6059=CYLINDRICAL_SURFACE('',#7806,0.550037);
#6060=CYLINDRICAL_SURFACE('',#7809,0.550037);
#6061=CYLINDRICAL_SURFACE('',#7812,0.550037);
#6062=CYLINDRICAL_SURFACE('',#7815,0.550037);
#6063=CYLINDRICAL_SURFACE('',#7818,0.508);
#6064=CYLINDRICAL_SURFACE('',#7821,0.550037);
#6065=CYLINDRICAL_SURFACE('',#7824,0.550037);
#6066=CYLINDRICAL_SURFACE('',#7827,0.550037);
#6067=CYLINDRICAL_SURFACE('',#7830,0.550037);
#6068=CYLINDRICAL_SURFACE('',#7833,0.508);
#6069=CYLINDRICAL_SURFACE('',#7836,0.550037);
#6070=CYLINDRICAL_SURFACE('',#7839,0.550037);
#6071=CYLINDRICAL_SURFACE('',#7842,0.550037);
#6072=CYLINDRICAL_SURFACE('',#7845,0.550037);
#6073=CYLINDRICAL_SURFACE('',#7848,1.5875);
#6074=CYLINDRICAL_SURFACE('',#7851,0.508);
#6075=CYLINDRICAL_SURFACE('',#7854,0.508);
#6076=CYLINDRICAL_SURFACE('',#7858,0.299974);
#6077=CYLINDRICAL_SURFACE('',#7862,0.299974);
#6078=CYLINDRICAL_SURFACE('',#7866,0.299974);
#6079=CYLINDRICAL_SURFACE('',#7870,0.299974);
#6080=CYLINDRICAL_SURFACE('',#7873,0.324993);
#6081=CYLINDRICAL_SURFACE('',#7876,0.324993);
#6082=CYLINDRICAL_SURFACE('',#7880,0.299974);
#6083=CYLINDRICAL_SURFACE('',#7884,0.299974);
#6084=CYLINDRICAL_SURFACE('',#7888,0.299974);
#6085=CYLINDRICAL_SURFACE('',#7892,0.299974);
#6086=CYLINDRICAL_SURFACE('',#7895,0.510032);
#6087=CYLINDRICAL_SURFACE('',#7898,0.510032);
#6088=CYLINDRICAL_SURFACE('',#7901,0.510032);
#6089=CYLINDRICAL_SURFACE('',#7904,0.510032);
#6090=CYLINDRICAL_SURFACE('',#7907,0.510032);
#6091=CYLINDRICAL_SURFACE('',#7910,0.510032);
#6092=CYLINDRICAL_SURFACE('',#7913,0.508);
#6093=CYLINDRICAL_SURFACE('',#7916,0.508);
#6094=CYLINDRICAL_SURFACE('',#7920,0.499999);
#6095=CYLINDRICAL_SURFACE('',#7924,0.499999);
#6096=CYLINDRICAL_SURFACE('',#7928,0.499999);
#6097=CYLINDRICAL_SURFACE('',#7932,0.499999);
#6098=CYLINDRICAL_SURFACE('',#7936,0.499999);
#6099=CYLINDRICAL_SURFACE('',#7940,0.499999);
#6100=CYLINDRICAL_SURFACE('',#7943,1.200023);
#6101=CYLINDRICAL_SURFACE('',#7947,0.499999);
#6102=CYLINDRICAL_SURFACE('',#7951,0.499999);
#6103=CYLINDRICAL_SURFACE('',#7955,0.499999);
#6104=CYLINDRICAL_SURFACE('',#7959,0.499999);
#6105=CYLINDRICAL_SURFACE('',#7962,1.5875);
#6106=CYLINDRICAL_SURFACE('',#7965,3.940555553576);
#6107=CYLINDRICAL_SURFACE('',#7970,3.427474367851);
#6108=CYLINDRICAL_SURFACE('',#7973,3.939285466131);
#6109=CYLINDRICAL_SURFACE('',#7982,3.940302901772);
#6110=CYLINDRICAL_SURFACE('',#7984,52.5);
#6111=CYLINDRICAL_SURFACE('',#7987,52.5);
#6112=CYLINDRICAL_SURFACE('',#8000,19.);
#6113=CYLINDRICAL_SURFACE('',#8003,19.);
#6114=CYLINDRICAL_SURFACE('',#8006,25.);
#6115=CYLINDRICAL_SURFACE('',#8009,50.);
#6116=CYLINDRICAL_SURFACE('',#8012,25.);
#6117=CYLINDRICAL_SURFACE('',#8015,50.);
#6118=CYLINDRICAL_SURFACE('',#8023,25.);
#6119=CYLINDRICAL_SURFACE('',#8026,50.);
#6120=CYLINDRICAL_SURFACE('',#8029,25.);
#6121=CYLINDRICAL_SURFACE('',#8032,50.);
#6122=CYLINDRICAL_SURFACE('',#8035,2.4585);
#6123=CYLINDRICAL_SURFACE('',#8037,2.4585);
#6124=CYLINDRICAL_SURFACE('',#8081,25.);
#6125=CYLINDRICAL_SURFACE('',#8084,25.);
#6126=CYLINDRICAL_SURFACE('',#8087,2.75);
#6127=CYLINDRICAL_SURFACE('',#8096,2.4585);
#6128=CYLINDRICAL_SURFACE('',#8097,2.4585);
#6129=CYLINDRICAL_SURFACE('',#8098,2.4585);
#6130=CYLINDRICAL_SURFACE('',#8099,2.4585);
#6131=CYLINDRICAL_SURFACE('',#8100,27.5);
#6132=CYLINDRICAL_SURFACE('',#8103,52.5);
#6133=CYLINDRICAL_SURFACE('',#8106,52.5);
#6134=CYLINDRICAL_SURFACE('',#8109,27.5);
#6135=CYLINDRICAL_SURFACE('',#8122,21.);
#6136=CYLINDRICAL_SURFACE('',#8130,21.);
#6137=CYLINDRICAL_SURFACE('',#8149,1.65);
#6138=CYLINDRICAL_SURFACE('',#8150,1.65);
#6139=CYLINDRICAL_SURFACE('',#8151,11.8);
#6140=CYLINDRICAL_SURFACE('',#8152,1.2295);
#6141=CYLINDRICAL_SURFACE('',#8153,1.2295);
#6142=CYLINDRICAL_SURFACE('',#8154,1.2295);
#6143=CYLINDRICAL_SURFACE('',#8155,1.2295);
#6144=CYLINDRICAL_SURFACE('',#8156,1.2295);
#6145=CYLINDRICAL_SURFACE('',#8157,1.2295);
#6146=CYLINDRICAL_SURFACE('',#8158,5.);
#6147=CYLINDRICAL_SURFACE('',#8160,5.);
#6148=CYLINDRICAL_SURFACE('',#8162,5.);
#6149=CYLINDRICAL_SURFACE('',#8164,5.);
#6150=CYLINDRICAL_SURFACE('',#8175,1.);
#6151=CYLINDRICAL_SURFACE('',#8179,1.);
#6152=CYLINDRICAL_SURFACE('',#8183,1.);
#6153=CYLINDRICAL_SURFACE('',#8187,1.);
#6154=CYLINDRICAL_SURFACE('',#8252,1.);
#6155=CYLINDRICAL_SURFACE('',#8256,25.);
#6156=CYLINDRICAL_SURFACE('',#8260,25.);
#6157=CYLINDRICAL_SURFACE('',#8264,1.);
#6158=CYLINDRICAL_SURFACE('',#8268,1.);
#6159=CYLINDRICAL_SURFACE('',#8272,1.);
#6160=CYLINDRICAL_SURFACE('',#8296,1.6);
#6161=CYLINDRICAL_SURFACE('',#8299,1.6);
#6162=CYLINDRICAL_SURFACE('',#8302,1.6);
#6163=CYLINDRICAL_SURFACE('',#8305,1.6);
#6164=CYLINDRICAL_SURFACE('',#8308,1.6);
#6165=CYLINDRICAL_SURFACE('',#8311,1.6);
#6166=CYLINDRICAL_SURFACE('',#8314,1.6);
#6167=CYLINDRICAL_SURFACE('',#8317,1.6);
#6168=CYLINDRICAL_SURFACE('',#8319,5.);
#6169=CYLINDRICAL_SURFACE('',#8323,5.);
#6170=CYLINDRICAL_SURFACE('',#8327,5.);
#6171=CYLINDRICAL_SURFACE('',#8331,5.);
#6172=CYLINDRICAL_SURFACE('',#8335,21.);
#6173=CYLINDRICAL_SURFACE('',#8339,21.);
#6174=CYLINDRICAL_SURFACE('',#8355,1.6);
#6175=CYLINDRICAL_SURFACE('',#8358,1.6);
#6176=CYLINDRICAL_SURFACE('',#8361,1.6);
#6177=CYLINDRICAL_SURFACE('',#8364,1.6);
#6178=CYLINDRICAL_SURFACE('',#8367,8.);
#6179=ADVANCED_FACE('',(#5408),#6010,.F.);
#6180=ADVANCED_FACE('',(#5409),#6011,.F.);
#6181=ADVANCED_FACE('',(#5410),#115,.T.);
#6182=ADVANCED_FACE('',(#5411),#6012,.F.);
#6183=ADVANCED_FACE('',(#5412),#116,.T.);
#6184=ADVANCED_FACE('',(#5413),#6013,.F.);
#6185=ADVANCED_FACE('',(#5414),#117,.T.);
#6186=ADVANCED_FACE('',(#5415),#6014,.F.);
#6187=ADVANCED_FACE('',(#5416),#118,.T.);
#6188=ADVANCED_FACE('',(#5417),#6015,.F.);
#6189=ADVANCED_FACE('',(#5418),#119,.T.);
#6190=ADVANCED_FACE('',(#5419),#6016,.F.);
#6191=ADVANCED_FACE('',(#5420),#120,.T.);
#6192=ADVANCED_FACE('',(#5421),#6017,.F.);
#6193=ADVANCED_FACE('',(#5422),#121,.T.);
#6194=ADVANCED_FACE('',(#5423),#6018,.F.);
#6195=ADVANCED_FACE('',(#5424),#122,.T.);
#6196=ADVANCED_FACE('',(#5425),#6019,.F.);
#6197=ADVANCED_FACE('',(#5426),#6020,.F.);
#6198=ADVANCED_FACE('',(#5427),#6021,.F.);
#6199=ADVANCED_FACE('',(#5428),#6022,.F.);
#6200=ADVANCED_FACE('',(#5429),#6023,.F.);
#6201=ADVANCED_FACE('',(#5430),#6024,.F.);
#6202=ADVANCED_FACE('',(#5431),#6025,.F.);
#6203=ADVANCED_FACE('',(#5432),#6026,.F.);
#6204=ADVANCED_FACE('',(#5433),#6027,.F.);
#6205=ADVANCED_FACE('',(#5434),#6028,.F.);
#6206=ADVANCED_FACE('',(#5435),#6029,.F.);
#6207=ADVANCED_FACE('',(#5436),#6030,.F.);
#6208=ADVANCED_FACE('',(#5437),#6031,.F.);
#6209=ADVANCED_FACE('',(#5438),#6032,.F.);
#6210=ADVANCED_FACE('',(#5439),#6033,.F.);
#6211=ADVANCED_FACE('',(#5440),#6034,.F.);
#6212=ADVANCED_FACE('',(#5441),#6035,.F.);
#6213=ADVANCED_FACE('',(#5442),#6036,.F.);
#6214=ADVANCED_FACE('',(#5443),#6037,.F.);
#6215=ADVANCED_FACE('',(#5444),#6038,.F.);
#6216=ADVANCED_FACE('',(#5445),#6039,.F.);
#6217=ADVANCED_FACE('',(#5446),#6040,.F.);
#6218=ADVANCED_FACE('',(#5447),#6041,.F.);
#6219=ADVANCED_FACE('',(#5448),#6042,.F.);
#6220=ADVANCED_FACE('',(#5449),#6043,.F.);
#6221=ADVANCED_FACE('',(#5450),#6044,.F.);
#6222=ADVANCED_FACE('',(#5451),#6045,.F.);
#6223=ADVANCED_FACE('',(#5452),#6046,.F.);
#6224=ADVANCED_FACE('',(#5453),#6047,.F.);
#6225=ADVANCED_FACE('',(#5454),#6048,.F.);
#6226=ADVANCED_FACE('',(#5455),#6049,.F.);
#6227=ADVANCED_FACE('',(#5456),#6050,.F.);
#6228=ADVANCED_FACE('',(#5457),#6051,.F.);
#6229=ADVANCED_FACE('',(#5458),#6052,.F.);
#6230=ADVANCED_FACE('',(#5459),#6053,.F.);
#6231=ADVANCED_FACE('',(#5460),#6054,.F.);
#6232=ADVANCED_FACE('',(#5461),#6055,.F.);
#6233=ADVANCED_FACE('',(#5462),#6056,.F.);
#6234=ADVANCED_FACE('',(#5463),#6057,.F.);
#6235=ADVANCED_FACE('',(#5464),#6058,.F.);
#6236=ADVANCED_FACE('',(#5465),#6059,.F.);
#6237=ADVANCED_FACE('',(#5466),#6060,.F.);
#6238=ADVANCED_FACE('',(#5467),#6061,.F.);
#6239=ADVANCED_FACE('',(#5468),#6062,.F.);
#6240=ADVANCED_FACE('',(#5469),#6063,.F.);
#6241=ADVANCED_FACE('',(#5470),#6064,.F.);
#6242=ADVANCED_FACE('',(#5471),#6065,.F.);
#6243=ADVANCED_FACE('',(#5472),#6066,.F.);
#6244=ADVANCED_FACE('',(#5473),#6067,.F.);
#6245=ADVANCED_FACE('',(#5474),#6068,.F.);
#6246=ADVANCED_FACE('',(#5475),#6069,.F.);
#6247=ADVANCED_FACE('',(#5476),#6070,.F.);
#6248=ADVANCED_FACE('',(#5477),#6071,.F.);
#6249=ADVANCED_FACE('',(#5478),#6072,.F.);
#6250=ADVANCED_FACE('',(#5479),#6073,.F.);
#6251=ADVANCED_FACE('',(#5480),#6074,.F.);
#6252=ADVANCED_FACE('',(#5481),#6075,.F.);
#6253=ADVANCED_FACE('',(#5482),#123,.T.);
#6254=ADVANCED_FACE('',(#5483),#6076,.F.);
#6255=ADVANCED_FACE('',(#5484),#124,.T.);
#6256=ADVANCED_FACE('',(#5485),#6077,.F.);
#6257=ADVANCED_FACE('',(#5486),#125,.T.);
#6258=ADVANCED_FACE('',(#5487),#6078,.F.);
#6259=ADVANCED_FACE('',(#5488),#126,.T.);
#6260=ADVANCED_FACE('',(#5489),#6079,.F.);
#6261=ADVANCED_FACE('',(#5490),#6080,.F.);
#6262=ADVANCED_FACE('',(#5491),#6081,.F.);
#6263=ADVANCED_FACE('',(#5492),#127,.T.);
#6264=ADVANCED_FACE('',(#5493),#6082,.F.);
#6265=ADVANCED_FACE('',(#5494),#128,.T.);
#6266=ADVANCED_FACE('',(#5495),#6083,.F.);
#6267=ADVANCED_FACE('',(#5496),#129,.T.);
#6268=ADVANCED_FACE('',(#5497),#6084,.F.);
#6269=ADVANCED_FACE('',(#5498),#130,.T.);
#6270=ADVANCED_FACE('',(#5499),#6085,.F.);
#6271=ADVANCED_FACE('',(#5500),#6086,.F.);
#6272=ADVANCED_FACE('',(#5501),#6087,.F.);
#6273=ADVANCED_FACE('',(#5502),#6088,.F.);
#6274=ADVANCED_FACE('',(#5503),#6089,.F.);
#6275=ADVANCED_FACE('',(#5504),#6090,.F.);
#6276=ADVANCED_FACE('',(#5505),#6091,.F.);
#6277=ADVANCED_FACE('',(#5506),#6092,.F.);
#6278=ADVANCED_FACE('',(#5507),#6093,.F.);
#6279=ADVANCED_FACE('',(#5508),#131,.T.);
#6280=ADVANCED_FACE('',(#5509),#6094,.F.);
#6281=ADVANCED_FACE('',(#5510),#132,.T.);
#6282=ADVANCED_FACE('',(#5511),#6095,.F.);
#6283=ADVANCED_FACE('',(#5512),#133,.T.);
#6284=ADVANCED_FACE('',(#5513),#6096,.F.);
#6285=ADVANCED_FACE('',(#5514),#134,.T.);
#6286=ADVANCED_FACE('',(#5515),#6097,.F.);
#6287=ADVANCED_FACE('',(#5516),#135,.T.);
#6288=ADVANCED_FACE('',(#5517),#6098,.F.);
#6289=ADVANCED_FACE('',(#5518),#136,.T.);
#6290=ADVANCED_FACE('',(#5519),#6099,.F.);
#6291=ADVANCED_FACE('',(#5520),#6100,.F.);
#6292=ADVANCED_FACE('',(#5521),#137,.T.);
#6293=ADVANCED_FACE('',(#5522),#6101,.F.);
#6294=ADVANCED_FACE('',(#5523),#138,.T.);
#6295=ADVANCED_FACE('',(#5524),#6102,.F.);
#6296=ADVANCED_FACE('',(#5525),#139,.T.);
#6297=ADVANCED_FACE('',(#5526),#6103,.F.);
#6298=ADVANCED_FACE('',(#5527),#140,.T.);
#6299=ADVANCED_FACE('',(#5528),#6104,.F.);
#6300=ADVANCED_FACE('',(#5529),#6105,.F.);
#6301=ADVANCED_FACE('',(#5530),#6106,.T.);
#6302=ADVANCED_FACE('',(#5531),#141,.T.);
#6303=ADVANCED_FACE('',(#5532),#142,.T.);
#6304=ADVANCED_FACE('',(#5533),#6107,.T.);
#6305=ADVANCED_FACE('',(#5534),#6108,.T.);
#6306=ADVANCED_FACE('',(#5535,#5536,#5537,#5538,#5539,#5540,#5541,#5542,
#5543,#5544,#5545,#5546,#5547,#5548,#5549,#5550,#5551,#5552,#5553,#5554,
#5555,#5556,#5557,#5558,#5559,#5560,#5561,#5562,#5563,#5564,#5565,#5566,
#5567,#5568,#5569,#5570,#5571,#5572,#5573,#5574,#5575,#5576,#5577,#5578,
#5579,#5580,#5581,#5582,#5583,#5584,#5585,#5586,#5587,#5588,#5589,#5590,
#5591,#5592,#5593,#5594,#5595,#5596,#5597,#5598,#5599,#5600,#5601,#5602,
#5603,#5604,#5605,#5606,#5607,#5608,#5609,#5610,#5611,#5612,#5613,#5614,
#5615,#5616,#5617,#5618),#143,.T.);
#6307=ADVANCED_FACE('',(#5619,#5620,#5621,#5622,#5623,#5624,#5625,#5626,
#5627,#5628,#5629,#5630,#5631,#5632,#5633,#5634,#5635,#5636,#5637,#5638,
#5639,#5640,#5641,#5642,#5643,#5644,#5645,#5646,#5647,#5648,#5649,#5650,
#5651,#5652,#5653,#5654,#5655,#5656,#5657,#5658,#5659,#5660,#5661,#5662,
#5663,#5664,#5665,#5666,#5667,#5668,#5669,#5670,#5671,#5672,#5673,#5674,
#5675,#5676,#5677,#5678,#5679,#5680,#5681,#5682,#5683,#5684,#5685,#5686,
#5687,#5688,#5689,#5690,#5691,#5692,#5693,#5694,#5695,#5696,#5697,#5698,
#5699,#5700,#5701,#5702),#144,.F.);
#6308=ADVANCED_FACE('',(#5703),#145,.T.);
#6309=ADVANCED_FACE('',(#5704),#146,.T.);
#6310=ADVANCED_FACE('',(#5705),#6109,.T.);
#6311=ADVANCED_FACE('',(#5706,#5707),#6110,.F.);
#6312=ADVANCED_FACE('',(#5708),#6111,.F.);
#6313=ADVANCED_FACE('',(#5709,#5710,#5711,#5712),#147,.T.);
#6314=ADVANCED_FACE('',(#5713),#148,.T.);
#6315=ADVANCED_FACE('',(#5714),#149,.T.);
#6316=ADVANCED_FACE('',(#5715),#150,.T.);
#6317=ADVANCED_FACE('',(#5716),#151,.T.);
#6318=ADVANCED_FACE('',(#5717),#152,.T.);
#6319=ADVANCED_FACE('',(#5718),#6112,.F.);
#6320=ADVANCED_FACE('',(#5719),#6113,.F.);
#6321=ADVANCED_FACE('',(#5720),#6114,.F.);
#6322=ADVANCED_FACE('',(#5721),#6115,.F.);
#6323=ADVANCED_FACE('',(#5722),#6116,.F.);
#6324=ADVANCED_FACE('',(#5723),#6117,.F.);
#6325=ADVANCED_FACE('',(#5724),#153,.T.);
#6326=ADVANCED_FACE('',(#5725),#154,.T.);
#6327=ADVANCED_FACE('',(#5726),#155,.T.);
#6328=ADVANCED_FACE('',(#5727),#156,.T.);
#6329=ADVANCED_FACE('',(#5728),#157,.T.);
#6330=ADVANCED_FACE('',(#5729),#6118,.F.);
#6331=ADVANCED_FACE('',(#5730),#6119,.F.);
#6332=ADVANCED_FACE('',(#5731),#6120,.F.);
#6333=ADVANCED_FACE('',(#5732),#6121,.F.);
#6334=ADVANCED_FACE('',(#5733,#5734,#5735,#5736),#6122,.F.);
#6335=ADVANCED_FACE('',(#5737,#5738),#6123,.F.);
#6336=ADVANCED_FACE('',(#5739),#158,.T.);
#6337=ADVANCED_FACE('',(#5740),#159,.T.);
#6338=ADVANCED_FACE('',(#5741,#5742,#5743,#5744,#5745),#160,.F.);
#6339=ADVANCED_FACE('',(#5746,#5747,#5748,#5749),#161,.F.);
#6340=ADVANCED_FACE('',(#5750),#162,.F.);
#6341=ADVANCED_FACE('',(#5751,#5752,#5753),#163,.F.);
#6342=ADVANCED_FACE('',(#5754),#164,.F.);
#6343=ADVANCED_FACE('',(#5755,#5756,#5757),#165,.F.);
#6344=ADVANCED_FACE('',(#5758),#166,.F.);
#6345=ADVANCED_FACE('',(#5759,#5760),#167,.T.);
#6346=ADVANCED_FACE('',(#5761),#6124,.T.);
#6347=ADVANCED_FACE('',(#5762),#6125,.T.);
#6348=ADVANCED_FACE('',(#5763),#6126,.F.);
#6349=ADVANCED_FACE('',(#5764),#168,.F.);
#6350=ADVANCED_FACE('',(#5765),#169,.T.);
#6351=ADVANCED_FACE('',(#5766),#170,.T.);
#6352=ADVANCED_FACE('',(#5767),#171,.T.);
#6353=ADVANCED_FACE('',(#5768),#172,.T.);
#6354=ADVANCED_FACE('',(#5769),#173,.T.);
#6355=ADVANCED_FACE('',(#5770),#174,.F.);
#6356=ADVANCED_FACE('',(#5771),#175,.T.);
#6357=ADVANCED_FACE('',(#5772,#5773),#6127,.F.);
#6358=ADVANCED_FACE('',(#5774,#5775),#6128,.F.);
#6359=ADVANCED_FACE('',(#5776,#5777),#6129,.F.);
#6360=ADVANCED_FACE('',(#5778,#5779,#5780,#5781),#6130,.F.);
#6361=ADVANCED_FACE('',(#5782,#5783),#6131,.F.);
#6362=ADVANCED_FACE('',(#5784),#6132,.F.);
#6363=ADVANCED_FACE('',(#5785,#5786),#6133,.F.);
#6364=ADVANCED_FACE('',(#5787,#5788),#6134,.F.);
#6365=ADVANCED_FACE('',(#5789),#176,.F.);
#6366=ADVANCED_FACE('',(#5790),#177,.F.);
#6367=ADVANCED_FACE('',(#5791),#178,.F.);
#6368=ADVANCED_FACE('',(#5792),#179,.F.);
#6369=ADVANCED_FACE('',(#5793),#180,.F.);
#6370=ADVANCED_FACE('',(#5794),#181,.F.);
#6371=ADVANCED_FACE('',(#5795),#182,.F.);
#6372=ADVANCED_FACE('',(#5796),#183,.T.);
#6373=ADVANCED_FACE('',(#5797),#6135,.F.);
#6374=ADVANCED_FACE('',(#5798),#184,.F.);
#6375=ADVANCED_FACE('',(#5799),#185,.F.);
#6376=ADVANCED_FACE('',(#5800),#186,.F.);
#6377=ADVANCED_FACE('',(#5801),#187,.F.);
#6378=ADVANCED_FACE('',(#5802),#188,.F.);
#6379=ADVANCED_FACE('',(#5803),#6136,.F.);
#6380=ADVANCED_FACE('',(#5804),#189,.F.);
#6381=ADVANCED_FACE('',(#5805,#5806,#5807,#5808,#5809,#5810),#190,.T.);
#6382=ADVANCED_FACE('',(#5811,#5812),#6137,.F.);
#6383=ADVANCED_FACE('',(#5813,#5814),#6138,.F.);
#6384=ADVANCED_FACE('',(#5815,#5816),#6139,.F.);
#6385=ADVANCED_FACE('',(#5817,#5818),#6140,.F.);
#6386=ADVANCED_FACE('',(#5819,#5820),#6141,.F.);
#6387=ADVANCED_FACE('',(#5821,#5822,#5823),#6142,.F.);
#6388=ADVANCED_FACE('',(#5824,#5825,#5826),#6143,.F.);
#6389=ADVANCED_FACE('',(#5827,#5828),#6144,.F.);
#6390=ADVANCED_FACE('',(#5829,#5830),#6145,.F.);
#6391=ADVANCED_FACE('',(#5831),#6146,.F.);
#6392=ADVANCED_FACE('',(#5832),#6147,.F.);
#6393=ADVANCED_FACE('',(#5833),#6148,.F.);
#6394=ADVANCED_FACE('',(#5834),#6149,.F.);
#6395=ADVANCED_FACE('',(#5835),#191,.T.);
#6396=ADVANCED_FACE('',(#5836),#31,.F.);
#6397=ADVANCED_FACE('',(#5837),#192,.T.);
#6398=ADVANCED_FACE('',(#5838),#32,.F.);
#6399=ADVANCED_FACE('',(#5839),#193,.T.);
#6400=ADVANCED_FACE('',(#5840),#33,.F.);
#6401=ADVANCED_FACE('',(#5841),#194,.T.);
#6402=ADVANCED_FACE('',(#5842),#34,.F.);
#6403=ADVANCED_FACE('',(#5843),#195,.T.);
#6404=ADVANCED_FACE('',(#5844),#6150,.T.);
#6405=ADVANCED_FACE('',(#5845),#6151,.T.);
#6406=ADVANCED_FACE('',(#5846),#6152,.T.);
#6407=ADVANCED_FACE('',(#5847),#6153,.T.);
#6408=ADVANCED_FACE('',(#5848),#196,.T.);
#6409=ADVANCED_FACE('',(#5849),#35,.T.);
#6410=ADVANCED_FACE('',(#5850),#197,.T.);
#6411=ADVANCED_FACE('',(#5851),#198,.T.);
#6412=ADVANCED_FACE('',(#5852),#199,.T.);
#6413=ADVANCED_FACE('',(#5853),#36,.T.);
#6414=ADVANCED_FACE('',(#5854),#200,.T.);
#6415=ADVANCED_FACE('',(#5855),#201,.T.);
#6416=ADVANCED_FACE('',(#5856),#202,.F.);
#6417=ADVANCED_FACE('',(#5857),#37,.F.);
#6418=ADVANCED_FACE('',(#5858),#38,.F.);
#6419=ADVANCED_FACE('',(#5859),#203,.F.);
#6420=ADVANCED_FACE('',(#5860),#204,.F.);
#6421=ADVANCED_FACE('',(#5861),#39,.F.);
#6422=ADVANCED_FACE('',(#5862),#40,.F.);
#6423=ADVANCED_FACE('',(#5863),#205,.F.);
#6424=ADVANCED_FACE('',(#5864),#206,.F.);
#6425=ADVANCED_FACE('',(#5865),#41,.F.);
#6426=ADVANCED_FACE('',(#5866),#42,.F.);
#6427=ADVANCED_FACE('',(#5867),#207,.F.);
#6428=ADVANCED_FACE('',(#5868),#43,.F.);
#6429=ADVANCED_FACE('',(#5869),#208,.T.);
#6430=ADVANCED_FACE('',(#5870),#209,.T.);
#6431=ADVANCED_FACE('',(#5871),#44,.F.);
#6432=ADVANCED_FACE('',(#5872),#45,.F.);
#6433=ADVANCED_FACE('',(#5873),#210,.T.);
#6434=ADVANCED_FACE('',(#5874),#211,.T.);
#6435=ADVANCED_FACE('',(#5875),#46,.F.);
#6436=ADVANCED_FACE('',(#5876),#47,.F.);
#6437=ADVANCED_FACE('',(#5877),#212,.T.);
#6438=ADVANCED_FACE('',(#5878),#213,.T.);
#6439=ADVANCED_FACE('',(#5879),#48,.F.);
#6440=ADVANCED_FACE('',(#5880),#214,.T.);
#6441=ADVANCED_FACE('',(#5881),#49,.F.);
#6442=ADVANCED_FACE('',(#5882),#215,.T.);
#6443=ADVANCED_FACE('',(#5883),#50,.F.);
#6444=ADVANCED_FACE('',(#5884),#216,.T.);
#6445=ADVANCED_FACE('',(#5885),#51,.F.);
#6446=ADVANCED_FACE('',(#5886),#217,.T.);
#6447=ADVANCED_FACE('',(#5887),#52,.F.);
#6448=ADVANCED_FACE('',(#5888),#218,.T.);
#6449=ADVANCED_FACE('',(#5889),#53,.F.);
#6450=ADVANCED_FACE('',(#5890),#219,.T.);
#6451=ADVANCED_FACE('',(#5891),#54,.F.);
#6452=ADVANCED_FACE('',(#5892),#220,.T.);
#6453=ADVANCED_FACE('',(#5893),#221,.F.);
#6454=ADVANCED_FACE('',(#5894),#55,.T.);
#6455=ADVANCED_FACE('',(#5895),#222,.F.);
#6456=ADVANCED_FACE('',(#5896),#56,.T.);
#6457=ADVANCED_FACE('',(#5897),#223,.F.);
#6458=ADVANCED_FACE('',(#5898),#57,.T.);
#6459=ADVANCED_FACE('',(#5899),#224,.F.);
#6460=ADVANCED_FACE('',(#5900),#58,.T.);
#6461=ADVANCED_FACE('',(#5901),#225,.F.);
#6462=ADVANCED_FACE('',(#5902),#59,.T.);
#6463=ADVANCED_FACE('',(#5903),#226,.F.);
#6464=ADVANCED_FACE('',(#5904),#60,.T.);
#6465=ADVANCED_FACE('',(#5905),#227,.F.);
#6466=ADVANCED_FACE('',(#5906),#6154,.T.);
#6467=ADVANCED_FACE('',(#5907),#228,.T.);
#6468=ADVANCED_FACE('',(#5908),#6155,.T.);
#6469=ADVANCED_FACE('',(#5909),#229,.T.);
#6470=ADVANCED_FACE('',(#5910),#6156,.T.);
#6471=ADVANCED_FACE('',(#5911),#230,.T.);
#6472=ADVANCED_FACE('',(#5912),#6157,.T.);
#6473=ADVANCED_FACE('',(#5913),#231,.T.);
#6474=ADVANCED_FACE('',(#5914),#6158,.T.);
#6475=ADVANCED_FACE('',(#5915),#232,.T.);
#6476=ADVANCED_FACE('',(#5916),#6159,.T.);
#6477=ADVANCED_FACE('',(#5917),#233,.T.);
#6478=ADVANCED_FACE('',(#5918,#5919,#5920,#5921,#5922,#5923,#5924,#5925,
#5926),#234,.F.);
#6479=ADVANCED_FACE('',(#5927,#5928,#5929,#5930,#5931,#5932,#5933,#5934,
#5935),#235,.T.);
#6480=ADVANCED_FACE('',(#5936,#5937),#61,.F.);
#6481=ADVANCED_FACE('',(#5938,#5939),#6160,.F.);
#6482=ADVANCED_FACE('',(#5940,#5941),#62,.F.);
#6483=ADVANCED_FACE('',(#5942,#5943),#6161,.F.);
#6484=ADVANCED_FACE('',(#5944,#5945),#63,.F.);
#6485=ADVANCED_FACE('',(#5946,#5947),#6162,.F.);
#6486=ADVANCED_FACE('',(#5948,#5949),#64,.F.);
#6487=ADVANCED_FACE('',(#5950,#5951),#6163,.F.);
#6488=ADVANCED_FACE('',(#5952,#5953),#65,.F.);
#6489=ADVANCED_FACE('',(#5954,#5955),#6164,.F.);
#6490=ADVANCED_FACE('',(#5956,#5957),#66,.F.);
#6491=ADVANCED_FACE('',(#5958,#5959),#6165,.F.);
#6492=ADVANCED_FACE('',(#5960,#5961),#67,.F.);
#6493=ADVANCED_FACE('',(#5962,#5963),#6166,.F.);
#6494=ADVANCED_FACE('',(#5964,#5965),#68,.F.);
#6495=ADVANCED_FACE('',(#5966,#5967),#6167,.F.);
#6496=ADVANCED_FACE('',(#5968),#6168,.T.);
#6497=ADVANCED_FACE('',(#5969),#236,.F.);
#6498=ADVANCED_FACE('',(#5970),#6169,.T.);
#6499=ADVANCED_FACE('',(#5971),#237,.F.);
#6500=ADVANCED_FACE('',(#5972),#6170,.T.);
#6501=ADVANCED_FACE('',(#5973),#238,.F.);
#6502=ADVANCED_FACE('',(#5974),#6171,.T.);
#6503=ADVANCED_FACE('',(#5975),#239,.F.);
#6504=ADVANCED_FACE('',(#5976),#6172,.T.);
#6505=ADVANCED_FACE('',(#5977),#240,.F.);
#6506=ADVANCED_FACE('',(#5978),#6173,.T.);
#6507=ADVANCED_FACE('',(#5979),#241,.F.);
#6508=ADVANCED_FACE('',(#5980,#5981,#5982,#5983,#5984,#5985),#242,.T.);
#6509=ADVANCED_FACE('',(#5986,#5987,#5988,#5989,#5990,#5991),#243,.F.);
#6510=ADVANCED_FACE('',(#5992,#5993),#6174,.F.);
#6511=ADVANCED_FACE('',(#5994,#5995),#69,.F.);
#6512=ADVANCED_FACE('',(#5996,#5997),#6175,.F.);
#6513=ADVANCED_FACE('',(#5998,#5999),#70,.F.);
#6514=ADVANCED_FACE('',(#6000,#6001),#6176,.F.);
#6515=ADVANCED_FACE('',(#6002,#6003),#71,.F.);
#6516=ADVANCED_FACE('',(#6004,#6005),#6177,.F.);
#6517=ADVANCED_FACE('',(#6006,#6007),#72,.F.);
#6518=ADVANCED_FACE('',(#6008,#6009),#6178,.F.);
#6519=CLOSED_SHELL('',(#6179,#6180,#6181,#6182,#6183,#6184,#6185,#6186,
#6187,#6188,#6189,#6190,#6191,#6192,#6193,#6194,#6195,#6196,#6197,#6198,
#6199,#6200,#6201,#6202,#6203,#6204,#6205,#6206,#6207,#6208,#6209,#6210,
#6211,#6212,#6213,#6214,#6215,#6216,#6217,#6218,#6219,#6220,#6221,#6222,
#6223,#6224,#6225,#6226,#6227,#6228,#6229,#6230,#6231,#6232,#6233,#6234,
#6235,#6236,#6237,#6238,#6239,#6240,#6241,#6242,#6243,#6244,#6245,#6246,
#6247,#6248,#6249,#6250,#6251,#6252,#6253,#6254,#6255,#6256,#6257,#6258,
#6259,#6260,#6261,#6262,#6263,#6264,#6265,#6266,#6267,#6268,#6269,#6270,
#6271,#6272,#6273,#6274,#6275,#6276,#6277,#6278,#6279,#6280,#6281,#6282,
#6283,#6284,#6285,#6286,#6287,#6288,#6289,#6290,#6291,#6292,#6293,#6294,
#6295,#6296,#6297,#6298,#6299,#6300,#6301,#6302,#6303,#6304,#6305,#6306,
#6307,#6308,#6309,#6310));
#6520=CLOSED_SHELL('',(#6311,#6312,#6313,#6314,#6315,#6316,#6317,#6318,
#6319,#6320,#6321,#6322,#6323,#6324,#6325,#6326,#6327,#6328,#6329,#6330,
#6331,#6332,#6333,#6334,#6335,#6336,#6337,#6338,#6339,#6340,#6341,#6342,
#6343,#6344,#6345,#6346,#6347,#6348,#6349,#6350,#6351,#6352,#6353,#6354,
#6355,#6356,#6357,#6358,#6359,#6360,#6361,#6362,#6363,#6364,#6365,#6366,
#6367,#6368,#6369,#6370,#6371,#6372,#6373,#6374,#6375,#6376,#6377,#6378,
#6379,#6380,#6381,#6382,#6383,#6384,#6385,#6386,#6387,#6388,#6389,#6390,
#6391,#6392,#6393,#6394,#6395,#6396,#6397,#6398,#6399,#6400,#6401,#6402,
#6403,#6404,#6405,#6406,#6407,#6408,#6409,#6410,#6411,#6412,#6413,#6414,
#6415,#6416,#6417,#6418,#6419,#6420,#6421,#6422,#6423,#6424,#6425,#6426,
#6427,#6428,#6429,#6430,#6431,#6432,#6433,#6434,#6435,#6436,#6437,#6438,
#6439,#6440,#6441,#6442,#6443,#6444,#6445,#6446,#6447,#6448,#6449,#6450,
#6451,#6452,#6453,#6454,#6455,#6456,#6457,#6458,#6459,#6460,#6461,#6462,
#6463,#6464,#6465));
#6521=CLOSED_SHELL('',(#6466,#6467,#6468,#6469,#6470,#6471,#6472,#6473,
#6474,#6475,#6476,#6477,#6478,#6479,#6480,#6481,#6482,#6483,#6484,#6485,
#6486,#6487,#6488,#6489,#6490,#6491,#6492,#6493,#6494,#6495));
#6522=CLOSED_SHELL('',(#6496,#6497,#6498,#6499,#6500,#6501,#6502,#6503,
#6504,#6505,#6506,#6507,#6508,#6509,#6510,#6511,#6512,#6513,#6514,#6515,
#6516,#6517,#6518));
#6523=STYLED_ITEM('',(#6681),#7632);
#6524=STYLED_ITEM('',(#6682),#6311);
#6525=STYLED_ITEM('',(#6683),#6312);
#6526=STYLED_ITEM('',(#6684),#6313);
#6527=STYLED_ITEM('',(#6685),#6314);
#6528=STYLED_ITEM('',(#6686),#6315);
#6529=STYLED_ITEM('',(#6687),#6316);
#6530=STYLED_ITEM('',(#6688),#6317);
#6531=STYLED_ITEM('',(#6689),#6318);
#6532=STYLED_ITEM('',(#6690),#6319);
#6533=STYLED_ITEM('',(#6691),#6320);
#6534=STYLED_ITEM('',(#6692),#6321);
#6535=STYLED_ITEM('',(#6693),#6322);
#6536=STYLED_ITEM('',(#6694),#6323);
#6537=STYLED_ITEM('',(#6695),#6324);
#6538=STYLED_ITEM('',(#6696),#6325);
#6539=STYLED_ITEM('',(#6697),#6326);
#6540=STYLED_ITEM('',(#6698),#6327);
#6541=STYLED_ITEM('',(#6699),#6328);
#6542=STYLED_ITEM('',(#6700),#6329);
#6543=STYLED_ITEM('',(#6701),#6330);
#6544=STYLED_ITEM('',(#6702),#6331);
#6545=STYLED_ITEM('',(#6703),#6332);
#6546=STYLED_ITEM('',(#6704),#6333);
#6547=STYLED_ITEM('',(#6705),#6334);
#6548=STYLED_ITEM('',(#6706),#6335);
#6549=STYLED_ITEM('',(#6707),#6336);
#6550=STYLED_ITEM('',(#6708),#6337);
#6551=STYLED_ITEM('',(#6709),#6338);
#6552=STYLED_ITEM('',(#6710),#6339);
#6553=STYLED_ITEM('',(#6711),#6340);
#6554=STYLED_ITEM('',(#6712),#6341);
#6555=STYLED_ITEM('',(#6713),#6342);
#6556=STYLED_ITEM('',(#6714),#6343);
#6557=STYLED_ITEM('',(#6715),#6344);
#6558=STYLED_ITEM('',(#6716),#6345);
#6559=STYLED_ITEM('',(#6717),#6346);
#6560=STYLED_ITEM('',(#6718),#6347);
#6561=STYLED_ITEM('',(#6719),#6348);
#6562=STYLED_ITEM('',(#6720),#6349);
#6563=STYLED_ITEM('',(#6721),#6350);
#6564=STYLED_ITEM('',(#6722),#6351);
#6565=STYLED_ITEM('',(#6723),#6352);
#6566=STYLED_ITEM('',(#6724),#6353);
#6567=STYLED_ITEM('',(#6725),#6354);
#6568=STYLED_ITEM('',(#6726),#6355);
#6569=STYLED_ITEM('',(#6727),#6356);
#6570=STYLED_ITEM('',(#6728),#6357);
#6571=STYLED_ITEM('',(#6729),#6358);
#6572=STYLED_ITEM('',(#6730),#6359);
#6573=STYLED_ITEM('',(#6731),#6360);
#6574=STYLED_ITEM('',(#6732),#6361);
#6575=STYLED_ITEM('',(#6733),#6362);
#6576=STYLED_ITEM('',(#6734),#6363);
#6577=STYLED_ITEM('',(#6735),#6364);
#6578=STYLED_ITEM('',(#6736),#6365);
#6579=STYLED_ITEM('',(#6737),#6366);
#6580=STYLED_ITEM('',(#6738),#6367);
#6581=STYLED_ITEM('',(#6739),#6368);
#6582=STYLED_ITEM('',(#6740),#6369);
#6583=STYLED_ITEM('',(#6741),#6370);
#6584=STYLED_ITEM('',(#6742),#6371);
#6585=STYLED_ITEM('',(#6743),#6372);
#6586=STYLED_ITEM('',(#6744),#6373);
#6587=STYLED_ITEM('',(#6745),#6374);
#6588=STYLED_ITEM('',(#6746),#6375);
#6589=STYLED_ITEM('',(#6747),#6376);
#6590=STYLED_ITEM('',(#6748),#6377);
#6591=STYLED_ITEM('',(#6749),#6378);
#6592=STYLED_ITEM('',(#6750),#6379);
#6593=STYLED_ITEM('',(#6751),#6380);
#6594=STYLED_ITEM('',(#6752),#6381);
#6595=STYLED_ITEM('',(#6753),#6382);
#6596=STYLED_ITEM('',(#6754),#6383);
#6597=STYLED_ITEM('',(#6755),#6384);
#6598=STYLED_ITEM('',(#6756),#6385);
#6599=STYLED_ITEM('',(#6757),#6386);
#6600=STYLED_ITEM('',(#6758),#6387);
#6601=STYLED_ITEM('',(#6759),#6388);
#6602=STYLED_ITEM('',(#6760),#6389);
#6603=STYLED_ITEM('',(#6761),#6390);
#6604=STYLED_ITEM('',(#6762),#6391);
#6605=STYLED_ITEM('',(#6763),#6392);
#6606=STYLED_ITEM('',(#6764),#6393);
#6607=STYLED_ITEM('',(#6765),#6394);
#6608=STYLED_ITEM('',(#6766),#6395);
#6609=STYLED_ITEM('',(#6767),#6396);
#6610=STYLED_ITEM('',(#6768),#6397);
#6611=STYLED_ITEM('',(#6769),#6398);
#6612=STYLED_ITEM('',(#6770),#6399);
#6613=STYLED_ITEM('',(#6771),#6400);
#6614=STYLED_ITEM('',(#6772),#6401);
#6615=STYLED_ITEM('',(#6773),#6402);
#6616=STYLED_ITEM('',(#6774),#6403);
#6617=STYLED_ITEM('',(#6775),#6404);
#6618=STYLED_ITEM('',(#6776),#6405);
#6619=STYLED_ITEM('',(#6777),#6406);
#6620=STYLED_ITEM('',(#6778),#6407);
#6621=STYLED_ITEM('',(#6779),#6408);
#6622=STYLED_ITEM('',(#6780),#6409);
#6623=STYLED_ITEM('',(#6781),#6410);
#6624=STYLED_ITEM('',(#6782),#6411);
#6625=STYLED_ITEM('',(#6783),#6412);
#6626=STYLED_ITEM('',(#6784),#6413);
#6627=STYLED_ITEM('',(#6785),#6414);
#6628=STYLED_ITEM('',(#6786),#6415);
#6629=STYLED_ITEM('',(#6787),#6416);
#6630=STYLED_ITEM('',(#6788),#6417);
#6631=STYLED_ITEM('',(#6789),#6418);
#6632=STYLED_ITEM('',(#6790),#6419);
#6633=STYLED_ITEM('',(#6791),#6420);
#6634=STYLED_ITEM('',(#6792),#6421);
#6635=STYLED_ITEM('',(#6793),#6422);
#6636=STYLED_ITEM('',(#6794),#6423);
#6637=STYLED_ITEM('',(#6795),#6424);
#6638=STYLED_ITEM('',(#6796),#6425);
#6639=STYLED_ITEM('',(#6797),#6426);
#6640=STYLED_ITEM('',(#6798),#6427);
#6641=STYLED_ITEM('',(#6799),#6428);
#6642=STYLED_ITEM('',(#6800),#6429);
#6643=STYLED_ITEM('',(#6801),#6430);
#6644=STYLED_ITEM('',(#6802),#6431);
#6645=STYLED_ITEM('',(#6803),#6432);
#6646=STYLED_ITEM('',(#6804),#6433);
#6647=STYLED_ITEM('',(#6805),#6434);
#6648=STYLED_ITEM('',(#6806),#6435);
#6649=STYLED_ITEM('',(#6807),#6436);
#6650=STYLED_ITEM('',(#6808),#6437);
#6651=STYLED_ITEM('',(#6809),#6438);
#6652=STYLED_ITEM('',(#6810),#6439);
#6653=STYLED_ITEM('',(#6811),#6440);
#6654=STYLED_ITEM('',(#6812),#6441);
#6655=STYLED_ITEM('',(#6813),#6442);
#6656=STYLED_ITEM('',(#6814),#6443);
#6657=STYLED_ITEM('',(#6815),#6444);
#6658=STYLED_ITEM('',(#6816),#6445);
#6659=STYLED_ITEM('',(#6817),#6446);
#6660=STYLED_ITEM('',(#6818),#6447);
#6661=STYLED_ITEM('',(#6819),#6448);
#6662=STYLED_ITEM('',(#6820),#6449);
#6663=STYLED_ITEM('',(#6821),#6450);
#6664=STYLED_ITEM('',(#6822),#6451);
#6665=STYLED_ITEM('',(#6823),#6452);
#6666=STYLED_ITEM('',(#6824),#6453);
#6667=STYLED_ITEM('',(#6825),#6454);
#6668=STYLED_ITEM('',(#6826),#6455);
#6669=STYLED_ITEM('',(#6827),#6456);
#6670=STYLED_ITEM('',(#6828),#6457);
#6671=STYLED_ITEM('',(#6829),#6458);
#6672=STYLED_ITEM('',(#6830),#6459);
#6673=STYLED_ITEM('',(#6831),#6460);
#6674=STYLED_ITEM('',(#6832),#6461);
#6675=STYLED_ITEM('',(#6833),#6462);
#6676=STYLED_ITEM('',(#6834),#6463);
#6677=STYLED_ITEM('',(#6835),#6464);
#6678=STYLED_ITEM('',(#6836),#6465);
#6679=STYLED_ITEM('',(#6837),#7634);
#6680=STYLED_ITEM('',(#6838),#7635);
#6681=PRESENTATION_STYLE_ASSIGNMENT((#6839));
#6682=PRESENTATION_STYLE_ASSIGNMENT((#6840));
#6683=PRESENTATION_STYLE_ASSIGNMENT((#6841));
#6684=PRESENTATION_STYLE_ASSIGNMENT((#6842));
#6685=PRESENTATION_STYLE_ASSIGNMENT((#6843));
#6686=PRESENTATION_STYLE_ASSIGNMENT((#6844));
#6687=PRESENTATION_STYLE_ASSIGNMENT((#6845));
#6688=PRESENTATION_STYLE_ASSIGNMENT((#6846));
#6689=PRESENTATION_STYLE_ASSIGNMENT((#6847));
#6690=PRESENTATION_STYLE_ASSIGNMENT((#6848));
#6691=PRESENTATION_STYLE_ASSIGNMENT((#6849));
#6692=PRESENTATION_STYLE_ASSIGNMENT((#6850));
#6693=PRESENTATION_STYLE_ASSIGNMENT((#6851));
#6694=PRESENTATION_STYLE_ASSIGNMENT((#6852));
#6695=PRESENTATION_STYLE_ASSIGNMENT((#6853));
#6696=PRESENTATION_STYLE_ASSIGNMENT((#6854));
#6697=PRESENTATION_STYLE_ASSIGNMENT((#6855));
#6698=PRESENTATION_STYLE_ASSIGNMENT((#6856));
#6699=PRESENTATION_STYLE_ASSIGNMENT((#6857));
#6700=PRESENTATION_STYLE_ASSIGNMENT((#6858));
#6701=PRESENTATION_STYLE_ASSIGNMENT((#6859));
#6702=PRESENTATION_STYLE_ASSIGNMENT((#6860));
#6703=PRESENTATION_STYLE_ASSIGNMENT((#6861));
#6704=PRESENTATION_STYLE_ASSIGNMENT((#6862));
#6705=PRESENTATION_STYLE_ASSIGNMENT((#6863));
#6706=PRESENTATION_STYLE_ASSIGNMENT((#6864));
#6707=PRESENTATION_STYLE_ASSIGNMENT((#6865));
#6708=PRESENTATION_STYLE_ASSIGNMENT((#6866));
#6709=PRESENTATION_STYLE_ASSIGNMENT((#6867));
#6710=PRESENTATION_STYLE_ASSIGNMENT((#6868));
#6711=PRESENTATION_STYLE_ASSIGNMENT((#6869));
#6712=PRESENTATION_STYLE_ASSIGNMENT((#6870));
#6713=PRESENTATION_STYLE_ASSIGNMENT((#6871));
#6714=PRESENTATION_STYLE_ASSIGNMENT((#6872));
#6715=PRESENTATION_STYLE_ASSIGNMENT((#6873));
#6716=PRESENTATION_STYLE_ASSIGNMENT((#6874));
#6717=PRESENTATION_STYLE_ASSIGNMENT((#6875));
#6718=PRESENTATION_STYLE_ASSIGNMENT((#6876));
#6719=PRESENTATION_STYLE_ASSIGNMENT((#6877));
#6720=PRESENTATION_STYLE_ASSIGNMENT((#6878));
#6721=PRESENTATION_STYLE_ASSIGNMENT((#6879));
#6722=PRESENTATION_STYLE_ASSIGNMENT((#6880));
#6723=PRESENTATION_STYLE_ASSIGNMENT((#6881));
#6724=PRESENTATION_STYLE_ASSIGNMENT((#6882));
#6725=PRESENTATION_STYLE_ASSIGNMENT((#6883));
#6726=PRESENTATION_STYLE_ASSIGNMENT((#6884));
#6727=PRESENTATION_STYLE_ASSIGNMENT((#6885));
#6728=PRESENTATION_STYLE_ASSIGNMENT((#6886));
#6729=PRESENTATION_STYLE_ASSIGNMENT((#6887));
#6730=PRESENTATION_STYLE_ASSIGNMENT((#6888));
#6731=PRESENTATION_STYLE_ASSIGNMENT((#6889));
#6732=PRESENTATION_STYLE_ASSIGNMENT((#6890));
#6733=PRESENTATION_STYLE_ASSIGNMENT((#6891));
#6734=PRESENTATION_STYLE_ASSIGNMENT((#6892));
#6735=PRESENTATION_STYLE_ASSIGNMENT((#6893));
#6736=PRESENTATION_STYLE_ASSIGNMENT((#6894));
#6737=PRESENTATION_STYLE_ASSIGNMENT((#6895));
#6738=PRESENTATION_STYLE_ASSIGNMENT((#6896));
#6739=PRESENTATION_STYLE_ASSIGNMENT((#6897));
#6740=PRESENTATION_STYLE_ASSIGNMENT((#6898));
#6741=PRESENTATION_STYLE_ASSIGNMENT((#6899));
#6742=PRESENTATION_STYLE_ASSIGNMENT((#6900));
#6743=PRESENTATION_STYLE_ASSIGNMENT((#6901));
#6744=PRESENTATION_STYLE_ASSIGNMENT((#6902));
#6745=PRESENTATION_STYLE_ASSIGNMENT((#6903));
#6746=PRESENTATION_STYLE_ASSIGNMENT((#6904));
#6747=PRESENTATION_STYLE_ASSIGNMENT((#6905));
#6748=PRESENTATION_STYLE_ASSIGNMENT((#6906));
#6749=PRESENTATION_STYLE_ASSIGNMENT((#6907));
#6750=PRESENTATION_STYLE_ASSIGNMENT((#6908));
#6751=PRESENTATION_STYLE_ASSIGNMENT((#6909));
#6752=PRESENTATION_STYLE_ASSIGNMENT((#6910));
#6753=PRESENTATION_STYLE_ASSIGNMENT((#6911));
#6754=PRESENTATION_STYLE_ASSIGNMENT((#6912));
#6755=PRESENTATION_STYLE_ASSIGNMENT((#6913));
#6756=PRESENTATION_STYLE_ASSIGNMENT((#6914));
#6757=PRESENTATION_STYLE_ASSIGNMENT((#6915));
#6758=PRESENTATION_STYLE_ASSIGNMENT((#6916));
#6759=PRESENTATION_STYLE_ASSIGNMENT((#6917));
#6760=PRESENTATION_STYLE_ASSIGNMENT((#6918));
#6761=PRESENTATION_STYLE_ASSIGNMENT((#6919));
#6762=PRESENTATION_STYLE_ASSIGNMENT((#6920));
#6763=PRESENTATION_STYLE_ASSIGNMENT((#6921));
#6764=PRESENTATION_STYLE_ASSIGNMENT((#6922));
#6765=PRESENTATION_STYLE_ASSIGNMENT((#6923));
#6766=PRESENTATION_STYLE_ASSIGNMENT((#6924));
#6767=PRESENTATION_STYLE_ASSIGNMENT((#6925));
#6768=PRESENTATION_STYLE_ASSIGNMENT((#6926));
#6769=PRESENTATION_STYLE_ASSIGNMENT((#6927));
#6770=PRESENTATION_STYLE_ASSIGNMENT((#6928));
#6771=PRESENTATION_STYLE_ASSIGNMENT((#6929));
#6772=PRESENTATION_STYLE_ASSIGNMENT((#6930));
#6773=PRESENTATION_STYLE_ASSIGNMENT((#6931));
#6774=PRESENTATION_STYLE_ASSIGNMENT((#6932));
#6775=PRESENTATION_STYLE_ASSIGNMENT((#6933));
#6776=PRESENTATION_STYLE_ASSIGNMENT((#6934));
#6777=PRESENTATION_STYLE_ASSIGNMENT((#6935));
#6778=PRESENTATION_STYLE_ASSIGNMENT((#6936));
#6779=PRESENTATION_STYLE_ASSIGNMENT((#6937));
#6780=PRESENTATION_STYLE_ASSIGNMENT((#6938));
#6781=PRESENTATION_STYLE_ASSIGNMENT((#6939));
#6782=PRESENTATION_STYLE_ASSIGNMENT((#6940));
#6783=PRESENTATION_STYLE_ASSIGNMENT((#6941));
#6784=PRESENTATION_STYLE_ASSIGNMENT((#6942));
#6785=PRESENTATION_STYLE_ASSIGNMENT((#6943));
#6786=PRESENTATION_STYLE_ASSIGNMENT((#6944));
#6787=PRESENTATION_STYLE_ASSIGNMENT((#6945));
#6788=PRESENTATION_STYLE_ASSIGNMENT((#6946));
#6789=PRESENTATION_STYLE_ASSIGNMENT((#6947));
#6790=PRESENTATION_STYLE_ASSIGNMENT((#6948));
#6791=PRESENTATION_STYLE_ASSIGNMENT((#6949));
#6792=PRESENTATION_STYLE_ASSIGNMENT((#6950));
#6793=PRESENTATION_STYLE_ASSIGNMENT((#6951));
#6794=PRESENTATION_STYLE_ASSIGNMENT((#6952));
#6795=PRESENTATION_STYLE_ASSIGNMENT((#6953));
#6796=PRESENTATION_STYLE_ASSIGNMENT((#6954));
#6797=PRESENTATION_STYLE_ASSIGNMENT((#6955));
#6798=PRESENTATION_STYLE_ASSIGNMENT((#6956));
#6799=PRESENTATION_STYLE_ASSIGNMENT((#6957));
#6800=PRESENTATION_STYLE_ASSIGNMENT((#6958));
#6801=PRESENTATION_STYLE_ASSIGNMENT((#6959));
#6802=PRESENTATION_STYLE_ASSIGNMENT((#6960));
#6803=PRESENTATION_STYLE_ASSIGNMENT((#6961));
#6804=PRESENTATION_STYLE_ASSIGNMENT((#6962));
#6805=PRESENTATION_STYLE_ASSIGNMENT((#6963));
#6806=PRESENTATION_STYLE_ASSIGNMENT((#6964));
#6807=PRESENTATION_STYLE_ASSIGNMENT((#6965));
#6808=PRESENTATION_STYLE_ASSIGNMENT((#6966));
#6809=PRESENTATION_STYLE_ASSIGNMENT((#6967));
#6810=PRESENTATION_STYLE_ASSIGNMENT((#6968));
#6811=PRESENTATION_STYLE_ASSIGNMENT((#6969));
#6812=PRESENTATION_STYLE_ASSIGNMENT((#6970));
#6813=PRESENTATION_STYLE_ASSIGNMENT((#6971));
#6814=PRESENTATION_STYLE_ASSIGNMENT((#6972));
#6815=PRESENTATION_STYLE_ASSIGNMENT((#6973));
#6816=PRESENTATION_STYLE_ASSIGNMENT((#6974));
#6817=PRESENTATION_STYLE_ASSIGNMENT((#6975));
#6818=PRESENTATION_STYLE_ASSIGNMENT((#6976));
#6819=PRESENTATION_STYLE_ASSIGNMENT((#6977));
#6820=PRESENTATION_STYLE_ASSIGNMENT((#6978));
#6821=PRESENTATION_STYLE_ASSIGNMENT((#6979));
#6822=PRESENTATION_STYLE_ASSIGNMENT((#6980));
#6823=PRESENTATION_STYLE_ASSIGNMENT((#6981));
#6824=PRESENTATION_STYLE_ASSIGNMENT((#6982));
#6825=PRESENTATION_STYLE_ASSIGNMENT((#6983));
#6826=PRESENTATION_STYLE_ASSIGNMENT((#6984));
#6827=PRESENTATION_STYLE_ASSIGNMENT((#6985));
#6828=PRESENTATION_STYLE_ASSIGNMENT((#6986));
#6829=PRESENTATION_STYLE_ASSIGNMENT((#6987));
#6830=PRESENTATION_STYLE_ASSIGNMENT((#6988));
#6831=PRESENTATION_STYLE_ASSIGNMENT((#6989));
#6832=PRESENTATION_STYLE_ASSIGNMENT((#6990));
#6833=PRESENTATION_STYLE_ASSIGNMENT((#6991));
#6834=PRESENTATION_STYLE_ASSIGNMENT((#6992));
#6835=PRESENTATION_STYLE_ASSIGNMENT((#6993));
#6836=PRESENTATION_STYLE_ASSIGNMENT((#6994));
#6837=PRESENTATION_STYLE_ASSIGNMENT((#6995));
#6838=PRESENTATION_STYLE_ASSIGNMENT((#6996));
#6839=SURFACE_STYLE_USAGE(.BOTH.,#6997);
#6840=SURFACE_STYLE_USAGE(.BOTH.,#6998);
#6841=SURFACE_STYLE_USAGE(.BOTH.,#6999);
#6842=SURFACE_STYLE_USAGE(.BOTH.,#7000);
#6843=SURFACE_STYLE_USAGE(.BOTH.,#7001);
#6844=SURFACE_STYLE_USAGE(.BOTH.,#7002);
#6845=SURFACE_STYLE_USAGE(.BOTH.,#7003);
#6846=SURFACE_STYLE_USAGE(.BOTH.,#7004);
#6847=SURFACE_STYLE_USAGE(.BOTH.,#7005);
#6848=SURFACE_STYLE_USAGE(.BOTH.,#7006);
#6849=SURFACE_STYLE_USAGE(.BOTH.,#7007);
#6850=SURFACE_STYLE_USAGE(.BOTH.,#7008);
#6851=SURFACE_STYLE_USAGE(.BOTH.,#7009);
#6852=SURFACE_STYLE_USAGE(.BOTH.,#7010);
#6853=SURFACE_STYLE_USAGE(.BOTH.,#7011);
#6854=SURFACE_STYLE_USAGE(.BOTH.,#7012);
#6855=SURFACE_STYLE_USAGE(.BOTH.,#7013);
#6856=SURFACE_STYLE_USAGE(.BOTH.,#7014);
#6857=SURFACE_STYLE_USAGE(.BOTH.,#7015);
#6858=SURFACE_STYLE_USAGE(.BOTH.,#7016);
#6859=SURFACE_STYLE_USAGE(.BOTH.,#7017);
#6860=SURFACE_STYLE_USAGE(.BOTH.,#7018);
#6861=SURFACE_STYLE_USAGE(.BOTH.,#7019);
#6862=SURFACE_STYLE_USAGE(.BOTH.,#7020);
#6863=SURFACE_STYLE_USAGE(.BOTH.,#7021);
#6864=SURFACE_STYLE_USAGE(.BOTH.,#7022);
#6865=SURFACE_STYLE_USAGE(.BOTH.,#7023);
#6866=SURFACE_STYLE_USAGE(.BOTH.,#7024);
#6867=SURFACE_STYLE_USAGE(.BOTH.,#7025);
#6868=SURFACE_STYLE_USAGE(.BOTH.,#7026);
#6869=SURFACE_STYLE_USAGE(.BOTH.,#7027);
#6870=SURFACE_STYLE_USAGE(.BOTH.,#7028);
#6871=SURFACE_STYLE_USAGE(.BOTH.,#7029);
#6872=SURFACE_STYLE_USAGE(.BOTH.,#7030);
#6873=SURFACE_STYLE_USAGE(.BOTH.,#7031);
#6874=SURFACE_STYLE_USAGE(.BOTH.,#7032);
#6875=SURFACE_STYLE_USAGE(.BOTH.,#7033);
#6876=SURFACE_STYLE_USAGE(.BOTH.,#7034);
#6877=SURFACE_STYLE_USAGE(.BOTH.,#7035);
#6878=SURFACE_STYLE_USAGE(.BOTH.,#7036);
#6879=SURFACE_STYLE_USAGE(.BOTH.,#7037);
#6880=SURFACE_STYLE_USAGE(.BOTH.,#7038);
#6881=SURFACE_STYLE_USAGE(.BOTH.,#7039);
#6882=SURFACE_STYLE_USAGE(.BOTH.,#7040);
#6883=SURFACE_STYLE_USAGE(.BOTH.,#7041);
#6884=SURFACE_STYLE_USAGE(.BOTH.,#7042);
#6885=SURFACE_STYLE_USAGE(.BOTH.,#7043);
#6886=SURFACE_STYLE_USAGE(.BOTH.,#7044);
#6887=SURFACE_STYLE_USAGE(.BOTH.,#7045);
#6888=SURFACE_STYLE_USAGE(.BOTH.,#7046);
#6889=SURFACE_STYLE_USAGE(.BOTH.,#7047);
#6890=SURFACE_STYLE_USAGE(.BOTH.,#7048);
#6891=SURFACE_STYLE_USAGE(.BOTH.,#7049);
#6892=SURFACE_STYLE_USAGE(.BOTH.,#7050);
#6893=SURFACE_STYLE_USAGE(.BOTH.,#7051);
#6894=SURFACE_STYLE_USAGE(.BOTH.,#7052);
#6895=SURFACE_STYLE_USAGE(.BOTH.,#7053);
#6896=SURFACE_STYLE_USAGE(.BOTH.,#7054);
#6897=SURFACE_STYLE_USAGE(.BOTH.,#7055);
#6898=SURFACE_STYLE_USAGE(.BOTH.,#7056);
#6899=SURFACE_STYLE_USAGE(.BOTH.,#7057);
#6900=SURFACE_STYLE_USAGE(.BOTH.,#7058);
#6901=SURFACE_STYLE_USAGE(.BOTH.,#7059);
#6902=SURFACE_STYLE_USAGE(.BOTH.,#7060);
#6903=SURFACE_STYLE_USAGE(.BOTH.,#7061);
#6904=SURFACE_STYLE_USAGE(.BOTH.,#7062);
#6905=SURFACE_STYLE_USAGE(.BOTH.,#7063);
#6906=SURFACE_STYLE_USAGE(.BOTH.,#7064);
#6907=SURFACE_STYLE_USAGE(.BOTH.,#7065);
#6908=SURFACE_STYLE_USAGE(.BOTH.,#7066);
#6909=SURFACE_STYLE_USAGE(.BOTH.,#7067);
#6910=SURFACE_STYLE_USAGE(.BOTH.,#7068);
#6911=SURFACE_STYLE_USAGE(.BOTH.,#7069);
#6912=SURFACE_STYLE_USAGE(.BOTH.,#7070);
#6913=SURFACE_STYLE_USAGE(.BOTH.,#7071);
#6914=SURFACE_STYLE_USAGE(.BOTH.,#7072);
#6915=SURFACE_STYLE_USAGE(.BOTH.,#7073);
#6916=SURFACE_STYLE_USAGE(.BOTH.,#7074);
#6917=SURFACE_STYLE_USAGE(.BOTH.,#7075);
#6918=SURFACE_STYLE_USAGE(.BOTH.,#7076);
#6919=SURFACE_STYLE_USAGE(.BOTH.,#7077);
#6920=SURFACE_STYLE_USAGE(.BOTH.,#7078);
#6921=SURFACE_STYLE_USAGE(.BOTH.,#7079);
#6922=SURFACE_STYLE_USAGE(.BOTH.,#7080);
#6923=SURFACE_STYLE_USAGE(.BOTH.,#7081);
#6924=SURFACE_STYLE_USAGE(.BOTH.,#7082);
#6925=SURFACE_STYLE_USAGE(.BOTH.,#7083);
#6926=SURFACE_STYLE_USAGE(.BOTH.,#7084);
#6927=SURFACE_STYLE_USAGE(.BOTH.,#7085);
#6928=SURFACE_STYLE_USAGE(.BOTH.,#7086);
#6929=SURFACE_STYLE_USAGE(.BOTH.,#7087);
#6930=SURFACE_STYLE_USAGE(.BOTH.,#7088);
#6931=SURFACE_STYLE_USAGE(.BOTH.,#7089);
#6932=SURFACE_STYLE_USAGE(.BOTH.,#7090);
#6933=SURFACE_STYLE_USAGE(.BOTH.,#7091);
#6934=SURFACE_STYLE_USAGE(.BOTH.,#7092);
#6935=SURFACE_STYLE_USAGE(.BOTH.,#7093);
#6936=SURFACE_STYLE_USAGE(.BOTH.,#7094);
#6937=SURFACE_STYLE_USAGE(.BOTH.,#7095);
#6938=SURFACE_STYLE_USAGE(.BOTH.,#7096);
#6939=SURFACE_STYLE_USAGE(.BOTH.,#7097);
#6940=SURFACE_STYLE_USAGE(.BOTH.,#7098);
#6941=SURFACE_STYLE_USAGE(.BOTH.,#7099);
#6942=SURFACE_STYLE_USAGE(.BOTH.,#7100);
#6943=SURFACE_STYLE_USAGE(.BOTH.,#7101);
#6944=SURFACE_STYLE_USAGE(.BOTH.,#7102);
#6945=SURFACE_STYLE_USAGE(.BOTH.,#7103);
#6946=SURFACE_STYLE_USAGE(.BOTH.,#7104);
#6947=SURFACE_STYLE_USAGE(.BOTH.,#7105);
#6948=SURFACE_STYLE_USAGE(.BOTH.,#7106);
#6949=SURFACE_STYLE_USAGE(.BOTH.,#7107);
#6950=SURFACE_STYLE_USAGE(.BOTH.,#7108);
#6951=SURFACE_STYLE_USAGE(.BOTH.,#7109);
#6952=SURFACE_STYLE_USAGE(.BOTH.,#7110);
#6953=SURFACE_STYLE_USAGE(.BOTH.,#7111);
#6954=SURFACE_STYLE_USAGE(.BOTH.,#7112);
#6955=SURFACE_STYLE_USAGE(.BOTH.,#7113);
#6956=SURFACE_STYLE_USAGE(.BOTH.,#7114);
#6957=SURFACE_STYLE_USAGE(.BOTH.,#7115);
#6958=SURFACE_STYLE_USAGE(.BOTH.,#7116);
#6959=SURFACE_STYLE_USAGE(.BOTH.,#7117);
#6960=SURFACE_STYLE_USAGE(.BOTH.,#7118);
#6961=SURFACE_STYLE_USAGE(.BOTH.,#7119);
#6962=SURFACE_STYLE_USAGE(.BOTH.,#7120);
#6963=SURFACE_STYLE_USAGE(.BOTH.,#7121);
#6964=SURFACE_STYLE_USAGE(.BOTH.,#7122);
#6965=SURFACE_STYLE_USAGE(.BOTH.,#7123);
#6966=SURFACE_STYLE_USAGE(.BOTH.,#7124);
#6967=SURFACE_STYLE_USAGE(.BOTH.,#7125);
#6968=SURFACE_STYLE_USAGE(.BOTH.,#7126);
#6969=SURFACE_STYLE_USAGE(.BOTH.,#7127);
#6970=SURFACE_STYLE_USAGE(.BOTH.,#7128);
#6971=SURFACE_STYLE_USAGE(.BOTH.,#7129);
#6972=SURFACE_STYLE_USAGE(.BOTH.,#7130);
#6973=SURFACE_STYLE_USAGE(.BOTH.,#7131);
#6974=SURFACE_STYLE_USAGE(.BOTH.,#7132);
#6975=SURFACE_STYLE_USAGE(.BOTH.,#7133);
#6976=SURFACE_STYLE_USAGE(.BOTH.,#7134);
#6977=SURFACE_STYLE_USAGE(.BOTH.,#7135);
#6978=SURFACE_STYLE_USAGE(.BOTH.,#7136);
#6979=SURFACE_STYLE_USAGE(.BOTH.,#7137);
#6980=SURFACE_STYLE_USAGE(.BOTH.,#7138);
#6981=SURFACE_STYLE_USAGE(.BOTH.,#7139);
#6982=SURFACE_STYLE_USAGE(.BOTH.,#7140);
#6983=SURFACE_STYLE_USAGE(.BOTH.,#7141);
#6984=SURFACE_STYLE_USAGE(.BOTH.,#7142);
#6985=SURFACE_STYLE_USAGE(.BOTH.,#7143);
#6986=SURFACE_STYLE_USAGE(.BOTH.,#7144);
#6987=SURFACE_STYLE_USAGE(.BOTH.,#7145);
#6988=SURFACE_STYLE_USAGE(.BOTH.,#7146);
#6989=SURFACE_STYLE_USAGE(.BOTH.,#7147);
#6990=SURFACE_STYLE_USAGE(.BOTH.,#7148);
#6991=SURFACE_STYLE_USAGE(.BOTH.,#7149);
#6992=SURFACE_STYLE_USAGE(.BOTH.,#7150);
#6993=SURFACE_STYLE_USAGE(.BOTH.,#7151);
#6994=SURFACE_STYLE_USAGE(.BOTH.,#7152);
#6995=SURFACE_STYLE_USAGE(.BOTH.,#7153);
#6996=SURFACE_STYLE_USAGE(.BOTH.,#7154);
#6997=SURFACE_SIDE_STYLE('',(#7155));
#6998=SURFACE_SIDE_STYLE('',(#7156));
#6999=SURFACE_SIDE_STYLE('',(#7157));
#7000=SURFACE_SIDE_STYLE('',(#7158));
#7001=SURFACE_SIDE_STYLE('',(#7159));
#7002=SURFACE_SIDE_STYLE('',(#7160));
#7003=SURFACE_SIDE_STYLE('',(#7161));
#7004=SURFACE_SIDE_STYLE('',(#7162));
#7005=SURFACE_SIDE_STYLE('',(#7163));
#7006=SURFACE_SIDE_STYLE('',(#7164));
#7007=SURFACE_SIDE_STYLE('',(#7165));
#7008=SURFACE_SIDE_STYLE('',(#7166));
#7009=SURFACE_SIDE_STYLE('',(#7167));
#7010=SURFACE_SIDE_STYLE('',(#7168));
#7011=SURFACE_SIDE_STYLE('',(#7169));
#7012=SURFACE_SIDE_STYLE('',(#7170));
#7013=SURFACE_SIDE_STYLE('',(#7171));
#7014=SURFACE_SIDE_STYLE('',(#7172));
#7015=SURFACE_SIDE_STYLE('',(#7173));
#7016=SURFACE_SIDE_STYLE('',(#7174));
#7017=SURFACE_SIDE_STYLE('',(#7175));
#7018=SURFACE_SIDE_STYLE('',(#7176));
#7019=SURFACE_SIDE_STYLE('',(#7177));
#7020=SURFACE_SIDE_STYLE('',(#7178));
#7021=SURFACE_SIDE_STYLE('',(#7179));
#7022=SURFACE_SIDE_STYLE('',(#7180));
#7023=SURFACE_SIDE_STYLE('',(#7181));
#7024=SURFACE_SIDE_STYLE('',(#7182));
#7025=SURFACE_SIDE_STYLE('',(#7183));
#7026=SURFACE_SIDE_STYLE('',(#7184));
#7027=SURFACE_SIDE_STYLE('',(#7185));
#7028=SURFACE_SIDE_STYLE('',(#7186));
#7029=SURFACE_SIDE_STYLE('',(#7187));
#7030=SURFACE_SIDE_STYLE('',(#7188));
#7031=SURFACE_SIDE_STYLE('',(#7189));
#7032=SURFACE_SIDE_STYLE('',(#7190));
#7033=SURFACE_SIDE_STYLE('',(#7191));
#7034=SURFACE_SIDE_STYLE('',(#7192));
#7035=SURFACE_SIDE_STYLE('',(#7193));
#7036=SURFACE_SIDE_STYLE('',(#7194));
#7037=SURFACE_SIDE_STYLE('',(#7195));
#7038=SURFACE_SIDE_STYLE('',(#7196));
#7039=SURFACE_SIDE_STYLE('',(#7197));
#7040=SURFACE_SIDE_STYLE('',(#7198));
#7041=SURFACE_SIDE_STYLE('',(#7199));
#7042=SURFACE_SIDE_STYLE('',(#7200));
#7043=SURFACE_SIDE_STYLE('',(#7201));
#7044=SURFACE_SIDE_STYLE('',(#7202));
#7045=SURFACE_SIDE_STYLE('',(#7203));
#7046=SURFACE_SIDE_STYLE('',(#7204));
#7047=SURFACE_SIDE_STYLE('',(#7205));
#7048=SURFACE_SIDE_STYLE('',(#7206));
#7049=SURFACE_SIDE_STYLE('',(#7207));
#7050=SURFACE_SIDE_STYLE('',(#7208));
#7051=SURFACE_SIDE_STYLE('',(#7209));
#7052=SURFACE_SIDE_STYLE('',(#7210));
#7053=SURFACE_SIDE_STYLE('',(#7211));
#7054=SURFACE_SIDE_STYLE('',(#7212));
#7055=SURFACE_SIDE_STYLE('',(#7213));
#7056=SURFACE_SIDE_STYLE('',(#7214));
#7057=SURFACE_SIDE_STYLE('',(#7215));
#7058=SURFACE_SIDE_STYLE('',(#7216));
#7059=SURFACE_SIDE_STYLE('',(#7217));
#7060=SURFACE_SIDE_STYLE('',(#7218));
#7061=SURFACE_SIDE_STYLE('',(#7219));
#7062=SURFACE_SIDE_STYLE('',(#7220));
#7063=SURFACE_SIDE_STYLE('',(#7221));
#7064=SURFACE_SIDE_STYLE('',(#7222));
#7065=SURFACE_SIDE_STYLE('',(#7223));
#7066=SURFACE_SIDE_STYLE('',(#7224));
#7067=SURFACE_SIDE_STYLE('',(#7225));
#7068=SURFACE_SIDE_STYLE('',(#7226));
#7069=SURFACE_SIDE_STYLE('',(#7227));
#7070=SURFACE_SIDE_STYLE('',(#7228));
#7071=SURFACE_SIDE_STYLE('',(#7229));
#7072=SURFACE_SIDE_STYLE('',(#7230));
#7073=SURFACE_SIDE_STYLE('',(#7231));
#7074=SURFACE_SIDE_STYLE('',(#7232));
#7075=SURFACE_SIDE_STYLE('',(#7233));
#7076=SURFACE_SIDE_STYLE('',(#7234));
#7077=SURFACE_SIDE_STYLE('',(#7235));
#7078=SURFACE_SIDE_STYLE('',(#7236));
#7079=SURFACE_SIDE_STYLE('',(#7237));
#7080=SURFACE_SIDE_STYLE('',(#7238));
#7081=SURFACE_SIDE_STYLE('',(#7239));
#7082=SURFACE_SIDE_STYLE('',(#7240));
#7083=SURFACE_SIDE_STYLE('',(#7241));
#7084=SURFACE_SIDE_STYLE('',(#7242));
#7085=SURFACE_SIDE_STYLE('',(#7243));
#7086=SURFACE_SIDE_STYLE('',(#7244));
#7087=SURFACE_SIDE_STYLE('',(#7245));
#7088=SURFACE_SIDE_STYLE('',(#7246));
#7089=SURFACE_SIDE_STYLE('',(#7247));
#7090=SURFACE_SIDE_STYLE('',(#7248));
#7091=SURFACE_SIDE_STYLE('',(#7249));
#7092=SURFACE_SIDE_STYLE('',(#7250));
#7093=SURFACE_SIDE_STYLE('',(#7251));
#7094=SURFACE_SIDE_STYLE('',(#7252));
#7095=SURFACE_SIDE_STYLE('',(#7253));
#7096=SURFACE_SIDE_STYLE('',(#7254));
#7097=SURFACE_SIDE_STYLE('',(#7255));
#7098=SURFACE_SIDE_STYLE('',(#7256));
#7099=SURFACE_SIDE_STYLE('',(#7257));
#7100=SURFACE_SIDE_STYLE('',(#7258));
#7101=SURFACE_SIDE_STYLE('',(#7259));
#7102=SURFACE_SIDE_STYLE('',(#7260));
#7103=SURFACE_SIDE_STYLE('',(#7261));
#7104=SURFACE_SIDE_STYLE('',(#7262));
#7105=SURFACE_SIDE_STYLE('',(#7263));
#7106=SURFACE_SIDE_STYLE('',(#7264));
#7107=SURFACE_SIDE_STYLE('',(#7265));
#7108=SURFACE_SIDE_STYLE('',(#7266));
#7109=SURFACE_SIDE_STYLE('',(#7267));
#7110=SURFACE_SIDE_STYLE('',(#7268));
#7111=SURFACE_SIDE_STYLE('',(#7269));
#7112=SURFACE_SIDE_STYLE('',(#7270));
#7113=SURFACE_SIDE_STYLE('',(#7271));
#7114=SURFACE_SIDE_STYLE('',(#7272));
#7115=SURFACE_SIDE_STYLE('',(#7273));
#7116=SURFACE_SIDE_STYLE('',(#7274));
#7117=SURFACE_SIDE_STYLE('',(#7275));
#7118=SURFACE_SIDE_STYLE('',(#7276));
#7119=SURFACE_SIDE_STYLE('',(#7277));
#7120=SURFACE_SIDE_STYLE('',(#7278));
#7121=SURFACE_SIDE_STYLE('',(#7279));
#7122=SURFACE_SIDE_STYLE('',(#7280));
#7123=SURFACE_SIDE_STYLE('',(#7281));
#7124=SURFACE_SIDE_STYLE('',(#7282));
#7125=SURFACE_SIDE_STYLE('',(#7283));
#7126=SURFACE_SIDE_STYLE('',(#7284));
#7127=SURFACE_SIDE_STYLE('',(#7285));
#7128=SURFACE_SIDE_STYLE('',(#7286));
#7129=SURFACE_SIDE_STYLE('',(#7287));
#7130=SURFACE_SIDE_STYLE('',(#7288));
#7131=SURFACE_SIDE_STYLE('',(#7289));
#7132=SURFACE_SIDE_STYLE('',(#7290));
#7133=SURFACE_SIDE_STYLE('',(#7291));
#7134=SURFACE_SIDE_STYLE('',(#7292));
#7135=SURFACE_SIDE_STYLE('',(#7293));
#7136=SURFACE_SIDE_STYLE('',(#7294));
#7137=SURFACE_SIDE_STYLE('',(#7295));
#7138=SURFACE_SIDE_STYLE('',(#7296));
#7139=SURFACE_SIDE_STYLE('',(#7297));
#7140=SURFACE_SIDE_STYLE('',(#7298));
#7141=SURFACE_SIDE_STYLE('',(#7299));
#7142=SURFACE_SIDE_STYLE('',(#7300));
#7143=SURFACE_SIDE_STYLE('',(#7301));
#7144=SURFACE_SIDE_STYLE('',(#7302));
#7145=SURFACE_SIDE_STYLE('',(#7303));
#7146=SURFACE_SIDE_STYLE('',(#7304));
#7147=SURFACE_SIDE_STYLE('',(#7305));
#7148=SURFACE_SIDE_STYLE('',(#7306));
#7149=SURFACE_SIDE_STYLE('',(#7307));
#7150=SURFACE_SIDE_STYLE('',(#7308));
#7151=SURFACE_SIDE_STYLE('',(#7309));
#7152=SURFACE_SIDE_STYLE('',(#7310));
#7153=SURFACE_SIDE_STYLE('',(#7311,#18));
#7154=SURFACE_SIDE_STYLE('',(#7312,#19));
#7155=SURFACE_STYLE_FILL_AREA(#7313);
#7156=SURFACE_STYLE_FILL_AREA(#7314);
#7157=SURFACE_STYLE_FILL_AREA(#7315);
#7158=SURFACE_STYLE_FILL_AREA(#7316);
#7159=SURFACE_STYLE_FILL_AREA(#7317);
#7160=SURFACE_STYLE_FILL_AREA(#7318);
#7161=SURFACE_STYLE_FILL_AREA(#7319);
#7162=SURFACE_STYLE_FILL_AREA(#7320);
#7163=SURFACE_STYLE_FILL_AREA(#7321);
#7164=SURFACE_STYLE_FILL_AREA(#7322);
#7165=SURFACE_STYLE_FILL_AREA(#7323);
#7166=SURFACE_STYLE_FILL_AREA(#7324);
#7167=SURFACE_STYLE_FILL_AREA(#7325);
#7168=SURFACE_STYLE_FILL_AREA(#7326);
#7169=SURFACE_STYLE_FILL_AREA(#7327);
#7170=SURFACE_STYLE_FILL_AREA(#7328);
#7171=SURFACE_STYLE_FILL_AREA(#7329);
#7172=SURFACE_STYLE_FILL_AREA(#7330);
#7173=SURFACE_STYLE_FILL_AREA(#7331);
#7174=SURFACE_STYLE_FILL_AREA(#7332);
#7175=SURFACE_STYLE_FILL_AREA(#7333);
#7176=SURFACE_STYLE_FILL_AREA(#7334);
#7177=SURFACE_STYLE_FILL_AREA(#7335);
#7178=SURFACE_STYLE_FILL_AREA(#7336);
#7179=SURFACE_STYLE_FILL_AREA(#7337);
#7180=SURFACE_STYLE_FILL_AREA(#7338);
#7181=SURFACE_STYLE_FILL_AREA(#7339);
#7182=SURFACE_STYLE_FILL_AREA(#7340);
#7183=SURFACE_STYLE_FILL_AREA(#7341);
#7184=SURFACE_STYLE_FILL_AREA(#7342);
#7185=SURFACE_STYLE_FILL_AREA(#7343);
#7186=SURFACE_STYLE_FILL_AREA(#7344);
#7187=SURFACE_STYLE_FILL_AREA(#7345);
#7188=SURFACE_STYLE_FILL_AREA(#7346);
#7189=SURFACE_STYLE_FILL_AREA(#7347);
#7190=SURFACE_STYLE_FILL_AREA(#7348);
#7191=SURFACE_STYLE_FILL_AREA(#7349);
#7192=SURFACE_STYLE_FILL_AREA(#7350);
#7193=SURFACE_STYLE_FILL_AREA(#7351);
#7194=SURFACE_STYLE_FILL_AREA(#7352);
#7195=SURFACE_STYLE_FILL_AREA(#7353);
#7196=SURFACE_STYLE_FILL_AREA(#7354);
#7197=SURFACE_STYLE_FILL_AREA(#7355);
#7198=SURFACE_STYLE_FILL_AREA(#7356);
#7199=SURFACE_STYLE_FILL_AREA(#7357);
#7200=SURFACE_STYLE_FILL_AREA(#7358);
#7201=SURFACE_STYLE_FILL_AREA(#7359);
#7202=SURFACE_STYLE_FILL_AREA(#7360);
#7203=SURFACE_STYLE_FILL_AREA(#7361);
#7204=SURFACE_STYLE_FILL_AREA(#7362);
#7205=SURFACE_STYLE_FILL_AREA(#7363);
#7206=SURFACE_STYLE_FILL_AREA(#7364);
#7207=SURFACE_STYLE_FILL_AREA(#7365);
#7208=SURFACE_STYLE_FILL_AREA(#7366);
#7209=SURFACE_STYLE_FILL_AREA(#7367);
#7210=SURFACE_STYLE_FILL_AREA(#7368);
#7211=SURFACE_STYLE_FILL_AREA(#7369);
#7212=SURFACE_STYLE_FILL_AREA(#7370);
#7213=SURFACE_STYLE_FILL_AREA(#7371);
#7214=SURFACE_STYLE_FILL_AREA(#7372);
#7215=SURFACE_STYLE_FILL_AREA(#7373);
#7216=SURFACE_STYLE_FILL_AREA(#7374);
#7217=SURFACE_STYLE_FILL_AREA(#7375);
#7218=SURFACE_STYLE_FILL_AREA(#7376);
#7219=SURFACE_STYLE_FILL_AREA(#7377);
#7220=SURFACE_STYLE_FILL_AREA(#7378);
#7221=SURFACE_STYLE_FILL_AREA(#7379);
#7222=SURFACE_STYLE_FILL_AREA(#7380);
#7223=SURFACE_STYLE_FILL_AREA(#7381);
#7224=SURFACE_STYLE_FILL_AREA(#7382);
#7225=SURFACE_STYLE_FILL_AREA(#7383);
#7226=SURFACE_STYLE_FILL_AREA(#7384);
#7227=SURFACE_STYLE_FILL_AREA(#7385);
#7228=SURFACE_STYLE_FILL_AREA(#7386);
#7229=SURFACE_STYLE_FILL_AREA(#7387);
#7230=SURFACE_STYLE_FILL_AREA(#7388);
#7231=SURFACE_STYLE_FILL_AREA(#7389);
#7232=SURFACE_STYLE_FILL_AREA(#7390);
#7233=SURFACE_STYLE_FILL_AREA(#7391);
#7234=SURFACE_STYLE_FILL_AREA(#7392);
#7235=SURFACE_STYLE_FILL_AREA(#7393);
#7236=SURFACE_STYLE_FILL_AREA(#7394);
#7237=SURFACE_STYLE_FILL_AREA(#7395);
#7238=SURFACE_STYLE_FILL_AREA(#7396);
#7239=SURFACE_STYLE_FILL_AREA(#7397);
#7240=SURFACE_STYLE_FILL_AREA(#7398);
#7241=SURFACE_STYLE_FILL_AREA(#7399);
#7242=SURFACE_STYLE_FILL_AREA(#7400);
#7243=SURFACE_STYLE_FILL_AREA(#7401);
#7244=SURFACE_STYLE_FILL_AREA(#7402);
#7245=SURFACE_STYLE_FILL_AREA(#7403);
#7246=SURFACE_STYLE_FILL_AREA(#7404);
#7247=SURFACE_STYLE_FILL_AREA(#7405);
#7248=SURFACE_STYLE_FILL_AREA(#7406);
#7249=SURFACE_STYLE_FILL_AREA(#7407);
#7250=SURFACE_STYLE_FILL_AREA(#7408);
#7251=SURFACE_STYLE_FILL_AREA(#7409);
#7252=SURFACE_STYLE_FILL_AREA(#7410);
#7253=SURFACE_STYLE_FILL_AREA(#7411);
#7254=SURFACE_STYLE_FILL_AREA(#7412);
#7255=SURFACE_STYLE_FILL_AREA(#7413);
#7256=SURFACE_STYLE_FILL_AREA(#7414);
#7257=SURFACE_STYLE_FILL_AREA(#7415);
#7258=SURFACE_STYLE_FILL_AREA(#7416);
#7259=SURFACE_STYLE_FILL_AREA(#7417);
#7260=SURFACE_STYLE_FILL_AREA(#7418);
#7261=SURFACE_STYLE_FILL_AREA(#7419);
#7262=SURFACE_STYLE_FILL_AREA(#7420);
#7263=SURFACE_STYLE_FILL_AREA(#7421);
#7264=SURFACE_STYLE_FILL_AREA(#7422);
#7265=SURFACE_STYLE_FILL_AREA(#7423);
#7266=SURFACE_STYLE_FILL_AREA(#7424);
#7267=SURFACE_STYLE_FILL_AREA(#7425);
#7268=SURFACE_STYLE_FILL_AREA(#7426);
#7269=SURFACE_STYLE_FILL_AREA(#7427);
#7270=SURFACE_STYLE_FILL_AREA(#7428);
#7271=SURFACE_STYLE_FILL_AREA(#7429);
#7272=SURFACE_STYLE_FILL_AREA(#7430);
#7273=SURFACE_STYLE_FILL_AREA(#7431);
#7274=SURFACE_STYLE_FILL_AREA(#7432);
#7275=SURFACE_STYLE_FILL_AREA(#7433);
#7276=SURFACE_STYLE_FILL_AREA(#7434);
#7277=SURFACE_STYLE_FILL_AREA(#7435);
#7278=SURFACE_STYLE_FILL_AREA(#7436);
#7279=SURFACE_STYLE_FILL_AREA(#7437);
#7280=SURFACE_STYLE_FILL_AREA(#7438);
#7281=SURFACE_STYLE_FILL_AREA(#7439);
#7282=SURFACE_STYLE_FILL_AREA(#7440);
#7283=SURFACE_STYLE_FILL_AREA(#7441);
#7284=SURFACE_STYLE_FILL_AREA(#7442);
#7285=SURFACE_STYLE_FILL_AREA(#7443);
#7286=SURFACE_STYLE_FILL_AREA(#7444);
#7287=SURFACE_STYLE_FILL_AREA(#7445);
#7288=SURFACE_STYLE_FILL_AREA(#7446);
#7289=SURFACE_STYLE_FILL_AREA(#7447);
#7290=SURFACE_STYLE_FILL_AREA(#7448);
#7291=SURFACE_STYLE_FILL_AREA(#7449);
#7292=SURFACE_STYLE_FILL_AREA(#7450);
#7293=SURFACE_STYLE_FILL_AREA(#7451);
#7294=SURFACE_STYLE_FILL_AREA(#7452);
#7295=SURFACE_STYLE_FILL_AREA(#7453);
#7296=SURFACE_STYLE_FILL_AREA(#7454);
#7297=SURFACE_STYLE_FILL_AREA(#7455);
#7298=SURFACE_STYLE_FILL_AREA(#7456);
#7299=SURFACE_STYLE_FILL_AREA(#7457);
#7300=SURFACE_STYLE_FILL_AREA(#7458);
#7301=SURFACE_STYLE_FILL_AREA(#7459);
#7302=SURFACE_STYLE_FILL_AREA(#7460);
#7303=SURFACE_STYLE_FILL_AREA(#7461);
#7304=SURFACE_STYLE_FILL_AREA(#7462);
#7305=SURFACE_STYLE_FILL_AREA(#7463);
#7306=SURFACE_STYLE_FILL_AREA(#7464);
#7307=SURFACE_STYLE_FILL_AREA(#7465);
#7308=SURFACE_STYLE_FILL_AREA(#7466);
#7309=SURFACE_STYLE_FILL_AREA(#7467);
#7310=SURFACE_STYLE_FILL_AREA(#7468);
#7311=SURFACE_STYLE_FILL_AREA(#7469);
#7312=SURFACE_STYLE_FILL_AREA(#7470);
#7313=FILL_AREA_STYLE('',(#7471));
#7314=FILL_AREA_STYLE('',(#7472));
#7315=FILL_AREA_STYLE('',(#7473));
#7316=FILL_AREA_STYLE('',(#7474));
#7317=FILL_AREA_STYLE('',(#7475));
#7318=FILL_AREA_STYLE('',(#7476));
#7319=FILL_AREA_STYLE('',(#7477));
#7320=FILL_AREA_STYLE('',(#7478));
#7321=FILL_AREA_STYLE('',(#7479));
#7322=FILL_AREA_STYLE('',(#7480));
#7323=FILL_AREA_STYLE('',(#7481));
#7324=FILL_AREA_STYLE('',(#7482));
#7325=FILL_AREA_STYLE('',(#7483));
#7326=FILL_AREA_STYLE('',(#7484));
#7327=FILL_AREA_STYLE('',(#7485));
#7328=FILL_AREA_STYLE('',(#7486));
#7329=FILL_AREA_STYLE('',(#7487));
#7330=FILL_AREA_STYLE('',(#7488));
#7331=FILL_AREA_STYLE('',(#7489));
#7332=FILL_AREA_STYLE('',(#7490));
#7333=FILL_AREA_STYLE('',(#7491));
#7334=FILL_AREA_STYLE('',(#7492));
#7335=FILL_AREA_STYLE('',(#7493));
#7336=FILL_AREA_STYLE('',(#7494));
#7337=FILL_AREA_STYLE('',(#7495));
#7338=FILL_AREA_STYLE('',(#7496));
#7339=FILL_AREA_STYLE('',(#7497));
#7340=FILL_AREA_STYLE('',(#7498));
#7341=FILL_AREA_STYLE('',(#7499));
#7342=FILL_AREA_STYLE('',(#7500));
#7343=FILL_AREA_STYLE('',(#7501));
#7344=FILL_AREA_STYLE('',(#7502));
#7345=FILL_AREA_STYLE('',(#7503));
#7346=FILL_AREA_STYLE('',(#7504));
#7347=FILL_AREA_STYLE('',(#7505));
#7348=FILL_AREA_STYLE('',(#7506));
#7349=FILL_AREA_STYLE('',(#7507));
#7350=FILL_AREA_STYLE('',(#7508));
#7351=FILL_AREA_STYLE('',(#7509));
#7352=FILL_AREA_STYLE('',(#7510));
#7353=FILL_AREA_STYLE('',(#7511));
#7354=FILL_AREA_STYLE('',(#7512));
#7355=FILL_AREA_STYLE('',(#7513));
#7356=FILL_AREA_STYLE('',(#7514));
#7357=FILL_AREA_STYLE('',(#7515));
#7358=FILL_AREA_STYLE('',(#7516));
#7359=FILL_AREA_STYLE('',(#7517));
#7360=FILL_AREA_STYLE('',(#7518));
#7361=FILL_AREA_STYLE('',(#7519));
#7362=FILL_AREA_STYLE('',(#7520));
#7363=FILL_AREA_STYLE('',(#7521));
#7364=FILL_AREA_STYLE('',(#7522));
#7365=FILL_AREA_STYLE('',(#7523));
#7366=FILL_AREA_STYLE('',(#7524));
#7367=FILL_AREA_STYLE('',(#7525));
#7368=FILL_AREA_STYLE('',(#7526));
#7369=FILL_AREA_STYLE('',(#7527));
#7370=FILL_AREA_STYLE('',(#7528));
#7371=FILL_AREA_STYLE('',(#7529));
#7372=FILL_AREA_STYLE('',(#7530));
#7373=FILL_AREA_STYLE('',(#7531));
#7374=FILL_AREA_STYLE('',(#7532));
#7375=FILL_AREA_STYLE('',(#7533));
#7376=FILL_AREA_STYLE('',(#7534));
#7377=FILL_AREA_STYLE('',(#7535));
#7378=FILL_AREA_STYLE('',(#7536));
#7379=FILL_AREA_STYLE('',(#7537));
#7380=FILL_AREA_STYLE('',(#7538));
#7381=FILL_AREA_STYLE('',(#7539));
#7382=FILL_AREA_STYLE('',(#7540));
#7383=FILL_AREA_STYLE('',(#7541));
#7384=FILL_AREA_STYLE('',(#7542));
#7385=FILL_AREA_STYLE('',(#7543));
#7386=FILL_AREA_STYLE('',(#7544));
#7387=FILL_AREA_STYLE('',(#7545));
#7388=FILL_AREA_STYLE('',(#7546));
#7389=FILL_AREA_STYLE('',(#7547));
#7390=FILL_AREA_STYLE('',(#7548));
#7391=FILL_AREA_STYLE('',(#7549));
#7392=FILL_AREA_STYLE('',(#7550));
#7393=FILL_AREA_STYLE('',(#7551));
#7394=FILL_AREA_STYLE('',(#7552));
#7395=FILL_AREA_STYLE('',(#7553));
#7396=FILL_AREA_STYLE('',(#7554));
#7397=FILL_AREA_STYLE('',(#7555));
#7398=FILL_AREA_STYLE('',(#7556));
#7399=FILL_AREA_STYLE('',(#7557));
#7400=FILL_AREA_STYLE('',(#7558));
#7401=FILL_AREA_STYLE('',(#7559));
#7402=FILL_AREA_STYLE('',(#7560));
#7403=FILL_AREA_STYLE('',(#7561));
#7404=FILL_AREA_STYLE('',(#7562));
#7405=FILL_AREA_STYLE('',(#7563));
#7406=FILL_AREA_STYLE('',(#7564));
#7407=FILL_AREA_STYLE('',(#7565));
#7408=FILL_AREA_STYLE('',(#7566));
#7409=FILL_AREA_STYLE('',(#7567));
#7410=FILL_AREA_STYLE('',(#7568));
#7411=FILL_AREA_STYLE('',(#7569));
#7412=FILL_AREA_STYLE('',(#7570));
#7413=FILL_AREA_STYLE('',(#7571));
#7414=FILL_AREA_STYLE('',(#7572));
#7415=FILL_AREA_STYLE('',(#7573));
#7416=FILL_AREA_STYLE('',(#7574));
#7417=FILL_AREA_STYLE('',(#7575));
#7418=FILL_AREA_STYLE('',(#7576));
#7419=FILL_AREA_STYLE('',(#7577));
#7420=FILL_AREA_STYLE('',(#7578));
#7421=FILL_AREA_STYLE('',(#7579));
#7422=FILL_AREA_STYLE('',(#7580));
#7423=FILL_AREA_STYLE('',(#7581));
#7424=FILL_AREA_STYLE('',(#7582));
#7425=FILL_AREA_STYLE('',(#7583));
#7426=FILL_AREA_STYLE('',(#7584));
#7427=FILL_AREA_STYLE('',(#7585));
#7428=FILL_AREA_STYLE('',(#7586));
#7429=FILL_AREA_STYLE('',(#7587));
#7430=FILL_AREA_STYLE('',(#7588));
#7431=FILL_AREA_STYLE('',(#7589));
#7432=FILL_AREA_STYLE('',(#7590));
#7433=FILL_AREA_STYLE('',(#7591));
#7434=FILL_AREA_STYLE('',(#7592));
#7435=FILL_AREA_STYLE('',(#7593));
#7436=FILL_AREA_STYLE('',(#7594));
#7437=FILL_AREA_STYLE('',(#7595));
#7438=FILL_AREA_STYLE('',(#7596));
#7439=FILL_AREA_STYLE('',(#7597));
#7440=FILL_AREA_STYLE('',(#7598));
#7441=FILL_AREA_STYLE('',(#7599));
#7442=FILL_AREA_STYLE('',(#7600));
#7443=FILL_AREA_STYLE('',(#7601));
#7444=FILL_AREA_STYLE('',(#7602));
#7445=FILL_AREA_STYLE('',(#7603));
#7446=FILL_AREA_STYLE('',(#7604));
#7447=FILL_AREA_STYLE('',(#7605));
#7448=FILL_AREA_STYLE('',(#7606));
#7449=FILL_AREA_STYLE('',(#7607));
#7450=FILL_AREA_STYLE('',(#7608));
#7451=FILL_AREA_STYLE('',(#7609));
#7452=FILL_AREA_STYLE('',(#7610));
#7453=FILL_AREA_STYLE('',(#7611));
#7454=FILL_AREA_STYLE('',(#7612));
#7455=FILL_AREA_STYLE('',(#7613));
#7456=FILL_AREA_STYLE('',(#7614));
#7457=FILL_AREA_STYLE('',(#7615));
#7458=FILL_AREA_STYLE('',(#7616));
#7459=FILL_AREA_STYLE('',(#7617));
#7460=FILL_AREA_STYLE('',(#7618));
#7461=FILL_AREA_STYLE('',(#7619));
#7462=FILL_AREA_STYLE('',(#7620));
#7463=FILL_AREA_STYLE('',(#7621));
#7464=FILL_AREA_STYLE('',(#7622));
#7465=FILL_AREA_STYLE('',(#7623));
#7466=FILL_AREA_STYLE('',(#7624));
#7467=FILL_AREA_STYLE('',(#7625));
#7468=FILL_AREA_STYLE('',(#7626));
#7469=FILL_AREA_STYLE('',(#7627));
#7470=FILL_AREA_STYLE('',(#7628));
#7471=FILL_AREA_STYLE_COLOUR('',#7629);
#7472=FILL_AREA_STYLE_COLOUR('',#7630);
#7473=FILL_AREA_STYLE_COLOUR('',#7630);
#7474=FILL_AREA_STYLE_COLOUR('',#7630);
#7475=FILL_AREA_STYLE_COLOUR('',#7630);
#7476=FILL_AREA_STYLE_COLOUR('',#7630);
#7477=FILL_AREA_STYLE_COLOUR('',#7630);
#7478=FILL_AREA_STYLE_COLOUR('',#7630);
#7479=FILL_AREA_STYLE_COLOUR('',#7630);
#7480=FILL_AREA_STYLE_COLOUR('',#7630);
#7481=FILL_AREA_STYLE_COLOUR('',#7630);
#7482=FILL_AREA_STYLE_COLOUR('',#7630);
#7483=FILL_AREA_STYLE_COLOUR('',#7630);
#7484=FILL_AREA_STYLE_COLOUR('',#7630);
#7485=FILL_AREA_STYLE_COLOUR('',#7630);
#7486=FILL_AREA_STYLE_COLOUR('',#7630);
#7487=FILL_AREA_STYLE_COLOUR('',#7630);
#7488=FILL_AREA_STYLE_COLOUR('',#7630);
#7489=FILL_AREA_STYLE_COLOUR('',#7630);
#7490=FILL_AREA_STYLE_COLOUR('',#7630);
#7491=FILL_AREA_STYLE_COLOUR('',#7630);
#7492=FILL_AREA_STYLE_COLOUR('',#7630);
#7493=FILL_AREA_STYLE_COLOUR('',#7630);
#7494=FILL_AREA_STYLE_COLOUR('',#7630);
#7495=FILL_AREA_STYLE_COLOUR('',#7630);
#7496=FILL_AREA_STYLE_COLOUR('',#7630);
#7497=FILL_AREA_STYLE_COLOUR('',#7630);
#7498=FILL_AREA_STYLE_COLOUR('',#7630);
#7499=FILL_AREA_STYLE_COLOUR('',#7630);
#7500=FILL_AREA_STYLE_COLOUR('',#7630);
#7501=FILL_AREA_STYLE_COLOUR('',#7630);
#7502=FILL_AREA_STYLE_COLOUR('',#7630);
#7503=FILL_AREA_STYLE_COLOUR('',#7630);
#7504=FILL_AREA_STYLE_COLOUR('',#7630);
#7505=FILL_AREA_STYLE_COLOUR('',#7630);
#7506=FILL_AREA_STYLE_COLOUR('',#7630);
#7507=FILL_AREA_STYLE_COLOUR('',#7630);
#7508=FILL_AREA_STYLE_COLOUR('',#7630);
#7509=FILL_AREA_STYLE_COLOUR('',#7630);
#7510=FILL_AREA_STYLE_COLOUR('',#7630);
#7511=FILL_AREA_STYLE_COLOUR('',#7630);
#7512=FILL_AREA_STYLE_COLOUR('',#7630);
#7513=FILL_AREA_STYLE_COLOUR('',#7630);
#7514=FILL_AREA_STYLE_COLOUR('',#7630);
#7515=FILL_AREA_STYLE_COLOUR('',#7630);
#7516=FILL_AREA_STYLE_COLOUR('',#7630);
#7517=FILL_AREA_STYLE_COLOUR('',#7630);
#7518=FILL_AREA_STYLE_COLOUR('',#7631);
#7519=FILL_AREA_STYLE_COLOUR('',#7630);
#7520=FILL_AREA_STYLE_COLOUR('',#7631);
#7521=FILL_AREA_STYLE_COLOUR('',#7630);
#7522=FILL_AREA_STYLE_COLOUR('',#7630);
#7523=FILL_AREA_STYLE_COLOUR('',#7630);
#7524=FILL_AREA_STYLE_COLOUR('',#7630);
#7525=FILL_AREA_STYLE_COLOUR('',#7630);
#7526=FILL_AREA_STYLE_COLOUR('',#7630);
#7527=FILL_AREA_STYLE_COLOUR('',#7630);
#7528=FILL_AREA_STYLE_COLOUR('',#7630);
#7529=FILL_AREA_STYLE_COLOUR('',#7630);
#7530=FILL_AREA_STYLE_COLOUR('',#7630);
#7531=FILL_AREA_STYLE_COLOUR('',#7630);
#7532=FILL_AREA_STYLE_COLOUR('',#7630);
#7533=FILL_AREA_STYLE_COLOUR('',#7630);
#7534=FILL_AREA_STYLE_COLOUR('',#7630);
#7535=FILL_AREA_STYLE_COLOUR('',#7630);
#7536=FILL_AREA_STYLE_COLOUR('',#7630);
#7537=FILL_AREA_STYLE_COLOUR('',#7630);
#7538=FILL_AREA_STYLE_COLOUR('',#7630);
#7539=FILL_AREA_STYLE_COLOUR('',#7630);
#7540=FILL_AREA_STYLE_COLOUR('',#7630);
#7541=FILL_AREA_STYLE_COLOUR('',#7630);
#7542=FILL_AREA_STYLE_COLOUR('',#7630);
#7543=FILL_AREA_STYLE_COLOUR('',#7630);
#7544=FILL_AREA_STYLE_COLOUR('',#7630);
#7545=FILL_AREA_STYLE_COLOUR('',#7630);
#7546=FILL_AREA_STYLE_COLOUR('',#7630);
#7547=FILL_AREA_STYLE_COLOUR('',#7630);
#7548=FILL_AREA_STYLE_COLOUR('',#7630);
#7549=FILL_AREA_STYLE_COLOUR('',#7630);
#7550=FILL_AREA_STYLE_COLOUR('',#7630);
#7551=FILL_AREA_STYLE_COLOUR('',#7630);
#7552=FILL_AREA_STYLE_COLOUR('',#7630);
#7553=FILL_AREA_STYLE_COLOUR('',#7630);
#7554=FILL_AREA_STYLE_COLOUR('',#7630);
#7555=FILL_AREA_STYLE_COLOUR('',#7630);
#7556=FILL_AREA_STYLE_COLOUR('',#7630);
#7557=FILL_AREA_STYLE_COLOUR('',#7630);
#7558=FILL_AREA_STYLE_COLOUR('',#7630);
#7559=FILL_AREA_STYLE_COLOUR('',#7630);
#7560=FILL_AREA_STYLE_COLOUR('',#7630);
#7561=FILL_AREA_STYLE_COLOUR('',#7630);
#7562=FILL_AREA_STYLE_COLOUR('',#7630);
#7563=FILL_AREA_STYLE_COLOUR('',#7630);
#7564=FILL_AREA_STYLE_COLOUR('',#7630);
#7565=FILL_AREA_STYLE_COLOUR('',#7630);
#7566=FILL_AREA_STYLE_COLOUR('',#7630);
#7567=FILL_AREA_STYLE_COLOUR('',#7630);
#7568=FILL_AREA_STYLE_COLOUR('',#7630);
#7569=FILL_AREA_STYLE_COLOUR('',#7630);
#7570=FILL_AREA_STYLE_COLOUR('',#7630);
#7571=FILL_AREA_STYLE_COLOUR('',#7630);
#7572=FILL_AREA_STYLE_COLOUR('',#7630);
#7573=FILL_AREA_STYLE_COLOUR('',#7630);
#7574=FILL_AREA_STYLE_COLOUR('',#7630);
#7575=FILL_AREA_STYLE_COLOUR('',#7630);
#7576=FILL_AREA_STYLE_COLOUR('',#7630);
#7577=FILL_AREA_STYLE_COLOUR('',#7630);
#7578=FILL_AREA_STYLE_COLOUR('',#7630);
#7579=FILL_AREA_STYLE_COLOUR('',#7630);
#7580=FILL_AREA_STYLE_COLOUR('',#7630);
#7581=FILL_AREA_STYLE_COLOUR('',#7630);
#7582=FILL_AREA_STYLE_COLOUR('',#7630);
#7583=FILL_AREA_STYLE_COLOUR('',#7630);
#7584=FILL_AREA_STYLE_COLOUR('',#7630);
#7585=FILL_AREA_STYLE_COLOUR('',#7630);
#7586=FILL_AREA_STYLE_COLOUR('',#7630);
#7587=FILL_AREA_STYLE_COLOUR('',#7630);
#7588=FILL_AREA_STYLE_COLOUR('',#7630);
#7589=FILL_AREA_STYLE_COLOUR('',#7630);
#7590=FILL_AREA_STYLE_COLOUR('',#7630);
#7591=FILL_AREA_STYLE_COLOUR('',#7630);
#7592=FILL_AREA_STYLE_COLOUR('',#7630);
#7593=FILL_AREA_STYLE_COLOUR('',#7630);
#7594=FILL_AREA_STYLE_COLOUR('',#7630);
#7595=FILL_AREA_STYLE_COLOUR('',#7630);
#7596=FILL_AREA_STYLE_COLOUR('',#7630);
#7597=FILL_AREA_STYLE_COLOUR('',#7630);
#7598=FILL_AREA_STYLE_COLOUR('',#7630);
#7599=FILL_AREA_STYLE_COLOUR('',#7630);
#7600=FILL_AREA_STYLE_COLOUR('',#7630);
#7601=FILL_AREA_STYLE_COLOUR('',#7630);
#7602=FILL_AREA_STYLE_COLOUR('',#7630);
#7603=FILL_AREA_STYLE_COLOUR('',#7630);
#7604=FILL_AREA_STYLE_COLOUR('',#7630);
#7605=FILL_AREA_STYLE_COLOUR('',#7630);
#7606=FILL_AREA_STYLE_COLOUR('',#7630);
#7607=FILL_AREA_STYLE_COLOUR('',#7630);
#7608=FILL_AREA_STYLE_COLOUR('',#7630);
#7609=FILL_AREA_STYLE_COLOUR('',#7630);
#7610=FILL_AREA_STYLE_COLOUR('',#7630);
#7611=FILL_AREA_STYLE_COLOUR('',#7630);
#7612=FILL_AREA_STYLE_COLOUR('',#7630);
#7613=FILL_AREA_STYLE_COLOUR('',#7630);
#7614=FILL_AREA_STYLE_COLOUR('',#7630);
#7615=FILL_AREA_STYLE_COLOUR('',#7630);
#7616=FILL_AREA_STYLE_COLOUR('',#7630);
#7617=FILL_AREA_STYLE_COLOUR('',#7630);
#7618=FILL_AREA_STYLE_COLOUR('',#7630);
#7619=FILL_AREA_STYLE_COLOUR('',#7630);
#7620=FILL_AREA_STYLE_COLOUR('',#7630);
#7621=FILL_AREA_STYLE_COLOUR('',#7630);
#7622=FILL_AREA_STYLE_COLOUR('',#7630);
#7623=FILL_AREA_STYLE_COLOUR('',#7630);
#7624=FILL_AREA_STYLE_COLOUR('',#7630);
#7625=FILL_AREA_STYLE_COLOUR('',#7630);
#7626=FILL_AREA_STYLE_COLOUR('',#7630);
#7627=FILL_AREA_STYLE_COLOUR('',#22);
#7628=FILL_AREA_STYLE_COLOUR('',#22);
#7629=COLOUR_RGB('',0.250980406999588,0.439215689897537,0.376470595598221);
#7630=COLOUR_RGB('',0.506983280181885,0.531564235687256,0.550000011920929);
#7631=COLOUR_RGB('',0.1875,0.75,0.581249892711639);
#7632=MANIFOLD_SOLID_BREP('',#6519);
#7633=MANIFOLD_SOLID_BREP('',#6520);
#7634=MANIFOLD_SOLID_BREP('',#6521);
#7635=MANIFOLD_SOLID_BREP('',#6522);
#7636=SHAPE_DEFINITION_REPRESENTATION(#12241,#7643);
#7637=SHAPE_DEFINITION_REPRESENTATION(#12240,#7644);
#7638=SHAPE_DEFINITION_REPRESENTATION(#12243,#7645);
#7639=SHAPE_DEFINITION_REPRESENTATION(#12245,#7646);
#7640=SHAPE_DEFINITION_REPRESENTATION(#12247,#7647);
#7641=SHAPE_DEFINITION_REPRESENTATION(#12249,#7648);
#7642=SHAPE_DEFINITION_REPRESENTATION(#12251,#7649);
#7643=SHAPE_REPRESENTATION(
'CURIOSITY-PIC64GX1000_BRD_Rev3P0_25-0119_PCB_031425',(#7650),#12224);
#7644=SHAPE_REPRESENTATION('CURIOSITY_PIC64GX1000_tild_maze',(#7650,#7983,
#8249,#8250,#8251,#8318,#8368),#12223);
#7645=SHAPE_REPRESENTATION('CURIOSITY-PIC64GX1000_Housing',(#7650),#12225);
#7646=SHAPE_REPRESENTATION('rhinogripv2',(#7650),#12226);
#7647=SHAPE_REPRESENTATION('rhinogripv2_mir',(#7650),#12227);
#7648=SHAPE_REPRESENTATION('CURIOSITY-PIC64GX1000_Bottom',(#7650),#12228);
#7649=SHAPE_REPRESENTATION('CURIOSITY-PIC64GX1000_Top',(#7650),#12229);
#7650=AXIS2_PLACEMENT_3D('',#10301,#8369,#8370);
#7651=AXIS2_PLACEMENT_3D('',#10302,#8371,#8372);
#7652=AXIS2_PLACEMENT_3D('',#10303,#8373,#8374);
#7653=AXIS2_PLACEMENT_3D('',#10307,#8376,#8377);
#7654=AXIS2_PLACEMENT_3D('',#10308,#8378,#8379);
#7655=AXIS2_PLACEMENT_3D('',#10309,#8380,#8381);
#7656=AXIS2_PLACEMENT_3D('',#10313,#8383,#8384);
#7657=AXIS2_PLACEMENT_3D('',#10314,#8385,#8386);
#7658=AXIS2_PLACEMENT_3D('',#10323,#8391,#8392);
#7659=AXIS2_PLACEMENT_3D('',#10324,#8393,#8394);
#7660=AXIS2_PLACEMENT_3D('',#10328,#8396,#8397);
#7661=AXIS2_PLACEMENT_3D('',#10329,#8398,#8399);
#7662=AXIS2_PLACEMENT_3D('',#10335,#8403,#8404);
#7663=AXIS2_PLACEMENT_3D('',#10336,#8405,#8406);
#7664=AXIS2_PLACEMENT_3D('',#10337,#8407,#8408);
#7665=AXIS2_PLACEMENT_3D('',#10338,#8409,#8410);
#7666=AXIS2_PLACEMENT_3D('',#10347,#8415,#8416);
#7667=AXIS2_PLACEMENT_3D('',#10348,#8417,#8418);
#7668=AXIS2_PLACEMENT_3D('',#10352,#8420,#8421);
#7669=AXIS2_PLACEMENT_3D('',#10353,#8422,#8423);
#7670=AXIS2_PLACEMENT_3D('',#10359,#8427,#8428);
#7671=AXIS2_PLACEMENT_3D('',#10360,#8429,#8430);
#7672=AXIS2_PLACEMENT_3D('',#10361,#8431,#8432);
#7673=AXIS2_PLACEMENT_3D('',#10362,#8433,#8434);
#7674=AXIS2_PLACEMENT_3D('',#10371,#8439,#8440);
#7675=AXIS2_PLACEMENT_3D('',#10372,#8441,#8442);
#7676=AXIS2_PLACEMENT_3D('',#10376,#8444,#8445);
#7677=AXIS2_PLACEMENT_3D('',#10377,#8446,#8447);
#7678=AXIS2_PLACEMENT_3D('',#10383,#8451,#8452);
#7679=AXIS2_PLACEMENT_3D('',#10384,#8453,#8454);
#7680=AXIS2_PLACEMENT_3D('',#10385,#8455,#8456);
#7681=AXIS2_PLACEMENT_3D('',#10386,#8457,#8458);
#7682=AXIS2_PLACEMENT_3D('',#10395,#8463,#8464);
#7683=AXIS2_PLACEMENT_3D('',#10396,#8465,#8466);
#7684=AXIS2_PLACEMENT_3D('',#10400,#8468,#8469);
#7685=AXIS2_PLACEMENT_3D('',#10401,#8470,#8471);
#7686=AXIS2_PLACEMENT_3D('',#10407,#8475,#8476);
#7687=AXIS2_PLACEMENT_3D('',#10408,#8477,#8478);
#7688=AXIS2_PLACEMENT_3D('',#10409,#8479,#8480);
#7689=AXIS2_PLACEMENT_3D('',#10410,#8481,#8482);
#7690=AXIS2_PLACEMENT_3D('',#10411,#8483,#8484);
#7691=AXIS2_PLACEMENT_3D('',#10415,#8486,#8487);
#7692=AXIS2_PLACEMENT_3D('',#10416,#8488,#8489);
#7693=AXIS2_PLACEMENT_3D('',#10417,#8490,#8491);
#7694=AXIS2_PLACEMENT_3D('',#10421,#8493,#8494);
#7695=AXIS2_PLACEMENT_3D('',#10422,#8495,#8496);
#7696=AXIS2_PLACEMENT_3D('',#10423,#8497,#8498);
#7697=AXIS2_PLACEMENT_3D('',#10427,#8500,#8501);
#7698=AXIS2_PLACEMENT_3D('',#10428,#8502,#8503);
#7699=AXIS2_PLACEMENT_3D('',#10429,#8504,#8505);
#7700=AXIS2_PLACEMENT_3D('',#10433,#8507,#8508);
#7701=AXIS2_PLACEMENT_3D('',#10434,#8509,#8510);
#7702=AXIS2_PLACEMENT_3D('',#10435,#8511,#8512);
#7703=AXIS2_PLACEMENT_3D('',#10439,#8514,#8515);
#7704=AXIS2_PLACEMENT_3D('',#10440,#8516,#8517);
#7705=AXIS2_PLACEMENT_3D('',#10441,#8518,#8519);
#7706=AXIS2_PLACEMENT_3D('',#10445,#8521,#8522);
#7707=AXIS2_PLACEMENT_3D('',#10446,#8523,#8524);
#7708=AXIS2_PLACEMENT_3D('',#10447,#8525,#8526);
#7709=AXIS2_PLACEMENT_3D('',#10451,#8528,#8529);
#7710=AXIS2_PLACEMENT_3D('',#10452,#8530,#8531);
#7711=AXIS2_PLACEMENT_3D('',#10453,#8532,#8533);
#7712=AXIS2_PLACEMENT_3D('',#10457,#8535,#8536);
#7713=AXIS2_PLACEMENT_3D('',#10458,#8537,#8538);
#7714=AXIS2_PLACEMENT_3D('',#10459,#8539,#8540);
#7715=AXIS2_PLACEMENT_3D('',#10463,#8542,#8543);
#7716=AXIS2_PLACEMENT_3D('',#10464,#8544,#8545);
#7717=AXIS2_PLACEMENT_3D('',#10465,#8546,#8547);
#7718=AXIS2_PLACEMENT_3D('',#10469,#8549,#8550);
#7719=AXIS2_PLACEMENT_3D('',#10470,#8551,#8552);
#7720=AXIS2_PLACEMENT_3D('',#10471,#8553,#8554);
#7721=AXIS2_PLACEMENT_3D('',#10475,#8556,#8557);
#7722=AXIS2_PLACEMENT_3D('',#10476,#8558,#8559);
#7723=AXIS2_PLACEMENT_3D('',#10477,#8560,#8561);
#7724=AXIS2_PLACEMENT_3D('',#10481,#8563,#8564);
#7725=AXIS2_PLACEMENT_3D('',#10482,#8565,#8566);
#7726=AXIS2_PLACEMENT_3D('',#10483,#8567,#8568);
#7727=AXIS2_PLACEMENT_3D('',#10487,#8570,#8571);
#7728=AXIS2_PLACEMENT_3D('',#10488,#8572,#8573);
#7729=AXIS2_PLACEMENT_3D('',#10489,#8574,#8575);
#7730=AXIS2_PLACEMENT_3D('',#10493,#8577,#8578);
#7731=AXIS2_PLACEMENT_3D('',#10494,#8579,#8580);
#7732=AXIS2_PLACEMENT_3D('',#10495,#8581,#8582);
#7733=AXIS2_PLACEMENT_3D('',#10499,#8584,#8585);
#7734=AXIS2_PLACEMENT_3D('',#10500,#8586,#8587);
#7735=AXIS2_PLACEMENT_3D('',#10501,#8588,#8589);
#7736=AXIS2_PLACEMENT_3D('',#10505,#8591,#8592);
#7737=AXIS2_PLACEMENT_3D('',#10506,#8593,#8594);
#7738=AXIS2_PLACEMENT_3D('',#10507,#8595,#8596);
#7739=AXIS2_PLACEMENT_3D('',#10511,#8598,#8599);
#7740=AXIS2_PLACEMENT_3D('',#10512,#8600,#8601);
#7741=AXIS2_PLACEMENT_3D('',#10513,#8602,#8603);
#7742=AXIS2_PLACEMENT_3D('',#10517,#8605,#8606);
#7743=AXIS2_PLACEMENT_3D('',#10518,#8607,#8608);
#7744=AXIS2_PLACEMENT_3D('',#10519,#8609,#8610);
#7745=AXIS2_PLACEMENT_3D('',#10523,#8612,#8613);
#7746=AXIS2_PLACEMENT_3D('',#10524,#8614,#8615);
#7747=AXIS2_PLACEMENT_3D('',#10525,#8616,#8617);
#7748=AXIS2_PLACEMENT_3D('',#10529,#8619,#8620);
#7749=AXIS2_PLACEMENT_3D('',#10530,#8621,#8622);
#7750=AXIS2_PLACEMENT_3D('',#10531,#8623,#8624);
#7751=AXIS2_PLACEMENT_3D('',#10535,#8626,#8627);
#7752=AXIS2_PLACEMENT_3D('',#10536,#8628,#8629);
#7753=AXIS2_PLACEMENT_3D('',#10537,#8630,#8631);
#7754=AXIS2_PLACEMENT_3D('',#10541,#8633,#8634);
#7755=AXIS2_PLACEMENT_3D('',#10542,#8635,#8636);
#7756=AXIS2_PLACEMENT_3D('',#10543,#8637,#8638);
#7757=AXIS2_PLACEMENT_3D('',#10547,#8640,#8641);
#7758=AXIS2_PLACEMENT_3D('',#10548,#8642,#8643);
#7759=AXIS2_PLACEMENT_3D('',#10549,#8644,#8645);
#7760=AXIS2_PLACEMENT_3D('',#10553,#8647,#8648);
#7761=AXIS2_PLACEMENT_3D('',#10554,#8649,#8650);
#7762=AXIS2_PLACEMENT_3D('',#10555,#8651,#8652);
#7763=AXIS2_PLACEMENT_3D('',#10559,#8654,#8655);
#7764=AXIS2_PLACEMENT_3D('',#10560,#8656,#8657);
#7765=AXIS2_PLACEMENT_3D('',#10561,#8658,#8659);
#7766=AXIS2_PLACEMENT_3D('',#10565,#8661,#8662);
#7767=AXIS2_PLACEMENT_3D('',#10566,#8663,#8664);
#7768=AXIS2_PLACEMENT_3D('',#10567,#8665,#8666);
#7769=AXIS2_PLACEMENT_3D('',#10571,#8668,#8669);
#7770=AXIS2_PLACEMENT_3D('',#10572,#8670,#8671);
#7771=AXIS2_PLACEMENT_3D('',#10573,#8672,#8673);
#7772=AXIS2_PLACEMENT_3D('',#10577,#8675,#8676);
#7773=AXIS2_PLACEMENT_3D('',#10578,#8677,#8678);
#7774=AXIS2_PLACEMENT_3D('',#10579,#8679,#8680);
#7775=AXIS2_PLACEMENT_3D('',#10583,#8682,#8683);
#7776=AXIS2_PLACEMENT_3D('',#10584,#8684,#8685);
#7777=AXIS2_PLACEMENT_3D('',#10585,#8686,#8687);
#7778=AXIS2_PLACEMENT_3D('',#10589,#8689,#8690);
#7779=AXIS2_PLACEMENT_3D('',#10590,#8691,#8692);
#7780=AXIS2_PLACEMENT_3D('',#10591,#8693,#8694);
#7781=AXIS2_PLACEMENT_3D('',#10595,#8696,#8697);
#7782=AXIS2_PLACEMENT_3D('',#10596,#8698,#8699);
#7783=AXIS2_PLACEMENT_3D('',#10597,#8700,#8701);
#7784=AXIS2_PLACEMENT_3D('',#10601,#8703,#8704);
#7785=AXIS2_PLACEMENT_3D('',#10602,#8705,#8706);
#7786=AXIS2_PLACEMENT_3D('',#10603,#8707,#8708);
#7787=AXIS2_PLACEMENT_3D('',#10607,#8710,#8711);
#7788=AXIS2_PLACEMENT_3D('',#10608,#8712,#8713);
#7789=AXIS2_PLACEMENT_3D('',#10609,#8714,#8715);
#7790=AXIS2_PLACEMENT_3D('',#10613,#8717,#8718);
#7791=AXIS2_PLACEMENT_3D('',#10614,#8719,#8720);
#7792=AXIS2_PLACEMENT_3D('',#10615,#8721,#8722);
#7793=AXIS2_PLACEMENT_3D('',#10619,#8724,#8725);
#7794=AXIS2_PLACEMENT_3D('',#10620,#8726,#8727);
#7795=AXIS2_PLACEMENT_3D('',#10621,#8728,#8729);
#7796=AXIS2_PLACEMENT_3D('',#10625,#8731,#8732);
#7797=AXIS2_PLACEMENT_3D('',#10626,#8733,#8734);
#7798=AXIS2_PLACEMENT_3D('',#10627,#8735,#8736);
#7799=AXIS2_PLACEMENT_3D('',#10631,#8738,#8739);
#7800=AXIS2_PLACEMENT_3D('',#10632,#8740,#8741);
#7801=AXIS2_PLACEMENT_3D('',#10633,#8742,#8743);
#7802=AXIS2_PLACEMENT_3D('',#10637,#8745,#8746);
#7803=AXIS2_PLACEMENT_3D('',#10638,#8747,#8748);
#7804=AXIS2_PLACEMENT_3D('',#10639,#8749,#8750);
#7805=AXIS2_PLACEMENT_3D('',#10643,#8752,#8753);
#7806=AXIS2_PLACEMENT_3D('',#10644,#8754,#8755);
#7807=AXIS2_PLACEMENT_3D('',#10645,#8756,#8757);
#7808=AXIS2_PLACEMENT_3D('',#10649,#8759,#8760);
#7809=AXIS2_PLACEMENT_3D('',#10650,#8761,#8762);
#7810=AXIS2_PLACEMENT_3D('',#10651,#8763,#8764);
#7811=AXIS2_PLACEMENT_3D('',#10655,#8766,#8767);
#7812=AXIS2_PLACEMENT_3D('',#10656,#8768,#8769);
#7813=AXIS2_PLACEMENT_3D('',#10657,#8770,#8771);
#7814=AXIS2_PLACEMENT_3D('',#10661,#8773,#8774);
#7815=AXIS2_PLACEMENT_3D('',#10662,#8775,#8776);
#7816=AXIS2_PLACEMENT_3D('',#10663,#8777,#8778);
#7817=AXIS2_PLACEMENT_3D('',#10667,#8780,#8781);
#7818=AXIS2_PLACEMENT_3D('',#10668,#8782,#8783);
#7819=AXIS2_PLACEMENT_3D('',#10669,#8784,#8785);
#7820=AXIS2_PLACEMENT_3D('',#10673,#8787,#8788);
#7821=AXIS2_PLACEMENT_3D('',#10674,#8789,#8790);
#7822=AXIS2_PLACEMENT_3D('',#10675,#8791,#8792);
#7823=AXIS2_PLACEMENT_3D('',#10679,#8794,#8795);
#7824=AXIS2_PLACEMENT_3D('',#10680,#8796,#8797);
#7825=AXIS2_PLACEMENT_3D('',#10681,#8798,#8799);
#7826=AXIS2_PLACEMENT_3D('',#10685,#8801,#8802);
#7827=AXIS2_PLACEMENT_3D('',#10686,#8803,#8804);
#7828=AXIS2_PLACEMENT_3D('',#10687,#8805,#8806);
#7829=AXIS2_PLACEMENT_3D('',#10691,#8808,#8809);
#7830=AXIS2_PLACEMENT_3D('',#10692,#8810,#8811);
#7831=AXIS2_PLACEMENT_3D('',#10693,#8812,#8813);
#7832=AXIS2_PLACEMENT_3D('',#10697,#8815,#8816);
#7833=AXIS2_PLACEMENT_3D('',#10698,#8817,#8818);
#7834=AXIS2_PLACEMENT_3D('',#10699,#8819,#8820);
#7835=AXIS2_PLACEMENT_3D('',#10703,#8822,#8823);
#7836=AXIS2_PLACEMENT_3D('',#10704,#8824,#8825);
#7837=AXIS2_PLACEMENT_3D('',#10705,#8826,#8827);
#7838=AXIS2_PLACEMENT_3D('',#10709,#8829,#8830);
#7839=AXIS2_PLACEMENT_3D('',#10710,#8831,#8832);
#7840=AXIS2_PLACEMENT_3D('',#10711,#8833,#8834);
#7841=AXIS2_PLACEMENT_3D('',#10715,#8836,#8837);
#7842=AXIS2_PLACEMENT_3D('',#10716,#8838,#8839);
#7843=AXIS2_PLACEMENT_3D('',#10717,#8840,#8841);
#7844=AXIS2_PLACEMENT_3D('',#10721,#8843,#8844);
#7845=AXIS2_PLACEMENT_3D('',#10722,#8845,#8846);
#7846=AXIS2_PLACEMENT_3D('',#10723,#8847,#8848);
#7847=AXIS2_PLACEMENT_3D('',#10727,#8850,#8851);
#7848=AXIS2_PLACEMENT_3D('',#10728,#8852,#8853);
#7849=AXIS2_PLACEMENT_3D('',#10729,#8854,#8855);
#7850=AXIS2_PLACEMENT_3D('',#10733,#8857,#8858);
#7851=AXIS2_PLACEMENT_3D('',#10734,#8859,#8860);
#7852=AXIS2_PLACEMENT_3D('',#10735,#8861,#8862);
#7853=AXIS2_PLACEMENT_3D('',#10739,#8864,#8865);
#7854=AXIS2_PLACEMENT_3D('',#10740,#8866,#8867);
#7855=AXIS2_PLACEMENT_3D('',#10741,#8868,#8869);
#7856=AXIS2_PLACEMENT_3D('',#10745,#8871,#8872);
#7857=AXIS2_PLACEMENT_3D('',#10746,#8873,#8874);
#7858=AXIS2_PLACEMENT_3D('',#10755,#8879,#8880);
#7859=AXIS2_PLACEMENT_3D('',#10756,#8881,#8882);
#7860=AXIS2_PLACEMENT_3D('',#10760,#8884,#8885);
#7861=AXIS2_PLACEMENT_3D('',#10761,#8886,#8887);
#7862=AXIS2_PLACEMENT_3D('',#10767,#8891,#8892);
#7863=AXIS2_PLACEMENT_3D('',#10768,#8893,#8894);
#7864=AXIS2_PLACEMENT_3D('',#10769,#8895,#8896);
#7865=AXIS2_PLACEMENT_3D('',#10770,#8897,#8898);
#7866=AXIS2_PLACEMENT_3D('',#10779,#8903,#8904);
#7867=AXIS2_PLACEMENT_3D('',#10780,#8905,#8906);
#7868=AXIS2_PLACEMENT_3D('',#10784,#8908,#8909);
#7869=AXIS2_PLACEMENT_3D('',#10785,#8910,#8911);
#7870=AXIS2_PLACEMENT_3D('',#10791,#8915,#8916);
#7871=AXIS2_PLACEMENT_3D('',#10792,#8917,#8918);
#7872=AXIS2_PLACEMENT_3D('',#10793,#8919,#8920);
#7873=AXIS2_PLACEMENT_3D('',#10794,#8921,#8922);
#7874=AXIS2_PLACEMENT_3D('',#10795,#8923,#8924);
#7875=AXIS2_PLACEMENT_3D('',#10799,#8926,#8927);
#7876=AXIS2_PLACEMENT_3D('',#10800,#8928,#8929);
#7877=AXIS2_PLACEMENT_3D('',#10801,#8930,#8931);
#7878=AXIS2_PLACEMENT_3D('',#10805,#8933,#8934);
#7879=AXIS2_PLACEMENT_3D('',#10806,#8935,#8936);
#7880=AXIS2_PLACEMENT_3D('',#10815,#8941,#8942);
#7881=AXIS2_PLACEMENT_3D('',#10816,#8943,#8944);
#7882=AXIS2_PLACEMENT_3D('',#10820,#8946,#8947);
#7883=AXIS2_PLACEMENT_3D('',#10821,#8948,#8949);
#7884=AXIS2_PLACEMENT_3D('',#10827,#8953,#8954);
#7885=AXIS2_PLACEMENT_3D('',#10828,#8955,#8956);
#7886=AXIS2_PLACEMENT_3D('',#10829,#8957,#8958);
#7887=AXIS2_PLACEMENT_3D('',#10830,#8959,#8960);
#7888=AXIS2_PLACEMENT_3D('',#10839,#8965,#8966);
#7889=AXIS2_PLACEMENT_3D('',#10840,#8967,#8968);
#7890=AXIS2_PLACEMENT_3D('',#10844,#8970,#8971);
#7891=AXIS2_PLACEMENT_3D('',#10845,#8972,#8973);
#7892=AXIS2_PLACEMENT_3D('',#10851,#8977,#8978);
#7893=AXIS2_PLACEMENT_3D('',#10852,#8979,#8980);
#7894=AXIS2_PLACEMENT_3D('',#10853,#8981,#8982);
#7895=AXIS2_PLACEMENT_3D('',#10854,#8983,#8984);
#7896=AXIS2_PLACEMENT_3D('',#10855,#8985,#8986);
#7897=AXIS2_PLACEMENT_3D('',#10859,#8988,#8989);
#7898=AXIS2_PLACEMENT_3D('',#10860,#8990,#8991);
#7899=AXIS2_PLACEMENT_3D('',#10861,#8992,#8993);
#7900=AXIS2_PLACEMENT_3D('',#10865,#8995,#8996);
#7901=AXIS2_PLACEMENT_3D('',#10866,#8997,#8998);
#7902=AXIS2_PLACEMENT_3D('',#10867,#8999,#9000);
#7903=AXIS2_PLACEMENT_3D('',#10871,#9002,#9003);
#7904=AXIS2_PLACEMENT_3D('',#10872,#9004,#9005);
#7905=AXIS2_PLACEMENT_3D('',#10873,#9006,#9007);
#7906=AXIS2_PLACEMENT_3D('',#10877,#9009,#9010);
#7907=AXIS2_PLACEMENT_3D('',#10878,#9011,#9012);
#7908=AXIS2_PLACEMENT_3D('',#10879,#9013,#9014);
#7909=AXIS2_PLACEMENT_3D('',#10883,#9016,#9017);
#7910=AXIS2_PLACEMENT_3D('',#10884,#9018,#9019);
#7911=AXIS2_PLACEMENT_3D('',#10885,#9020,#9021);
#7912=AXIS2_PLACEMENT_3D('',#10889,#9023,#9024);
#7913=AXIS2_PLACEMENT_3D('',#10890,#9025,#9026);
#7914=AXIS2_PLACEMENT_3D('',#10891,#9027,#9028);
#7915=AXIS2_PLACEMENT_3D('',#10895,#9030,#9031);
#7916=AXIS2_PLACEMENT_3D('',#10896,#9032,#9033);
#7917=AXIS2_PLACEMENT_3D('',#10897,#9034,#9035);
#7918=AXIS2_PLACEMENT_3D('',#10901,#9037,#9038);
#7919=AXIS2_PLACEMENT_3D('',#10902,#9039,#9040);
#7920=AXIS2_PLACEMENT_3D('',#10911,#9045,#9046);
#7921=AXIS2_PLACEMENT_3D('',#10912,#9047,#9048);
#7922=AXIS2_PLACEMENT_3D('',#10916,#9050,#9051);
#7923=AXIS2_PLACEMENT_3D('',#10917,#9052,#9053);
#7924=AXIS2_PLACEMENT_3D('',#10923,#9057,#9058);
#7925=AXIS2_PLACEMENT_3D('',#10924,#9059,#9060);
#7926=AXIS2_PLACEMENT_3D('',#10925,#9061,#9062);
#7927=AXIS2_PLACEMENT_3D('',#10926,#9063,#9064);
#7928=AXIS2_PLACEMENT_3D('',#10935,#9069,#9070);
#7929=AXIS2_PLACEMENT_3D('',#10936,#9071,#9072);
#7930=AXIS2_PLACEMENT_3D('',#10940,#9074,#9075);
#7931=AXIS2_PLACEMENT_3D('',#10941,#9076,#9077);
#7932=AXIS2_PLACEMENT_3D('',#10947,#9081,#9082);
#7933=AXIS2_PLACEMENT_3D('',#10948,#9083,#9084);
#7934=AXIS2_PLACEMENT_3D('',#10949,#9085,#9086);
#7935=AXIS2_PLACEMENT_3D('',#10950,#9087,#9088);
#7936=AXIS2_PLACEMENT_3D('',#10959,#9093,#9094);
#7937=AXIS2_PLACEMENT_3D('',#10960,#9095,#9096);
#7938=AXIS2_PLACEMENT_3D('',#10964,#9098,#9099);
#7939=AXIS2_PLACEMENT_3D('',#10965,#9100,#9101);
#7940=AXIS2_PLACEMENT_3D('',#10971,#9105,#9106);
#7941=AXIS2_PLACEMENT_3D('',#10972,#9107,#9108);
#7942=AXIS2_PLACEMENT_3D('',#10973,#9109,#9110);
#7943=AXIS2_PLACEMENT_3D('',#10974,#9111,#9112);
#7944=AXIS2_PLACEMENT_3D('',#10975,#9113,#9114);
#7945=AXIS2_PLACEMENT_3D('',#10979,#9116,#9117);
#7946=AXIS2_PLACEMENT_3D('',#10980,#9118,#9119);
#7947=AXIS2_PLACEMENT_3D('',#10989,#9124,#9125);
#7948=AXIS2_PLACEMENT_3D('',#10990,#9126,#9127);
#7949=AXIS2_PLACEMENT_3D('',#10994,#9129,#9130);
#7950=AXIS2_PLACEMENT_3D('',#10995,#9131,#9132);
#7951=AXIS2_PLACEMENT_3D('',#11001,#9136,#9137);
#7952=AXIS2_PLACEMENT_3D('',#11002,#9138,#9139);
#7953=AXIS2_PLACEMENT_3D('',#11003,#9140,#9141);
#7954=AXIS2_PLACEMENT_3D('',#11004,#9142,#9143);
#7955=AXIS2_PLACEMENT_3D('',#11013,#9148,#9149);
#7956=AXIS2_PLACEMENT_3D('',#11014,#9150,#9151);
#7957=AXIS2_PLACEMENT_3D('',#11018,#9153,#9154);
#7958=AXIS2_PLACEMENT_3D('',#11019,#9155,#9156);
#7959=AXIS2_PLACEMENT_3D('',#11025,#9160,#9161);
#7960=AXIS2_PLACEMENT_3D('',#11026,#9162,#9163);
#7961=AXIS2_PLACEMENT_3D('',#11027,#9164,#9165);
#7962=AXIS2_PLACEMENT_3D('',#11028,#9166,#9167);
#7963=AXIS2_PLACEMENT_3D('',#11029,#9168,#9169);
#7964=AXIS2_PLACEMENT_3D('',#11033,#9171,#9172);
#7965=AXIS2_PLACEMENT_3D('',#11034,#9173,#9174);
#7966=AXIS2_PLACEMENT_3D('',#11038,#9176,#9177);
#7967=AXIS2_PLACEMENT_3D('',#11042,#9179,#9180);
#7968=AXIS2_PLACEMENT_3D('',#11043,#9181,#9182);
#7969=AXIS2_PLACEMENT_3D('',#11049,#9186,#9187);
#7970=AXIS2_PLACEMENT_3D('',#11055,#9191,#9192);
#7971=AXIS2_PLACEMENT_3D('',#11059,#9194,#9195);
#7972=AXIS2_PLACEMENT_3D('',#11060,#9196,#9197);
#7973=AXIS2_PLACEMENT_3D('',#11061,#9198,#9199);
#7974=AXIS2_PLACEMENT_3D('',#11062,#9200,#9201);
#7975=AXIS2_PLACEMENT_3D('',#11066,#9203,#9204);
#7976=AXIS2_PLACEMENT_3D('',#11067,#9205,#9206);
#7977=AXIS2_PLACEMENT_3D('',#11068,#9207,#9208);
#7978=AXIS2_PLACEMENT_3D('',#11073,#9211,#9212);
#7979=AXIS2_PLACEMENT_3D('',#11078,#9215,#9216);
#7980=AXIS2_PLACEMENT_3D('',#11079,#9217,#9218);
#7981=AXIS2_PLACEMENT_3D('',#11081,#9220,#9221);
#7982=AXIS2_PLACEMENT_3D('',#11083,#9223,#9224);
#7983=AXIS2_PLACEMENT_3D('',#11084,#9225,#9226);
#7984=AXIS2_PLACEMENT_3D('',#11085,#9227,#9228);
#7985=AXIS2_PLACEMENT_3D('',#11100,#9229,#9230);
#7986=AXIS2_PLACEMENT_3D('',#11105,#9232,#9233);
#7987=AXIS2_PLACEMENT_3D('',#11108,#9235,#9236);
#7988=AXIS2_PLACEMENT_3D('',#11109,#9237,#9238);
#7989=AXIS2_PLACEMENT_3D('',#11114,#9240,#9241);
#7990=AXIS2_PLACEMENT_3D('',#11117,#9243,#9244);
#7991=AXIS2_PLACEMENT_3D('',#11118,#9245,#9246);
#7992=AXIS2_PLACEMENT_3D('',#11120,#9247,#9248);
#7993=AXIS2_PLACEMENT_3D('',#11122,#9249,#9250);
#7994=AXIS2_PLACEMENT_3D('',#11135,#9256,#9257);
#7995=AXIS2_PLACEMENT_3D('',#11140,#9260,#9261);
#7996=AXIS2_PLACEMENT_3D('',#11149,#9266,#9267);
#7997=AXIS2_PLACEMENT_3D('',#11158,#9272,#9273);
#7998=AXIS2_PLACEMENT_3D('',#11167,#9278,#9279);
#7999=AXIS2_PLACEMENT_3D('',#11176,#9284,#9285);
#8000=AXIS2_PLACEMENT_3D('',#11185,#9290,#9291);
#8001=AXIS2_PLACEMENT_3D('',#11186,#9292,#9293);
#8002=AXIS2_PLACEMENT_3D('',#11191,#9296,#9297);
#8003=AXIS2_PLACEMENT_3D('',#11192,#9298,#9299);
#8004=AXIS2_PLACEMENT_3D('',#11193,#9300,#9301);
#8005=AXIS2_PLACEMENT_3D('',#11194,#9302,#9303);
#8006=AXIS2_PLACEMENT_3D('',#11199,#9306,#9307);
#8007=AXIS2_PLACEMENT_3D('',#11200,#9308,#9309);
#8008=AXIS2_PLACEMENT_3D('',#11201,#9310,#9311);
#8009=AXIS2_PLACEMENT_3D('',#11202,#9312,#9313);
#8010=AXIS2_PLACEMENT_3D('',#11203,#9314,#9315);
#8011=AXIS2_PLACEMENT_3D('',#11204,#9316,#9317);
#8012=AXIS2_PLACEMENT_3D('',#11205,#9318,#9319);
#8013=AXIS2_PLACEMENT_3D('',#11206,#9320,#9321);
#8014=AXIS2_PLACEMENT_3D('',#11207,#9322,#9323);
#8015=AXIS2_PLACEMENT_3D('',#11208,#9324,#9325);
#8016=AXIS2_PLACEMENT_3D('',#11209,#9326,#9327);
#8017=AXIS2_PLACEMENT_3D('',#11210,#9328,#9329);
#8018=AXIS2_PLACEMENT_3D('',#11211,#9330,#9331);
#8019=AXIS2_PLACEMENT_3D('',#11217,#9335,#9336);
#8020=AXIS2_PLACEMENT_3D('',#11226,#9341,#9342);
#8021=AXIS2_PLACEMENT_3D('',#11235,#9347,#9348);
#8022=AXIS2_PLACEMENT_3D('',#11244,#9353,#9354);
#8023=AXIS2_PLACEMENT_3D('',#11250,#9358,#9359);
#8024=AXIS2_PLACEMENT_3D('',#11251,#9360,#9361);
#8025=AXIS2_PLACEMENT_3D('',#11252,#9362,#9363);
#8026=AXIS2_PLACEMENT_3D('',#11253,#9364,#9365);
#8027=AXIS2_PLACEMENT_3D('',#11254,#9366,#9367);
#8028=AXIS2_PLACEMENT_3D('',#11255,#9368,#9369);
#8029=AXIS2_PLACEMENT_3D('',#11256,#9370,#9371);
#8030=AXIS2_PLACEMENT_3D('',#11257,#9372,#9373);
#8031=AXIS2_PLACEMENT_3D('',#11258,#9374,#9375);
#8032=AXIS2_PLACEMENT_3D('',#11259,#9376,#9377);
#8033=AXIS2_PLACEMENT_3D('',#11260,#9378,#9379);
#8034=AXIS2_PLACEMENT_3D('',#11261,#9380,#9381);
#8035=AXIS2_PLACEMENT_3D('',#11262,#9382,#9383);
#8036=AXIS2_PLACEMENT_3D('',#11309,#9384,#9385);
#8037=AXIS2_PLACEMENT_3D('',#11311,#9386,#9387);
#8038=AXIS2_PLACEMENT_3D('',#11312,#9388,#9389);
#8039=AXIS2_PLACEMENT_3D('',#11314,#9390,#9391);
#8040=AXIS2_PLACEMENT_3D('',#11332,#9401,#9402);
#8041=AXIS2_PLACEMENT_3D('',#11350,#9412,#9413);
#8042=AXIS2_PLACEMENT_3D('',#11353,#9415,#9416);
#8043=AXIS2_PLACEMENT_3D('',#11357,#9418,#9419);
#8044=AXIS2_PLACEMENT_3D('',#11361,#9421,#9422);
#8045=AXIS2_PLACEMENT_3D('',#11365,#9424,#9425);
#8046=AXIS2_PLACEMENT_3D('',#11369,#9427,#9428);
#8047=AXIS2_PLACEMENT_3D('',#11373,#9430,#9431);
#8048=AXIS2_PLACEMENT_3D('',#11383,#9437,#9438);
#8049=AXIS2_PLACEMENT_3D('',#11387,#9440,#9441);
#8050=AXIS2_PLACEMENT_3D('',#11391,#9443,#9444);
#8051=AXIS2_PLACEMENT_3D('',#11395,#9446,#9447);
#8052=AXIS2_PLACEMENT_3D('',#11399,#9449,#9450);
#8053=AXIS2_PLACEMENT_3D('',#11403,#9452,#9453);
#8054=AXIS2_PLACEMENT_3D('',#11411,#9458,#9459);
#8055=AXIS2_PLACEMENT_3D('',#11413,#9460,#9461);
#8056=AXIS2_PLACEMENT_3D('',#11415,#9462,#9463);
#8057=AXIS2_PLACEMENT_3D('',#11417,#9464,#9465);
#8058=AXIS2_PLACEMENT_3D('',#11419,#9466,#9467);
#8059=AXIS2_PLACEMENT_3D('',#11420,#9468,#9469);
#8060=AXIS2_PLACEMENT_3D('',#11422,#9470,#9471);
#8061=AXIS2_PLACEMENT_3D('',#11424,#9472,#9473);
#8062=AXIS2_PLACEMENT_3D('',#11435,#9479,#9480);
#8063=AXIS2_PLACEMENT_3D('',#11436,#9481,#9482);
#8064=AXIS2_PLACEMENT_3D('',#11445,#9487,#9488);
#8065=AXIS2_PLACEMENT_3D('',#11446,#9489,#9490);
#8066=AXIS2_PLACEMENT_3D('',#11448,#9491,#9492);
#8067=AXIS2_PLACEMENT_3D('',#11458,#9497,#9498);
#8068=AXIS2_PLACEMENT_3D('',#11467,#9503,#9504);
#8069=AXIS2_PLACEMENT_3D('',#11468,#9505,#9506);
#8070=AXIS2_PLACEMENT_3D('',#11470,#9507,#9508);
#8071=AXIS2_PLACEMENT_3D('',#11480,#9513,#9514);
#8072=AXIS2_PLACEMENT_3D('',#11489,#9519,#9520);
#8073=AXIS2_PLACEMENT_3D('',#11493,#9522,#9523);
#8074=AXIS2_PLACEMENT_3D('',#11497,#9525,#9526);
#8075=AXIS2_PLACEMENT_3D('',#11501,#9528,#9529);
#8076=AXIS2_PLACEMENT_3D('',#11505,#9531,#9532);
#8077=AXIS2_PLACEMENT_3D('',#11509,#9534,#9535);
#8078=AXIS2_PLACEMENT_3D('',#11513,#9537,#9538);
#8079=AXIS2_PLACEMENT_3D('',#11514,#9539,#9540);
#8080=AXIS2_PLACEMENT_3D('',#11527,#9546,#9547);
#8081=AXIS2_PLACEMENT_3D('',#11530,#9549,#9550);
#8082=AXIS2_PLACEMENT_3D('',#11531,#9551,#9552);
#8083=AXIS2_PLACEMENT_3D('',#11532,#9553,#9554);
#8084=AXIS2_PLACEMENT_3D('',#11533,#9555,#9556);
#8085=AXIS2_PLACEMENT_3D('',#11534,#9557,#9558);
#8086=AXIS2_PLACEMENT_3D('',#11535,#9559,#9560);
#8087=AXIS2_PLACEMENT_3D('',#11536,#9561,#9562);
#8088=AXIS2_PLACEMENT_3D('',#11537,#9563,#9564);
#8089=AXIS2_PLACEMENT_3D('',#11543,#9568,#9569);
#8090=AXIS2_PLACEMENT_3D('',#11545,#9571,#9572);
#8091=AXIS2_PLACEMENT_3D('',#11547,#9574,#9575);
#8092=AXIS2_PLACEMENT_3D('',#11548,#9576,#9577);
#8093=AXIS2_PLACEMENT_3D('',#11552,#9580,#9581);
#8094=AXIS2_PLACEMENT_3D('',#11556,#9584,#9585);
#8095=AXIS2_PLACEMENT_3D('',#11558,#9587,#9588);
#8096=AXIS2_PLACEMENT_3D('',#11559,#9589,#9590);
#8097=AXIS2_PLACEMENT_3D('',#11560,#9591,#9592);
#8098=AXIS2_PLACEMENT_3D('',#11575,#9593,#9594);
#8099=AXIS2_PLACEMENT_3D('',#11576,#9595,#9596);
#8100=AXIS2_PLACEMENT_3D('',#11623,#9597,#9598);
#8101=AXIS2_PLACEMENT_3D('',#11624,#9599,#9600);
#8102=AXIS2_PLACEMENT_3D('',#11629,#9602,#9603);
#8103=AXIS2_PLACEMENT_3D('',#11632,#9605,#9606);
#8104=AXIS2_PLACEMENT_3D('',#11633,#9607,#9608);
#8105=AXIS2_PLACEMENT_3D('',#11638,#9610,#9611);
#8106=AXIS2_PLACEMENT_3D('',#11641,#9613,#9614);
#8107=AXIS2_PLACEMENT_3D('',#11642,#9615,#9616);
#8108=AXIS2_PLACEMENT_3D('',#11647,#9618,#9619);
#8109=AXIS2_PLACEMENT_3D('',#11650,#9621,#9622);
#8110=AXIS2_PLACEMENT_3D('',#11651,#9623,#9624);
#8111=AXIS2_PLACEMENT_3D('',#11656,#9626,#9627);
#8112=AXIS2_PLACEMENT_3D('',#11659,#9629,#9630);
#8113=AXIS2_PLACEMENT_3D('',#11665,#9634,#9635);
#8114=AXIS2_PLACEMENT_3D('',#11668,#9638,#9639);
#8115=AXIS2_PLACEMENT_3D('',#11671,#9642,#9643);
#8116=AXIS2_PLACEMENT_3D('',#11674,#9646,#9647);
#8117=AXIS2_PLACEMENT_3D('',#11677,#9650,#9651);
#8118=AXIS2_PLACEMENT_3D('',#11683,#9655,#9656);
#8119=AXIS2_PLACEMENT_3D('',#11686,#9659,#9660);
#8120=AXIS2_PLACEMENT_3D('',#11687,#9661,#9662);
#8121=AXIS2_PLACEMENT_3D('',#11688,#9663,#9664);
#8122=AXIS2_PLACEMENT_3D('',#11689,#9665,#9666);
#8123=AXIS2_PLACEMENT_3D('',#11693,#9668,#9669);
#8124=AXIS2_PLACEMENT_3D('',#11697,#9671,#9672);
#8125=AXIS2_PLACEMENT_3D('',#11698,#9673,#9674);
#8126=AXIS2_PLACEMENT_3D('',#11704,#9678,#9679);
#8127=AXIS2_PLACEMENT_3D('',#11713,#9684,#9685);
#8128=AXIS2_PLACEMENT_3D('',#11722,#9690,#9691);
#8129=AXIS2_PLACEMENT_3D('',#11731,#9696,#9697);
#8130=AXIS2_PLACEMENT_3D('',#11740,#9702,#9703);
#8131=AXIS2_PLACEMENT_3D('',#11741,#9704,#9705);
#8132=AXIS2_PLACEMENT_3D('',#11745,#9707,#9708);
#8133=AXIS2_PLACEMENT_3D('',#11746,#9709,#9710);
#8134=AXIS2_PLACEMENT_3D('',#11749,#9713,#9714);
#8135=AXIS2_PLACEMENT_3D('',#11750,#9715,#9716);
#8136=AXIS2_PLACEMENT_3D('',#11755,#9718,#9719);
#8137=AXIS2_PLACEMENT_3D('',#11759,#9721,#9722);
#8138=AXIS2_PLACEMENT_3D('',#11763,#9724,#9725);
#8139=AXIS2_PLACEMENT_3D('',#11767,#9727,#9728);
#8140=AXIS2_PLACEMENT_3D('',#11771,#9730,#9731);
#8141=AXIS2_PLACEMENT_3D('',#11774,#9733,#9734);
#8142=AXIS2_PLACEMENT_3D('',#11776,#9735,#9736);
#8143=AXIS2_PLACEMENT_3D('',#11778,#9737,#9738);
#8144=AXIS2_PLACEMENT_3D('',#11780,#9739,#9740);
#8145=AXIS2_PLACEMENT_3D('',#11782,#9741,#9742);
#8146=AXIS2_PLACEMENT_3D('',#11783,#9743,#9744);
#8147=AXIS2_PLACEMENT_3D('',#11784,#9745,#9746);
#8148=AXIS2_PLACEMENT_3D('',#11785,#9747,#9748);
#8149=AXIS2_PLACEMENT_3D('',#11786,#9749,#9750);
#8150=AXIS2_PLACEMENT_3D('',#11787,#9751,#9752);
#8151=AXIS2_PLACEMENT_3D('',#11788,#9753,#9754);
#8152=AXIS2_PLACEMENT_3D('',#11789,#9755,#9756);
#8153=AXIS2_PLACEMENT_3D('',#11790,#9757,#9758);
#8154=AXIS2_PLACEMENT_3D('',#11791,#9759,#9760);
#8155=AXIS2_PLACEMENT_3D('',#11799,#9761,#9762);
#8156=AXIS2_PLACEMENT_3D('',#11807,#9763,#9764);
#8157=AXIS2_PLACEMENT_3D('',#11808,#9765,#9766);
#8158=AXIS2_PLACEMENT_3D('',#11809,#9767,#9768);
#8159=AXIS2_PLACEMENT_3D('',#11810,#9769,#9770);
#8160=AXIS2_PLACEMENT_3D('',#11811,#9771,#9772);
#8161=AXIS2_PLACEMENT_3D('',#11812,#9773,#9774);
#8162=AXIS2_PLACEMENT_3D('',#11813,#9775,#9776);
#8163=AXIS2_PLACEMENT_3D('',#11814,#9777,#9778);
#8164=AXIS2_PLACEMENT_3D('',#11815,#9779,#9780);
#8165=AXIS2_PLACEMENT_3D('',#11816,#9781,#9782);
#8166=AXIS2_PLACEMENT_3D('',#11817,#9783,#9784);
#8167=AXIS2_PLACEMENT_3D('',#11819,#9786,#9787);
#8168=AXIS2_PLACEMENT_3D('',#11821,#9789,#9790);
#8169=AXIS2_PLACEMENT_3D('',#11823,#9792,#9793);
#8170=AXIS2_PLACEMENT_3D('',#11825,#9795,#9796);
#8171=AXIS2_PLACEMENT_3D('',#11827,#9798,#9799);
#8172=AXIS2_PLACEMENT_3D('',#11829,#9801,#9802);
#8173=AXIS2_PLACEMENT_3D('',#11831,#9804,#9805);
#8174=AXIS2_PLACEMENT_3D('',#11833,#9807,#9808);
#8175=AXIS2_PLACEMENT_3D('',#11834,#9809,#9810);
#8176=AXIS2_PLACEMENT_3D('',#11835,#9811,#9812);
#8177=AXIS2_PLACEMENT_3D('',#11836,#9813,#9814);
#8178=AXIS2_PLACEMENT_3D('',#11838,#9815,#9816);
#8179=AXIS2_PLACEMENT_3D('',#11839,#9817,#9818);
#8180=AXIS2_PLACEMENT_3D('',#11840,#9819,#9820);
#8181=AXIS2_PLACEMENT_3D('',#11841,#9821,#9822);
#8182=AXIS2_PLACEMENT_3D('',#11843,#9823,#9824);
#8183=AXIS2_PLACEMENT_3D('',#11844,#9825,#9826);
#8184=AXIS2_PLACEMENT_3D('',#11845,#9827,#9828);
#8185=AXIS2_PLACEMENT_3D('',#11846,#9829,#9830);
#8186=AXIS2_PLACEMENT_3D('',#11848,#9831,#9832);
#8187=AXIS2_PLACEMENT_3D('',#11849,#9833,#9834);
#8188=AXIS2_PLACEMENT_3D('',#11850,#9835,#9836);
#8189=AXIS2_PLACEMENT_3D('',#11851,#9837,#9838);
#8190=AXIS2_PLACEMENT_3D('',#11853,#9839,#9840);
#8191=AXIS2_PLACEMENT_3D('',#11854,#9841,#9842);
#8192=AXIS2_PLACEMENT_3D('',#11857,#9845,#9846);
#8193=AXIS2_PLACEMENT_3D('',#11859,#9848,#9849);
#8194=AXIS2_PLACEMENT_3D('',#11861,#9851,#9852);
#8195=AXIS2_PLACEMENT_3D('',#11863,#9854,#9855);
#8196=AXIS2_PLACEMENT_3D('',#11865,#9857,#9858);
#8197=AXIS2_PLACEMENT_3D('',#11867,#9860,#9861);
#8198=AXIS2_PLACEMENT_3D('',#11869,#9863,#9864);
#8199=AXIS2_PLACEMENT_3D('',#11870,#9865,#9866);
#8200=AXIS2_PLACEMENT_3D('',#11873,#9869,#9870);
#8201=AXIS2_PLACEMENT_3D('',#11875,#9872,#9873);
#8202=AXIS2_PLACEMENT_3D('',#11877,#9875,#9876);
#8203=AXIS2_PLACEMENT_3D('',#11879,#9878,#9879);
#8204=AXIS2_PLACEMENT_3D('',#11881,#9881,#9882);
#8205=AXIS2_PLACEMENT_3D('',#11883,#9884,#9885);
#8206=AXIS2_PLACEMENT_3D('',#11885,#9887,#9888);
#8207=AXIS2_PLACEMENT_3D('',#11887,#9890,#9891);
#8208=AXIS2_PLACEMENT_3D('',#11889,#9893,#9894);
#8209=AXIS2_PLACEMENT_3D('',#11891,#9896,#9897);
#8210=AXIS2_PLACEMENT_3D('',#11893,#9899,#9900);
#8211=AXIS2_PLACEMENT_3D('',#11894,#9901,#9902);
#8212=AXIS2_PLACEMENT_3D('',#11897,#9905,#9906);
#8213=AXIS2_PLACEMENT_3D('',#11899,#9908,#9909);
#8214=AXIS2_PLACEMENT_3D('',#11901,#9911,#9912);
#8215=AXIS2_PLACEMENT_3D('',#11903,#9914,#9915);
#8216=AXIS2_PLACEMENT_3D('',#11905,#9917,#9918);
#8217=AXIS2_PLACEMENT_3D('',#11907,#9920,#9921);
#8218=AXIS2_PLACEMENT_3D('',#11909,#9923,#9924);
#8219=AXIS2_PLACEMENT_3D('',#11911,#9926,#9927);
#8220=AXIS2_PLACEMENT_3D('',#11913,#9929,#9930);
#8221=AXIS2_PLACEMENT_3D('',#11915,#9932,#9933);
#8222=AXIS2_PLACEMENT_3D('',#11917,#9935,#9936);
#8223=AXIS2_PLACEMENT_3D('',#11918,#9937,#9938);
#8224=AXIS2_PLACEMENT_3D('',#11920,#9940,#9941);
#8225=AXIS2_PLACEMENT_3D('',#11922,#9943,#9944);
#8226=AXIS2_PLACEMENT_3D('',#11924,#9946,#9947);
#8227=AXIS2_PLACEMENT_3D('',#11926,#9949,#9950);
#8228=AXIS2_PLACEMENT_3D('',#11928,#9952,#9953);
#8229=AXIS2_PLACEMENT_3D('',#11930,#9955,#9956);
#8230=AXIS2_PLACEMENT_3D('',#11932,#9958,#9959);
#8231=AXIS2_PLACEMENT_3D('',#11934,#9961,#9962);
#8232=AXIS2_PLACEMENT_3D('',#11936,#9964,#9965);
#8233=AXIS2_PLACEMENT_3D('',#11938,#9967,#9968);
#8234=AXIS2_PLACEMENT_3D('',#11940,#9970,#9971);
#8235=AXIS2_PLACEMENT_3D('',#11942,#9973,#9974);
#8236=AXIS2_PLACEMENT_3D('',#11943,#9975,#9976);
#8237=AXIS2_PLACEMENT_3D('',#11945,#9978,#9979);
#8238=AXIS2_PLACEMENT_3D('',#11947,#9981,#9982);
#8239=AXIS2_PLACEMENT_3D('',#11949,#9984,#9985);
#8240=AXIS2_PLACEMENT_3D('',#11951,#9987,#9988);
#8241=AXIS2_PLACEMENT_3D('',#11953,#9990,#9991);
#8242=AXIS2_PLACEMENT_3D('',#11955,#9993,#9994);
#8243=AXIS2_PLACEMENT_3D('',#11957,#9996,#9997);
#8244=AXIS2_PLACEMENT_3D('',#11959,#9999,#10000);
#8245=AXIS2_PLACEMENT_3D('',#11961,#10002,#10003);
#8246=AXIS2_PLACEMENT_3D('',#11963,#10005,#10006);
#8247=AXIS2_PLACEMENT_3D('',#11965,#10008,#10009);
#8248=AXIS2_PLACEMENT_3D('',#11967,#10011,#10012);
#8249=AXIS2_PLACEMENT_3D('',#11968,#10013,#10014);
#8250=AXIS2_PLACEMENT_3D('',#11969,#10015,#10016);
#8251=AXIS2_PLACEMENT_3D('',#11970,#10017,#10018);
#8252=AXIS2_PLACEMENT_3D('',#11971,#10019,#10020);
#8253=AXIS2_PLACEMENT_3D('',#11972,#10021,#10022);
#8254=AXIS2_PLACEMENT_3D('',#11977,#10024,#10025);
#8255=AXIS2_PLACEMENT_3D('',#11980,#10027,#10028);
#8256=AXIS2_PLACEMENT_3D('',#11986,#10032,#10033);
#8257=AXIS2_PLACEMENT_3D('',#11987,#10034,#10035);
#8258=AXIS2_PLACEMENT_3D('',#11989,#10036,#10037);
#8259=AXIS2_PLACEMENT_3D('',#11992,#10039,#10040);
#8260=AXIS2_PLACEMENT_3D('',#11998,#10044,#10045);
#8261=AXIS2_PLACEMENT_3D('',#11999,#10046,#10047);
#8262=AXIS2_PLACEMENT_3D('',#12001,#10048,#10049);
#8263=AXIS2_PLACEMENT_3D('',#12004,#10051,#10052);
#8264=AXIS2_PLACEMENT_3D('',#12010,#10056,#10057);
#8265=AXIS2_PLACEMENT_3D('',#12011,#10058,#10059);
#8266=AXIS2_PLACEMENT_3D('',#12013,#10060,#10061);
#8267=AXIS2_PLACEMENT_3D('',#12016,#10063,#10064);
#8268=AXIS2_PLACEMENT_3D('',#12022,#10068,#10069);
#8269=AXIS2_PLACEMENT_3D('',#12023,#10070,#10071);
#8270=AXIS2_PLACEMENT_3D('',#12025,#10072,#10073);
#8271=AXIS2_PLACEMENT_3D('',#12028,#10075,#10076);
#8272=AXIS2_PLACEMENT_3D('',#12034,#10080,#10081);
#8273=AXIS2_PLACEMENT_3D('',#12035,#10082,#10083);
#8274=AXIS2_PLACEMENT_3D('',#12037,#10084,#10085);
#8275=AXIS2_PLACEMENT_3D('',#12040,#10087,#10088);
#8276=AXIS2_PLACEMENT_3D('',#12043,#10091,#10092);
#8277=AXIS2_PLACEMENT_3D('',#12044,#10093,#10094);
#8278=AXIS2_PLACEMENT_3D('',#12046,#10095,#10096);
#8279=AXIS2_PLACEMENT_3D('',#12048,#10097,#10098);
#8280=AXIS2_PLACEMENT_3D('',#12050,#10099,#10100);
#8281=AXIS2_PLACEMENT_3D('',#12052,#10101,#10102);
#8282=AXIS2_PLACEMENT_3D('',#12054,#10103,#10104);
#8283=AXIS2_PLACEMENT_3D('',#12056,#10105,#10106);
#8284=AXIS2_PLACEMENT_3D('',#12058,#10107,#10108);
#8285=AXIS2_PLACEMENT_3D('',#12060,#10109,#10110);
#8286=AXIS2_PLACEMENT_3D('',#12061,#10111,#10112);
#8287=AXIS2_PLACEMENT_3D('',#12063,#10113,#10114);
#8288=AXIS2_PLACEMENT_3D('',#12065,#10115,#10116);
#8289=AXIS2_PLACEMENT_3D('',#12067,#10117,#10118);
#8290=AXIS2_PLACEMENT_3D('',#12069,#10119,#10120);
#8291=AXIS2_PLACEMENT_3D('',#12071,#10121,#10122);
#8292=AXIS2_PLACEMENT_3D('',#12073,#10123,#10124);
#8293=AXIS2_PLACEMENT_3D('',#12075,#10125,#10126);
#8294=AXIS2_PLACEMENT_3D('',#12077,#10127,#10128);
#8295=AXIS2_PLACEMENT_3D('',#12078,#10129,#10130);
#8296=AXIS2_PLACEMENT_3D('',#12080,#10131,#10132);
#8297=AXIS2_PLACEMENT_3D('',#12081,#10133,#10134);
#8298=AXIS2_PLACEMENT_3D('',#12082,#10135,#10136);
#8299=AXIS2_PLACEMENT_3D('',#12084,#10137,#10138);
#8300=AXIS2_PLACEMENT_3D('',#12085,#10139,#10140);
#8301=AXIS2_PLACEMENT_3D('',#12086,#10141,#10142);
#8302=AXIS2_PLACEMENT_3D('',#12088,#10143,#10144);
#8303=AXIS2_PLACEMENT_3D('',#12089,#10145,#10146);
#8304=AXIS2_PLACEMENT_3D('',#12090,#10147,#10148);
#8305=AXIS2_PLACEMENT_3D('',#12092,#10149,#10150);
#8306=AXIS2_PLACEMENT_3D('',#12093,#10151,#10152);
#8307=AXIS2_PLACEMENT_3D('',#12094,#10153,#10154);
#8308=AXIS2_PLACEMENT_3D('',#12096,#10155,#10156);
#8309=AXIS2_PLACEMENT_3D('',#12097,#10157,#10158);
#8310=AXIS2_PLACEMENT_3D('',#12098,#10159,#10160);
#8311=AXIS2_PLACEMENT_3D('',#12100,#10161,#10162);
#8312=AXIS2_PLACEMENT_3D('',#12101,#10163,#10164);
#8313=AXIS2_PLACEMENT_3D('',#12102,#10165,#10166);
#8314=AXIS2_PLACEMENT_3D('',#12104,#10167,#10168);
#8315=AXIS2_PLACEMENT_3D('',#12105,#10169,#10170);
#8316=AXIS2_PLACEMENT_3D('',#12106,#10171,#10172);
#8317=AXIS2_PLACEMENT_3D('',#12108,#10173,#10174);
#8318=AXIS2_PLACEMENT_3D('',#12109,#10175,#10176);
#8319=AXIS2_PLACEMENT_3D('',#12110,#10177,#10178);
#8320=AXIS2_PLACEMENT_3D('',#12111,#10179,#10180);
#8321=AXIS2_PLACEMENT_3D('',#12116,#10182,#10183);
#8322=AXIS2_PLACEMENT_3D('',#12119,#10185,#10186);
#8323=AXIS2_PLACEMENT_3D('',#12125,#10190,#10191);
#8324=AXIS2_PLACEMENT_3D('',#12126,#10192,#10193);
#8325=AXIS2_PLACEMENT_3D('',#12130,#10195,#10196);
#8326=AXIS2_PLACEMENT_3D('',#12131,#10197,#10198);
#8327=AXIS2_PLACEMENT_3D('',#12137,#10202,#10203);
#8328=AXIS2_PLACEMENT_3D('',#12138,#10204,#10205);
#8329=AXIS2_PLACEMENT_3D('',#12142,#10207,#10208);
#8330=AXIS2_PLACEMENT_3D('',#12143,#10209,#10210);
#8331=AXIS2_PLACEMENT_3D('',#12149,#10214,#10215);
#8332=AXIS2_PLACEMENT_3D('',#12150,#10216,#10217);
#8333=AXIS2_PLACEMENT_3D('',#12154,#10219,#10220);
#8334=AXIS2_PLACEMENT_3D('',#12155,#10221,#10222);
#8335=AXIS2_PLACEMENT_3D('',#12161,#10226,#10227);
#8336=AXIS2_PLACEMENT_3D('',#12162,#10228,#10229);
#8337=AXIS2_PLACEMENT_3D('',#12166,#10231,#10232);
#8338=AXIS2_PLACEMENT_3D('',#12167,#10233,#10234);
#8339=AXIS2_PLACEMENT_3D('',#12173,#10238,#10239);
#8340=AXIS2_PLACEMENT_3D('',#12174,#10240,#10241);
#8341=AXIS2_PLACEMENT_3D('',#12178,#10243,#10244);
#8342=AXIS2_PLACEMENT_3D('',#12179,#10245,#10246);
#8343=AXIS2_PLACEMENT_3D('',#12182,#10249,#10250);
#8344=AXIS2_PLACEMENT_3D('',#12183,#10251,#10252);
#8345=AXIS2_PLACEMENT_3D('',#12185,#10253,#10254);
#8346=AXIS2_PLACEMENT_3D('',#12187,#10255,#10256);
#8347=AXIS2_PLACEMENT_3D('',#12189,#10257,#10258);
#8348=AXIS2_PLACEMENT_3D('',#12191,#10259,#10260);
#8349=AXIS2_PLACEMENT_3D('',#12193,#10261,#10262);
#8350=AXIS2_PLACEMENT_3D('',#12194,#10263,#10264);
#8351=AXIS2_PLACEMENT_3D('',#12196,#10265,#10266);
#8352=AXIS2_PLACEMENT_3D('',#12198,#10267,#10268);
#8353=AXIS2_PLACEMENT_3D('',#12200,#10269,#10270);
#8354=AXIS2_PLACEMENT_3D('',#12202,#10271,#10272);
#8355=AXIS2_PLACEMENT_3D('',#12204,#10273,#10274);
#8356=AXIS2_PLACEMENT_3D('',#12205,#10275,#10276);
#8357=AXIS2_PLACEMENT_3D('',#12207,#10277,#10278);
#8358=AXIS2_PLACEMENT_3D('',#12208,#10279,#10280);
#8359=AXIS2_PLACEMENT_3D('',#12209,#10281,#10282);
#8360=AXIS2_PLACEMENT_3D('',#12211,#10283,#10284);
#8361=AXIS2_PLACEMENT_3D('',#12212,#10285,#10286);
#8362=AXIS2_PLACEMENT_3D('',#12213,#10287,#10288);
#8363=AXIS2_PLACEMENT_3D('',#12215,#10289,#10290);
#8364=AXIS2_PLACEMENT_3D('',#12216,#10291,#10292);
#8365=AXIS2_PLACEMENT_3D('',#12217,#10293,#10294);
#8366=AXIS2_PLACEMENT_3D('',#12219,#10295,#10296);
#8367=AXIS2_PLACEMENT_3D('',#12220,#10297,#10298);
#8368=AXIS2_PLACEMENT_3D('',#12221,#10299,#10300);
#8369=DIRECTION('',(0.,0.,1.));
#8370=DIRECTION('',(1.,0.,0.));
#8371=DIRECTION('',(0.,0.,-1.));
#8372=DIRECTION('',(0.,-1.,0.));
#8373=DIRECTION('',(0.,0.,-1.));
#8374=DIRECTION('',(0.,-1.,0.));
#8375=DIRECTION('',(0.,0.,1.));
#8376=DIRECTION('',(0.,0.,-1.));
#8377=DIRECTION('',(0.,-1.,0.));
#8378=DIRECTION('',(0.,0.,-1.));
#8379=DIRECTION('',(0.,-1.,0.));
#8380=DIRECTION('',(0.,0.,-1.));
#8381=DIRECTION('',(0.,-1.,0.));
#8382=DIRECTION('',(0.,0.,1.));
#8383=DIRECTION('',(0.,0.,-1.));
#8384=DIRECTION('',(0.,-1.,0.));
#8385=DIRECTION('',(-1.,0.,0.));
#8386=DIRECTION('',(0.,1.,0.));
#8387=DIRECTION('',(0.,-1.,0.));
#8388=DIRECTION('',(0.,0.,1.));
#8389=DIRECTION('',(0.,-1.,0.));
#8390=DIRECTION('',(0.,0.,1.));
#8391=DIRECTION('',(0.,0.,-1.));
#8392=DIRECTION('',(-1.,0.,0.));
#8393=DIRECTION('',(0.,0.,-1.));
#8394=DIRECTION('',(-1.,0.,0.));
#8395=DIRECTION('',(0.,0.,1.));
#8396=DIRECTION('',(0.,0.,-1.));
#8397=DIRECTION('',(-1.,0.,0.));
#8398=DIRECTION('',(1.,0.,0.));
#8399=DIRECTION('',(0.,-1.,0.));
#8400=DIRECTION('',(0.,1.,0.));
#8401=DIRECTION('',(0.,0.,1.));
#8402=DIRECTION('',(0.,1.,0.));
#8403=DIRECTION('',(0.,0.,-1.));
#8404=DIRECTION('',(1.,0.,0.));
#8405=DIRECTION('',(0.,0.,-1.));
#8406=DIRECTION('',(1.,0.,0.));
#8407=DIRECTION('',(0.,0.,-1.));
#8408=DIRECTION('',(1.,0.,0.));
#8409=DIRECTION('',(-1.,0.,0.));
#8410=DIRECTION('',(0.,1.,0.));
#8411=DIRECTION('',(0.,-1.,0.));
#8412=DIRECTION('',(0.,0.,1.));
#8413=DIRECTION('',(0.,-1.,0.));
#8414=DIRECTION('',(0.,0.,1.));
#8415=DIRECTION('',(0.,0.,-1.));
#8416=DIRECTION('',(-1.,0.,0.));
#8417=DIRECTION('',(0.,0.,-1.));
#8418=DIRECTION('',(-1.,0.,0.));
#8419=DIRECTION('',(0.,0.,1.));
#8420=DIRECTION('',(0.,0.,-1.));
#8421=DIRECTION('',(-1.,0.,0.));
#8422=DIRECTION('',(1.,0.,0.));
#8423=DIRECTION('',(0.,-1.,0.));
#8424=DIRECTION('',(0.,1.,0.));
#8425=DIRECTION('',(0.,0.,1.));
#8426=DIRECTION('',(0.,1.,0.));
#8427=DIRECTION('',(0.,0.,-1.));
#8428=DIRECTION('',(1.,0.,0.));
#8429=DIRECTION('',(0.,0.,-1.));
#8430=DIRECTION('',(1.,0.,0.));
#8431=DIRECTION('',(0.,0.,-1.));
#8432=DIRECTION('',(1.,0.,0.));
#8433=DIRECTION('',(-1.,0.,0.));
#8434=DIRECTION('',(0.,1.,0.));
#8435=DIRECTION('',(0.,-1.,0.));
#8436=DIRECTION('',(0.,0.,1.));
#8437=DIRECTION('',(0.,-1.,0.));
#8438=DIRECTION('',(0.,0.,1.));
#8439=DIRECTION('',(0.,0.,-1.));
#8440=DIRECTION('',(-1.,0.,0.));
#8441=DIRECTION('',(0.,0.,-1.));
#8442=DIRECTION('',(-1.,0.,0.));
#8443=DIRECTION('',(0.,0.,1.));
#8444=DIRECTION('',(0.,0.,-1.));
#8445=DIRECTION('',(-1.,0.,0.));
#8446=DIRECTION('',(1.,0.,0.));
#8447=DIRECTION('',(0.,-1.,0.));
#8448=DIRECTION('',(0.,1.,0.));
#8449=DIRECTION('',(0.,0.,1.));
#8450=DIRECTION('',(0.,1.,0.));
#8451=DIRECTION('',(0.,0.,-1.));
#8452=DIRECTION('',(1.,0.,0.));
#8453=DIRECTION('',(0.,0.,-1.));
#8454=DIRECTION('',(1.,0.,0.));
#8455=DIRECTION('',(0.,0.,-1.));
#8456=DIRECTION('',(1.,0.,0.));
#8457=DIRECTION('',(-1.,0.,0.));
#8458=DIRECTION('',(0.,1.,0.));
#8459=DIRECTION('',(0.,-1.,0.));
#8460=DIRECTION('',(0.,0.,1.));
#8461=DIRECTION('',(0.,-1.,0.));
#8462=DIRECTION('',(0.,0.,1.));
#8463=DIRECTION('',(0.,0.,-1.));
#8464=DIRECTION('',(-1.,0.,0.));
#8465=DIRECTION('',(0.,0.,-1.));
#8466=DIRECTION('',(-1.,0.,0.));
#8467=DIRECTION('',(0.,0.,1.));
#8468=DIRECTION('',(0.,0.,-1.));
#8469=DIRECTION('',(-1.,0.,0.));
#8470=DIRECTION('',(1.,0.,0.));
#8471=DIRECTION('',(0.,-1.,0.));
#8472=DIRECTION('',(0.,1.,0.));
#8473=DIRECTION('',(0.,0.,1.));
#8474=DIRECTION('',(0.,1.,0.));
#8475=DIRECTION('',(0.,0.,-1.));
#8476=DIRECTION('',(1.,0.,0.));
#8477=DIRECTION('',(0.,0.,-1.));
#8478=DIRECTION('',(1.,0.,0.));
#8479=DIRECTION('',(0.,0.,-1.));
#8480=DIRECTION('',(1.,0.,0.));
#8481=DIRECTION('',(0.,0.,-1.));
#8482=DIRECTION('',(0.,-1.,0.));
#8483=DIRECTION('',(0.,0.,-1.));
#8484=DIRECTION('',(0.,-1.,0.));
#8485=DIRECTION('',(0.,0.,1.));
#8486=DIRECTION('',(0.,0.,-1.));
#8487=DIRECTION('',(0.,-1.,0.));
#8488=DIRECTION('',(0.,0.,-1.));
#8489=DIRECTION('',(0.,-1.,0.));
#8490=DIRECTION('',(0.,0.,-1.));
#8491=DIRECTION('',(0.,-1.,0.));
#8492=DIRECTION('',(0.,0.,1.));
#8493=DIRECTION('',(0.,0.,-1.));
#8494=DIRECTION('',(0.,-1.,0.));
#8495=DIRECTION('',(0.,0.,-1.));
#8496=DIRECTION('',(0.,-1.,0.));
#8497=DIRECTION('',(0.,0.,-1.));
#8498=DIRECTION('',(0.,-1.,0.));
#8499=DIRECTION('',(0.,0.,1.));
#8500=DIRECTION('',(0.,0.,-1.));
#8501=DIRECTION('',(0.,-1.,0.));
#8502=DIRECTION('',(0.,0.,-1.));
#8503=DIRECTION('',(0.,-1.,0.));
#8504=DIRECTION('',(0.,0.,-1.));
#8505=DIRECTION('',(0.,-1.,0.));
#8506=DIRECTION('',(0.,0.,1.));
#8507=DIRECTION('',(0.,0.,-1.));
#8508=DIRECTION('',(0.,-1.,0.));
#8509=DIRECTION('',(0.,0.,-1.));
#8510=DIRECTION('',(0.,-1.,0.));
#8511=DIRECTION('',(0.,0.,-1.));
#8512=DIRECTION('',(0.,-1.,0.));
#8513=DIRECTION('',(0.,0.,1.));
#8514=DIRECTION('',(0.,0.,-1.));
#8515=DIRECTION('',(0.,-1.,0.));
#8516=DIRECTION('',(0.,0.,-1.));
#8517=DIRECTION('',(0.,-1.,0.));
#8518=DIRECTION('',(0.,0.,-1.));
#8519=DIRECTION('',(0.,-1.,0.));
#8520=DIRECTION('',(0.,0.,1.));
#8521=DIRECTION('',(0.,0.,-1.));
#8522=DIRECTION('',(0.,-1.,0.));
#8523=DIRECTION('',(0.,0.,-1.));
#8524=DIRECTION('',(0.,-1.,0.));
#8525=DIRECTION('',(0.,0.,-1.));
#8526=DIRECTION('',(0.,-1.,0.));
#8527=DIRECTION('',(0.,0.,1.));
#8528=DIRECTION('',(0.,0.,-1.));
#8529=DIRECTION('',(0.,-1.,0.));
#8530=DIRECTION('',(0.,0.,-1.));
#8531=DIRECTION('',(0.,-1.,0.));
#8532=DIRECTION('',(0.,0.,-1.));
#8533=DIRECTION('',(0.,-1.,0.));
#8534=DIRECTION('',(0.,0.,1.));
#8535=DIRECTION('',(0.,0.,-1.));
#8536=DIRECTION('',(0.,-1.,0.));
#8537=DIRECTION('',(0.,0.,-1.));
#8538=DIRECTION('',(0.,-1.,0.));
#8539=DIRECTION('',(0.,0.,-1.));
#8540=DIRECTION('',(0.,-1.,0.));
#8541=DIRECTION('',(0.,0.,1.));
#8542=DIRECTION('',(0.,0.,-1.));
#8543=DIRECTION('',(0.,-1.,0.));
#8544=DIRECTION('',(0.,0.,-1.));
#8545=DIRECTION('',(0.,-1.,0.));
#8546=DIRECTION('',(0.,0.,-1.));
#8547=DIRECTION('',(0.,-1.,0.));
#8548=DIRECTION('',(0.,0.,1.));
#8549=DIRECTION('',(0.,0.,-1.));
#8550=DIRECTION('',(0.,-1.,0.));
#8551=DIRECTION('',(0.,0.,-1.));
#8552=DIRECTION('',(0.,-1.,0.));
#8553=DIRECTION('',(0.,0.,-1.));
#8554=DIRECTION('',(0.,-1.,0.));
#8555=DIRECTION('',(0.,0.,1.));
#8556=DIRECTION('',(0.,0.,-1.));
#8557=DIRECTION('',(0.,-1.,0.));
#8558=DIRECTION('',(0.,0.,-1.));
#8559=DIRECTION('',(0.,-1.,0.));
#8560=DIRECTION('',(0.,0.,-1.));
#8561=DIRECTION('',(0.,-1.,0.));
#8562=DIRECTION('',(0.,0.,1.));
#8563=DIRECTION('',(0.,0.,-1.));
#8564=DIRECTION('',(0.,-1.,0.));
#8565=DIRECTION('',(0.,0.,-1.));
#8566=DIRECTION('',(0.,-1.,0.));
#8567=DIRECTION('',(0.,0.,-1.));
#8568=DIRECTION('',(0.,-1.,0.));
#8569=DIRECTION('',(0.,0.,1.));
#8570=DIRECTION('',(0.,0.,-1.));
#8571=DIRECTION('',(0.,-1.,0.));
#8572=DIRECTION('',(0.,0.,-1.));
#8573=DIRECTION('',(0.,-1.,0.));
#8574=DIRECTION('',(0.,0.,-1.));
#8575=DIRECTION('',(0.,-1.,0.));
#8576=DIRECTION('',(0.,0.,1.));
#8577=DIRECTION('',(0.,0.,-1.));
#8578=DIRECTION('',(0.,-1.,0.));
#8579=DIRECTION('',(0.,0.,-1.));
#8580=DIRECTION('',(-1.393133638203E-14,-1.,0.));
#8581=DIRECTION('',(0.,0.,-1.));
#8582=DIRECTION('',(-1.393133638203E-14,-1.,0.));
#8583=DIRECTION('',(0.,0.,1.));
#8584=DIRECTION('',(0.,0.,-1.));
#8585=DIRECTION('',(-1.393133638203E-14,-1.,0.));
#8586=DIRECTION('',(0.,0.,-1.));
#8587=DIRECTION('',(0.,-1.,0.));
#8588=DIRECTION('',(0.,0.,-1.));
#8589=DIRECTION('',(0.,-1.,0.));
#8590=DIRECTION('',(0.,0.,1.));
#8591=DIRECTION('',(0.,0.,-1.));
#8592=DIRECTION('',(0.,-1.,0.));
#8593=DIRECTION('',(0.,0.,-1.));
#8594=DIRECTION('',(0.,-1.,0.));
#8595=DIRECTION('',(0.,0.,-1.));
#8596=DIRECTION('',(0.,-1.,0.));
#8597=DIRECTION('',(0.,0.,1.));
#8598=DIRECTION('',(0.,0.,-1.));
#8599=DIRECTION('',(0.,-1.,0.));
#8600=DIRECTION('',(0.,0.,-1.));
#8601=DIRECTION('',(0.,-1.,0.));
#8602=DIRECTION('',(0.,0.,-1.));
#8603=DIRECTION('',(0.,-1.,0.));
#8604=DIRECTION('',(0.,0.,1.));
#8605=DIRECTION('',(0.,0.,-1.));
#8606=DIRECTION('',(0.,-1.,0.));
#8607=DIRECTION('',(0.,0.,-1.));
#8608=DIRECTION('',(0.,-1.,0.));
#8609=DIRECTION('',(0.,0.,-1.));
#8610=DIRECTION('',(0.,-1.,0.));
#8611=DIRECTION('',(0.,0.,1.));
#8612=DIRECTION('',(0.,0.,-1.));
#8613=DIRECTION('',(0.,-1.,0.));
#8614=DIRECTION('',(0.,0.,-1.));
#8615=DIRECTION('',(-6.965668191017E-15,-1.,0.));
#8616=DIRECTION('',(0.,0.,-1.));
#8617=DIRECTION('',(-6.965668191017E-15,-1.,0.));
#8618=DIRECTION('',(0.,0.,1.));
#8619=DIRECTION('',(0.,0.,-1.));
#8620=DIRECTION('',(-6.965668191017E-15,-1.,0.));
#8621=DIRECTION('',(0.,0.,-1.));
#8622=DIRECTION('',(0.,-1.,0.));
#8623=DIRECTION('',(0.,0.,-1.));
#8624=DIRECTION('',(0.,-1.,0.));
#8625=DIRECTION('',(0.,0.,1.));
#8626=DIRECTION('',(0.,0.,-1.));
#8627=DIRECTION('',(0.,-1.,0.));
#8628=DIRECTION('',(0.,0.,-1.));
#8629=DIRECTION('',(0.,-1.,0.));
#8630=DIRECTION('',(0.,0.,-1.));
#8631=DIRECTION('',(0.,-1.,0.));
#8632=DIRECTION('',(0.,0.,1.));
#8633=DIRECTION('',(0.,0.,-1.));
#8634=DIRECTION('',(0.,-1.,0.));
#8635=DIRECTION('',(0.,0.,-1.));
#8636=DIRECTION('',(0.,-1.,0.));
#8637=DIRECTION('',(0.,0.,-1.));
#8638=DIRECTION('',(0.,-1.,0.));
#8639=DIRECTION('',(0.,0.,1.));
#8640=DIRECTION('',(0.,0.,-1.));
#8641=DIRECTION('',(0.,-1.,0.));
#8642=DIRECTION('',(0.,0.,-1.));
#8643=DIRECTION('',(-1.393133638203E-14,-1.,0.));
#8644=DIRECTION('',(0.,0.,-1.));
#8645=DIRECTION('',(-1.393133638203E-14,-1.,0.));
#8646=DIRECTION('',(0.,0.,1.));
#8647=DIRECTION('',(0.,0.,-1.));
#8648=DIRECTION('',(-1.393133638203E-14,-1.,0.));
#8649=DIRECTION('',(0.,0.,-1.));
#8650=DIRECTION('',(0.,-1.,0.));
#8651=DIRECTION('',(0.,0.,-1.));
#8652=DIRECTION('',(0.,-1.,0.));
#8653=DIRECTION('',(0.,0.,1.));
#8654=DIRECTION('',(0.,0.,-1.));
#8655=DIRECTION('',(0.,-1.,0.));
#8656=DIRECTION('',(0.,0.,-1.));
#8657=DIRECTION('',(0.,-1.,0.));
#8658=DIRECTION('',(0.,0.,-1.));
#8659=DIRECTION('',(0.,-1.,0.));
#8660=DIRECTION('',(0.,0.,1.));
#8661=DIRECTION('',(0.,0.,-1.));
#8662=DIRECTION('',(0.,-1.,0.));
#8663=DIRECTION('',(0.,0.,-1.));
#8664=DIRECTION('',(0.,-1.,0.));
#8665=DIRECTION('',(0.,0.,-1.));
#8666=DIRECTION('',(0.,-1.,0.));
#8667=DIRECTION('',(0.,0.,1.));
#8668=DIRECTION('',(0.,0.,-1.));
#8669=DIRECTION('',(0.,-1.,0.));
#8670=DIRECTION('',(0.,0.,-1.));
#8671=DIRECTION('',(0.,-1.,0.));
#8672=DIRECTION('',(0.,0.,-1.));
#8673=DIRECTION('',(0.,-1.,0.));
#8674=DIRECTION('',(0.,0.,1.));
#8675=DIRECTION('',(0.,0.,-1.));
#8676=DIRECTION('',(0.,-1.,0.));
#8677=DIRECTION('',(0.,0.,-1.));
#8678=DIRECTION('',(0.,-1.,0.));
#8679=DIRECTION('',(0.,0.,-1.));
#8680=DIRECTION('',(0.,-1.,0.));
#8681=DIRECTION('',(0.,0.,1.));
#8682=DIRECTION('',(0.,0.,-1.));
#8683=DIRECTION('',(0.,-1.,0.));
#8684=DIRECTION('',(0.,0.,-1.));
#8685=DIRECTION('',(-6.965668191017E-15,-1.,0.));
#8686=DIRECTION('',(0.,0.,-1.));
#8687=DIRECTION('',(-6.965668191017E-15,-1.,0.));
#8688=DIRECTION('',(0.,0.,1.));
#8689=DIRECTION('',(0.,0.,-1.));
#8690=DIRECTION('',(-6.965668191017E-15,-1.,0.));
#8691=DIRECTION('',(0.,0.,-1.));
#8692=DIRECTION('',(0.,-1.,0.));
#8693=DIRECTION('',(0.,0.,-1.));
#8694=DIRECTION('',(0.,-1.,0.));
#8695=DIRECTION('',(0.,0.,1.));
#8696=DIRECTION('',(0.,0.,-1.));
#8697=DIRECTION('',(0.,-1.,0.));
#8698=DIRECTION('',(0.,0.,-1.));
#8699=DIRECTION('',(0.,-1.,0.));
#8700=DIRECTION('',(0.,0.,-1.));
#8701=DIRECTION('',(0.,-1.,0.));
#8702=DIRECTION('',(0.,0.,1.));
#8703=DIRECTION('',(0.,0.,-1.));
#8704=DIRECTION('',(0.,-1.,0.));
#8705=DIRECTION('',(0.,0.,-1.));
#8706=DIRECTION('',(0.,-1.,0.));
#8707=DIRECTION('',(0.,0.,-1.));
#8708=DIRECTION('',(0.,-1.,0.));
#8709=DIRECTION('',(0.,0.,1.));
#8710=DIRECTION('',(0.,0.,-1.));
#8711=DIRECTION('',(0.,-1.,0.));
#8712=DIRECTION('',(0.,0.,-1.));
#8713=DIRECTION('',(0.,-1.,0.));
#8714=DIRECTION('',(0.,0.,-1.));
#8715=DIRECTION('',(0.,-1.,0.));
#8716=DIRECTION('',(0.,0.,1.));
#8717=DIRECTION('',(0.,0.,-1.));
#8718=DIRECTION('',(0.,-1.,0.));
#8719=DIRECTION('',(0.,0.,-1.));
#8720=DIRECTION('',(0.,-1.,0.));
#8721=DIRECTION('',(0.,0.,-1.));
#8722=DIRECTION('',(0.,-1.,0.));
#8723=DIRECTION('',(0.,0.,1.));
#8724=DIRECTION('',(0.,0.,-1.));
#8725=DIRECTION('',(0.,-1.,0.));
#8726=DIRECTION('',(0.,0.,-1.));
#8727=DIRECTION('',(0.,-1.,0.));
#8728=DIRECTION('',(0.,0.,-1.));
#8729=DIRECTION('',(0.,-1.,0.));
#8730=DIRECTION('',(0.,0.,1.));
#8731=DIRECTION('',(0.,0.,-1.));
#8732=DIRECTION('',(0.,-1.,0.));
#8733=DIRECTION('',(0.,0.,-1.));
#8734=DIRECTION('',(0.,-1.,0.));
#8735=DIRECTION('',(0.,0.,-1.));
#8736=DIRECTION('',(0.,-1.,0.));
#8737=DIRECTION('',(0.,0.,1.));
#8738=DIRECTION('',(0.,0.,-1.));
#8739=DIRECTION('',(0.,-1.,0.));
#8740=DIRECTION('',(0.,0.,-1.));
#8741=DIRECTION('',(0.,-1.,0.));
#8742=DIRECTION('',(0.,0.,-1.));
#8743=DIRECTION('',(0.,-1.,0.));
#8744=DIRECTION('',(0.,0.,1.));
#8745=DIRECTION('',(0.,0.,-1.));
#8746=DIRECTION('',(0.,-1.,0.));
#8747=DIRECTION('',(0.,0.,-1.));
#8748=DIRECTION('',(0.,-1.,0.));
#8749=DIRECTION('',(0.,0.,-1.));
#8750=DIRECTION('',(0.,-1.,0.));
#8751=DIRECTION('',(0.,0.,1.));
#8752=DIRECTION('',(0.,0.,-1.));
#8753=DIRECTION('',(0.,-1.,0.));
#8754=DIRECTION('',(0.,0.,-1.));
#8755=DIRECTION('',(0.,-1.,0.));
#8756=DIRECTION('',(0.,0.,-1.));
#8757=DIRECTION('',(0.,-1.,0.));
#8758=DIRECTION('',(0.,0.,1.));
#8759=DIRECTION('',(0.,0.,-1.));
#8760=DIRECTION('',(0.,-1.,0.));
#8761=DIRECTION('',(0.,0.,-1.));
#8762=DIRECTION('',(0.,-1.,0.));
#8763=DIRECTION('',(0.,0.,-1.));
#8764=DIRECTION('',(0.,-1.,0.));
#8765=DIRECTION('',(0.,0.,1.));
#8766=DIRECTION('',(0.,0.,-1.));
#8767=DIRECTION('',(0.,-1.,0.));
#8768=DIRECTION('',(0.,0.,-1.));
#8769=DIRECTION('',(0.,-1.,0.));
#8770=DIRECTION('',(0.,0.,-1.));
#8771=DIRECTION('',(0.,-1.,0.));
#8772=DIRECTION('',(0.,0.,1.));
#8773=DIRECTION('',(0.,0.,-1.));
#8774=DIRECTION('',(0.,-1.,0.));
#8775=DIRECTION('',(0.,0.,-1.));
#8776=DIRECTION('',(0.,-1.,0.));
#8777=DIRECTION('',(0.,0.,-1.));
#8778=DIRECTION('',(0.,-1.,0.));
#8779=DIRECTION('',(0.,0.,1.));
#8780=DIRECTION('',(0.,0.,-1.));
#8781=DIRECTION('',(0.,-1.,0.));
#8782=DIRECTION('',(0.,0.,-1.));
#8783=DIRECTION('',(0.,-1.,0.));
#8784=DIRECTION('',(0.,0.,-1.));
#8785=DIRECTION('',(0.,-1.,0.));
#8786=DIRECTION('',(0.,0.,1.));
#8787=DIRECTION('',(0.,0.,-1.));
#8788=DIRECTION('',(0.,-1.,0.));
#8789=DIRECTION('',(0.,0.,-1.));
#8790=DIRECTION('',(0.,-1.,0.));
#8791=DIRECTION('',(0.,0.,-1.));
#8792=DIRECTION('',(0.,-1.,0.));
#8793=DIRECTION('',(0.,0.,1.));
#8794=DIRECTION('',(0.,0.,-1.));
#8795=DIRECTION('',(0.,-1.,0.));
#8796=DIRECTION('',(0.,0.,-1.));
#8797=DIRECTION('',(0.,-1.,0.));
#8798=DIRECTION('',(0.,0.,-1.));
#8799=DIRECTION('',(0.,-1.,0.));
#8800=DIRECTION('',(0.,0.,1.));
#8801=DIRECTION('',(0.,0.,-1.));
#8802=DIRECTION('',(0.,-1.,0.));
#8803=DIRECTION('',(0.,0.,-1.));
#8804=DIRECTION('',(0.,-1.,0.));
#8805=DIRECTION('',(0.,0.,-1.));
#8806=DIRECTION('',(0.,-1.,0.));
#8807=DIRECTION('',(0.,0.,1.));
#8808=DIRECTION('',(0.,0.,-1.));
#8809=DIRECTION('',(0.,-1.,0.));
#8810=DIRECTION('',(0.,0.,-1.));
#8811=DIRECTION('',(0.,-1.,0.));
#8812=DIRECTION('',(0.,0.,-1.));
#8813=DIRECTION('',(0.,-1.,0.));
#8814=DIRECTION('',(0.,0.,1.));
#8815=DIRECTION('',(0.,0.,-1.));
#8816=DIRECTION('',(0.,-1.,0.));
#8817=DIRECTION('',(0.,0.,-1.));
#8818=DIRECTION('',(0.,-1.,0.));
#8819=DIRECTION('',(0.,0.,-1.));
#8820=DIRECTION('',(0.,-1.,0.));
#8821=DIRECTION('',(0.,0.,1.));
#8822=DIRECTION('',(0.,0.,-1.));
#8823=DIRECTION('',(0.,-1.,0.));
#8824=DIRECTION('',(0.,0.,-1.));
#8825=DIRECTION('',(0.,-1.,0.));
#8826=DIRECTION('',(0.,0.,-1.));
#8827=DIRECTION('',(0.,-1.,0.));
#8828=DIRECTION('',(0.,0.,1.));
#8829=DIRECTION('',(0.,0.,-1.));
#8830=DIRECTION('',(0.,-1.,0.));
#8831=DIRECTION('',(0.,0.,-1.));
#8832=DIRECTION('',(0.,-1.,0.));
#8833=DIRECTION('',(0.,0.,-1.));
#8834=DIRECTION('',(0.,-1.,0.));
#8835=DIRECTION('',(0.,0.,1.));
#8836=DIRECTION('',(0.,0.,-1.));
#8837=DIRECTION('',(0.,-1.,0.));
#8838=DIRECTION('',(0.,0.,-1.));
#8839=DIRECTION('',(0.,-1.,0.));
#8840=DIRECTION('',(0.,0.,-1.));
#8841=DIRECTION('',(0.,-1.,0.));
#8842=DIRECTION('',(0.,0.,1.));
#8843=DIRECTION('',(0.,0.,-1.));
#8844=DIRECTION('',(0.,-1.,0.));
#8845=DIRECTION('',(0.,0.,-1.));
#8846=DIRECTION('',(0.,-1.,0.));
#8847=DIRECTION('',(0.,0.,-1.));
#8848=DIRECTION('',(0.,-1.,0.));
#8849=DIRECTION('',(0.,0.,1.));
#8850=DIRECTION('',(0.,0.,-1.));
#8851=DIRECTION('',(0.,-1.,0.));
#8852=DIRECTION('',(0.,0.,-1.));
#8853=DIRECTION('',(0.,-1.,0.));
#8854=DIRECTION('',(0.,0.,-1.));
#8855=DIRECTION('',(0.,-1.,0.));
#8856=DIRECTION('',(0.,0.,1.));
#8857=DIRECTION('',(0.,0.,-1.));
#8858=DIRECTION('',(0.,-1.,0.));
#8859=DIRECTION('',(0.,0.,-1.));
#8860=DIRECTION('',(2.797412345512E-14,-1.,0.));
#8861=DIRECTION('',(0.,0.,-1.));
#8862=DIRECTION('',(2.797412345512E-14,-1.,0.));
#8863=DIRECTION('',(0.,0.,1.));
#8864=DIRECTION('',(0.,0.,-1.));
#8865=DIRECTION('',(2.797412345512E-14,-1.,0.));
#8866=DIRECTION('',(0.,0.,-1.));
#8867=DIRECTION('',(6.99353086378E-15,-1.,0.));
#8868=DIRECTION('',(0.,0.,-1.));
#8869=DIRECTION('',(6.99353086378E-15,-1.,0.));
#8870=DIRECTION('',(0.,0.,1.));
#8871=DIRECTION('',(0.,0.,-1.));
#8872=DIRECTION('',(6.99353086378E-15,-1.,0.));
#8873=DIRECTION('',(0.,-1.,0.));
#8874=DIRECTION('',(-1.,0.,0.));
#8875=DIRECTION('',(1.,0.,0.));
#8876=DIRECTION('',(0.,0.,1.));
#8877=DIRECTION('',(1.,0.,0.));
#8878=DIRECTION('',(0.,0.,1.));
#8879=DIRECTION('',(0.,0.,-1.));
#8880=DIRECTION('',(1.18434053578E-14,-1.,0.));
#8881=DIRECTION('',(0.,0.,-1.));
#8882=DIRECTION('',(1.18434053578E-14,-1.,0.));
#8883=DIRECTION('',(0.,0.,1.));
#8884=DIRECTION('',(0.,0.,-1.));
#8885=DIRECTION('',(1.18434053578E-14,-1.,0.));
#8886=DIRECTION('',(0.,1.,0.));
#8887=DIRECTION('',(1.,0.,0.));
#8888=DIRECTION('',(-1.,0.,0.));
#8889=DIRECTION('',(0.,0.,1.));
#8890=DIRECTION('',(-1.,0.,0.));
#8891=DIRECTION('',(0.,0.,-1.));
#8892=DIRECTION('',(-2.36868107156E-14,1.,0.));
#8893=DIRECTION('',(0.,0.,-1.));
#8894=DIRECTION('',(-2.36868107156E-14,1.,0.));
#8895=DIRECTION('',(0.,0.,-1.));
#8896=DIRECTION('',(-2.36868107156E-14,1.,0.));
#8897=DIRECTION('',(0.,-1.,0.));
#8898=DIRECTION('',(-1.,0.,0.));
#8899=DIRECTION('',(1.,0.,0.));
#8900=DIRECTION('',(0.,0.,1.));
#8901=DIRECTION('',(1.,0.,0.));
#8902=DIRECTION('',(0.,0.,1.));
#8903=DIRECTION('',(0.,0.,-1.));
#8904=DIRECTION('',(2.36868107156E-14,-1.,0.));
#8905=DIRECTION('',(0.,0.,-1.));
#8906=DIRECTION('',(2.36868107156E-14,-1.,0.));
#8907=DIRECTION('',(0.,0.,1.));
#8908=DIRECTION('',(0.,0.,-1.));
#8909=DIRECTION('',(2.36868107156E-14,-1.,0.));
#8910=DIRECTION('',(0.,1.,0.));
#8911=DIRECTION('',(1.,0.,0.));
#8912=DIRECTION('',(-1.,0.,0.));
#8913=DIRECTION('',(0.,0.,1.));
#8914=DIRECTION('',(-1.,0.,0.));
#8915=DIRECTION('',(0.,0.,-1.));
#8916=DIRECTION('',(-1.18434053578E-14,1.,0.));
#8917=DIRECTION('',(0.,0.,-1.));
#8918=DIRECTION('',(-1.18434053578E-14,1.,0.));
#8919=DIRECTION('',(0.,0.,-1.));
#8920=DIRECTION('',(-1.18434053578E-14,1.,0.));
#8921=DIRECTION('',(0.,0.,-1.));
#8922=DIRECTION('',(1.093166215519E-14,-1.,0.));
#8923=DIRECTION('',(0.,0.,-1.));
#8924=DIRECTION('',(1.093166215519E-14,-1.,0.));
#8925=DIRECTION('',(0.,0.,1.));
#8926=DIRECTION('',(0.,0.,-1.));
#8927=DIRECTION('',(1.093166215519E-14,-1.,0.));
#8928=DIRECTION('',(0.,0.,-1.));
#8929=DIRECTION('',(1.093166215519E-14,-1.,0.));
#8930=DIRECTION('',(0.,0.,-1.));
#8931=DIRECTION('',(1.093166215519E-14,-1.,0.));
#8932=DIRECTION('',(0.,0.,1.));
#8933=DIRECTION('',(0.,0.,-1.));
#8934=DIRECTION('',(1.093166215519E-14,-1.,0.));
#8935=DIRECTION('',(0.,-1.,0.));
#8936=DIRECTION('',(-1.,0.,0.));
#8937=DIRECTION('',(1.,0.,0.));
#8938=DIRECTION('',(0.,0.,1.));
#8939=DIRECTION('',(1.,0.,0.));
#8940=DIRECTION('',(0.,0.,1.));
#8941=DIRECTION('',(0.,0.,-1.));
#8942=DIRECTION('',(0.,-1.,0.));
#8943=DIRECTION('',(0.,0.,-1.));
#8944=DIRECTION('',(0.,-1.,0.));
#8945=DIRECTION('',(0.,0.,1.));
#8946=DIRECTION('',(0.,0.,-1.));
#8947=DIRECTION('',(0.,-1.,0.));
#8948=DIRECTION('',(0.,1.,0.));
#8949=DIRECTION('',(1.,0.,0.));
#8950=DIRECTION('',(-1.,0.,0.));
#8951=DIRECTION('',(0.,0.,1.));
#8952=DIRECTION('',(-1.,0.,0.));
#8953=DIRECTION('',(0.,0.,-1.));
#8954=DIRECTION('',(-1.18434053578E-14,1.,0.));
#8955=DIRECTION('',(0.,0.,-1.));
#8956=DIRECTION('',(-1.18434053578E-14,1.,0.));
#8957=DIRECTION('',(0.,0.,-1.));
#8958=DIRECTION('',(-1.18434053578E-14,1.,0.));
#8959=DIRECTION('',(0.,-1.,0.));
#8960=DIRECTION('',(-1.,0.,0.));
#8961=DIRECTION('',(1.,0.,0.));
#8962=DIRECTION('',(0.,0.,1.));
#8963=DIRECTION('',(1.,0.,0.));
#8964=DIRECTION('',(0.,0.,1.));
#8965=DIRECTION('',(0.,0.,-1.));
#8966=DIRECTION('',(1.18434053578E-14,-1.,0.));
#8967=DIRECTION('',(0.,0.,-1.));
#8968=DIRECTION('',(1.18434053578E-14,-1.,0.));
#8969=DIRECTION('',(0.,0.,1.));
#8970=DIRECTION('',(0.,0.,-1.));
#8971=DIRECTION('',(1.18434053578E-14,-1.,0.));
#8972=DIRECTION('',(0.,1.,0.));
#8973=DIRECTION('',(1.,0.,0.));
#8974=DIRECTION('',(-1.,0.,0.));
#8975=DIRECTION('',(0.,0.,1.));
#8976=DIRECTION('',(-1.,0.,0.));
#8977=DIRECTION('',(0.,0.,-1.));
#8978=DIRECTION('',(0.,1.,0.));
#8979=DIRECTION('',(0.,0.,-1.));
#8980=DIRECTION('',(0.,1.,0.));
#8981=DIRECTION('',(0.,0.,-1.));
#8982=DIRECTION('',(0.,1.,0.));
#8983=DIRECTION('',(0.,0.,-1.));
#8984=DIRECTION('',(0.,-1.,0.));
#8985=DIRECTION('',(0.,0.,-1.));
#8986=DIRECTION('',(0.,-1.,0.));
#8987=DIRECTION('',(0.,0.,1.));
#8988=DIRECTION('',(0.,0.,-1.));
#8989=DIRECTION('',(0.,-1.,0.));
#8990=DIRECTION('',(0.,0.,-1.));
#8991=DIRECTION('',(0.,-1.,0.));
#8992=DIRECTION('',(0.,0.,-1.));
#8993=DIRECTION('',(0.,-1.,0.));
#8994=DIRECTION('',(0.,0.,1.));
#8995=DIRECTION('',(0.,0.,-1.));
#8996=DIRECTION('',(0.,-1.,0.));
#8997=DIRECTION('',(0.,0.,-1.));
#8998=DIRECTION('',(0.,-1.,0.));
#8999=DIRECTION('',(0.,0.,-1.));
#9000=DIRECTION('',(0.,-1.,0.));
#9001=DIRECTION('',(0.,0.,1.));
#9002=DIRECTION('',(0.,0.,-1.));
#9003=DIRECTION('',(0.,-1.,0.));
#9004=DIRECTION('',(0.,0.,-1.));
#9005=DIRECTION('',(0.,-1.,0.));
#9006=DIRECTION('',(0.,0.,-1.));
#9007=DIRECTION('',(0.,-1.,0.));
#9008=DIRECTION('',(0.,0.,1.));
#9009=DIRECTION('',(0.,0.,-1.));
#9010=DIRECTION('',(0.,-1.,0.));
#9011=DIRECTION('',(0.,0.,-1.));
#9012=DIRECTION('',(0.,-1.,0.));
#9013=DIRECTION('',(0.,0.,-1.));
#9014=DIRECTION('',(0.,-1.,0.));
#9015=DIRECTION('',(0.,0.,1.));
#9016=DIRECTION('',(0.,0.,-1.));
#9017=DIRECTION('',(0.,-1.,0.));
#9018=DIRECTION('',(0.,0.,-1.));
#9019=DIRECTION('',(0.,-1.,0.));
#9020=DIRECTION('',(0.,0.,-1.));
#9021=DIRECTION('',(0.,-1.,0.));
#9022=DIRECTION('',(0.,0.,1.));
#9023=DIRECTION('',(0.,0.,-1.));
#9024=DIRECTION('',(0.,-1.,0.));
#9025=DIRECTION('',(0.,0.,-1.));
#9026=DIRECTION('',(0.,-1.,0.));
#9027=DIRECTION('',(0.,0.,-1.));
#9028=DIRECTION('',(0.,-1.,0.));
#9029=DIRECTION('',(0.,0.,1.));
#9030=DIRECTION('',(0.,0.,-1.));
#9031=DIRECTION('',(0.,-1.,0.));
#9032=DIRECTION('',(0.,0.,-1.));
#9033=DIRECTION('',(0.,-1.,0.));
#9034=DIRECTION('',(0.,0.,-1.));
#9035=DIRECTION('',(0.,-1.,0.));
#9036=DIRECTION('',(0.,0.,1.));
#9037=DIRECTION('',(0.,0.,-1.));
#9038=DIRECTION('',(0.,-1.,0.));
#9039=DIRECTION('',(0.,-1.,0.));
#9040=DIRECTION('',(-1.,0.,0.));
#9041=DIRECTION('',(1.,0.,0.));
#9042=DIRECTION('',(0.,0.,1.));
#9043=DIRECTION('',(1.,0.,0.));
#9044=DIRECTION('',(0.,0.,1.));
#9045=DIRECTION('',(0.,0.,-1.));
#9046=DIRECTION('',(-7.105441568484E-15,-1.,0.));
#9047=DIRECTION('',(0.,0.,-1.));
#9048=DIRECTION('',(-7.105441568484E-15,-1.,0.));
#9049=DIRECTION('',(0.,0.,1.));
#9050=DIRECTION('',(0.,0.,-1.));
#9051=DIRECTION('',(-7.105441568484E-15,-1.,0.));
#9052=DIRECTION('',(0.,1.,0.));
#9053=DIRECTION('',(1.,0.,0.));
#9054=DIRECTION('',(-1.,0.,0.));
#9055=DIRECTION('',(0.,0.,1.));
#9056=DIRECTION('',(-1.,0.,0.));
#9057=DIRECTION('',(0.,0.,-1.));
#9058=DIRECTION('',(7.105441568484E-15,1.,0.));
#9059=DIRECTION('',(0.,0.,-1.));
#9060=DIRECTION('',(7.105441568484E-15,1.,0.));
#9061=DIRECTION('',(0.,0.,-1.));
#9062=DIRECTION('',(7.105441568484E-15,1.,0.));
#9063=DIRECTION('',(0.,-1.,0.));
#9064=DIRECTION('',(-1.,0.,0.));
#9065=DIRECTION('',(1.,0.,0.));
#9066=DIRECTION('',(0.,0.,1.));
#9067=DIRECTION('',(1.,0.,0.));
#9068=DIRECTION('',(0.,0.,1.));
#9069=DIRECTION('',(0.,0.,-1.));
#9070=DIRECTION('',(0.,-1.,0.));
#9071=DIRECTION('',(0.,0.,-1.));
#9072=DIRECTION('',(0.,-1.,0.));
#9073=DIRECTION('',(0.,0.,1.));
#9074=DIRECTION('',(0.,0.,-1.));
#9075=DIRECTION('',(0.,-1.,0.));
#9076=DIRECTION('',(0.,1.,0.));
#9077=DIRECTION('',(1.,0.,0.));
#9078=DIRECTION('',(-1.,0.,0.));
#9079=DIRECTION('',(0.,0.,1.));
#9080=DIRECTION('',(-1.,0.,0.));
#9081=DIRECTION('',(0.,0.,-1.));
#9082=DIRECTION('',(7.105441568484E-15,1.,0.));
#9083=DIRECTION('',(0.,0.,-1.));
#9084=DIRECTION('',(7.105441568484E-15,1.,0.));
#9085=DIRECTION('',(0.,0.,-1.));
#9086=DIRECTION('',(7.105441568484E-15,1.,0.));
#9087=DIRECTION('',(1.,0.,0.));
#9088=DIRECTION('',(0.,-1.,0.));
#9089=DIRECTION('',(0.,1.,0.));
#9090=DIRECTION('',(0.,0.,1.));
#9091=DIRECTION('',(0.,1.,0.));
#9092=DIRECTION('',(0.,0.,1.));
#9093=DIRECTION('',(0.,0.,-1.));
#9094=DIRECTION('',(1.,0.,0.));
#9095=DIRECTION('',(0.,0.,-1.));
#9096=DIRECTION('',(1.,0.,0.));
#9097=DIRECTION('',(0.,0.,1.));
#9098=DIRECTION('',(0.,0.,-1.));
#9099=DIRECTION('',(1.,0.,0.));
#9100=DIRECTION('',(-1.,0.,0.));
#9101=DIRECTION('',(0.,1.,0.));
#9102=DIRECTION('',(0.,-1.,0.));
#9103=DIRECTION('',(0.,0.,1.));
#9104=DIRECTION('',(0.,-1.,0.));
#9105=DIRECTION('',(0.,0.,-1.));
#9106=DIRECTION('',(-1.,7.105441568484E-15,0.));
#9107=DIRECTION('',(0.,0.,-1.));
#9108=DIRECTION('',(-1.,7.105441568484E-15,0.));
#9109=DIRECTION('',(0.,0.,-1.));
#9110=DIRECTION('',(-1.,7.105441568484E-15,0.));
#9111=DIRECTION('',(0.,0.,-1.));
#9112=DIRECTION('',(-2.960537988689E-15,-1.,0.));
#9113=DIRECTION('',(0.,0.,-1.));
#9114=DIRECTION('',(-2.960537988689E-15,-1.,0.));
#9115=DIRECTION('',(0.,0.,1.));
#9116=DIRECTION('',(0.,0.,-1.));
#9117=DIRECTION('',(-2.960537988689E-15,-1.,0.));
#9118=DIRECTION('',(0.,-1.,0.));
#9119=DIRECTION('',(-1.,0.,0.));
#9120=DIRECTION('',(1.,0.,0.));
#9121=DIRECTION('',(0.,0.,1.));
#9122=DIRECTION('',(1.,0.,0.));
#9123=DIRECTION('',(0.,0.,1.));
#9124=DIRECTION('',(0.,0.,-1.));
#9125=DIRECTION('',(0.,-1.,0.));
#9126=DIRECTION('',(0.,0.,-1.));
#9127=DIRECTION('',(0.,-1.,0.));
#9128=DIRECTION('',(0.,0.,1.));
#9129=DIRECTION('',(0.,0.,-1.));
#9130=DIRECTION('',(0.,-1.,0.));
#9131=DIRECTION('',(0.,1.,0.));
#9132=DIRECTION('',(1.,0.,0.));
#9133=DIRECTION('',(-1.,0.,0.));
#9134=DIRECTION('',(0.,0.,1.));
#9135=DIRECTION('',(-1.,0.,0.));
#9136=DIRECTION('',(0.,0.,-1.));
#9137=DIRECTION('',(7.105441568484E-15,1.,0.));
#9138=DIRECTION('',(0.,0.,-1.));
#9139=DIRECTION('',(7.105441568484E-15,1.,0.));
#9140=DIRECTION('',(0.,0.,-1.));
#9141=DIRECTION('',(7.105441568484E-15,1.,0.));
#9142=DIRECTION('',(0.,-1.,0.));
#9143=DIRECTION('',(-1.,0.,0.));
#9144=DIRECTION('',(1.,0.,0.));
#9145=DIRECTION('',(0.,0.,1.));
#9146=DIRECTION('',(1.,0.,0.));
#9147=DIRECTION('',(0.,0.,1.));
#9148=DIRECTION('',(0.,0.,-1.));
#9149=DIRECTION('',(7.105441568484E-15,-1.,0.));
#9150=DIRECTION('',(0.,0.,-1.));
#9151=DIRECTION('',(7.105441568484E-15,-1.,0.));
#9152=DIRECTION('',(0.,0.,1.));
#9153=DIRECTION('',(0.,0.,-1.));
#9154=DIRECTION('',(7.105441568484E-15,-1.,0.));
#9155=DIRECTION('',(0.,1.,0.));
#9156=DIRECTION('',(1.,0.,0.));
#9157=DIRECTION('',(-1.,0.,0.));
#9158=DIRECTION('',(0.,0.,1.));
#9159=DIRECTION('',(-1.,0.,0.));
#9160=DIRECTION('',(0.,0.,-1.));
#9161=DIRECTION('',(0.,1.,0.));
#9162=DIRECTION('',(0.,0.,-1.));
#9163=DIRECTION('',(0.,1.,0.));
#9164=DIRECTION('',(0.,0.,-1.));
#9165=DIRECTION('',(0.,1.,0.));
#9166=DIRECTION('',(0.,0.,-1.));
#9167=DIRECTION('',(0.,-1.,0.));
#9168=DIRECTION('',(0.,0.,-1.));
#9169=DIRECTION('',(0.,-1.,0.));
#9170=DIRECTION('',(0.,0.,1.));
#9171=DIRECTION('',(0.,0.,-1.));
#9172=DIRECTION('',(0.,-1.,0.));
#9173=DIRECTION('',(0.,0.,-1.));
#9174=DIRECTION('',(1.13289681654399E-7,-0.999999999999994,0.));
#9175=DIRECTION('',(0.,0.,1.));
#9176=DIRECTION('',(0.,0.,-1.));
#9177=DIRECTION('',(1.13289681654399E-7,-0.999999999999994,0.));
#9178=DIRECTION('',(0.,0.,1.));
#9179=DIRECTION('',(0.,0.,-1.));
#9180=DIRECTION('',(1.13289681654399E-7,-0.999999999999994,0.));
#9181=DIRECTION('',(0.,-1.,0.));
#9182=DIRECTION('',(-1.,0.,0.));
#9183=DIRECTION('',(0.,0.,1.));
#9184=DIRECTION('',(-1.,0.,0.));
#9185=DIRECTION('',(-1.,0.,0.));
#9186=DIRECTION('',(-1.,0.,0.));
#9187=DIRECTION('',(0.,1.,0.));
#9188=DIRECTION('',(0.,1.,0.));
#9189=DIRECTION('',(0.,0.,1.));
#9190=DIRECTION('',(0.,1.,0.));
#9191=DIRECTION('',(0.,0.,-1.));
#9192=DIRECTION('',(0.999999999999887,4.76196035589246E-7,0.));
#9193=DIRECTION('',(0.,0.,1.));
#9194=DIRECTION('',(0.,0.,-1.));
#9195=DIRECTION('',(0.999999999999887,4.76196035589246E-7,0.));
#9196=DIRECTION('',(0.,0.,-1.));
#9197=DIRECTION('',(0.999999999999887,4.76196035589246E-7,0.));
#9198=DIRECTION('',(0.,0.,-1.));
#9199=DIRECTION('',(-0.999999999999991,-1.35524439171499E-7,0.));
#9200=DIRECTION('',(0.,0.,-1.));
#9201=DIRECTION('',(-0.999999999999991,-1.35524439171499E-7,0.));
#9202=DIRECTION('',(0.,0.,1.));
#9203=DIRECTION('',(0.,0.,-1.));
#9204=DIRECTION('',(-0.999999999999991,-1.35524439171499E-7,0.));
#9205=DIRECTION('',(0.,0.,1.));
#9206=DIRECTION('',(1.,0.,0.));
#9207=DIRECTION('',(0.,0.,-1.));
#9208=DIRECTION('',(2.28858619303194E-7,0.999999999999974,0.));
#9209=DIRECTION('',(1.,0.,0.));
#9210=DIRECTION('',(0.,-1.,0.));
#9211=DIRECTION('',(0.,0.,1.));
#9212=DIRECTION('',(1.,0.,0.));
#9213=DIRECTION('',(0.,-1.,0.));
#9214=DIRECTION('',(1.,0.,0.));
#9215=DIRECTION('',(0.,0.,-1.));
#9216=DIRECTION('',(2.28858619303194E-7,0.999999999999974,0.));
#9217=DIRECTION('',(1.,0.,0.));
#9218=DIRECTION('',(0.,-1.,0.));
#9219=DIRECTION('',(0.,0.,1.));
#9220=DIRECTION('',(0.,1.,0.));
#9221=DIRECTION('',(1.,0.,0.));
#9222=DIRECTION('',(0.,0.,1.));
#9223=DIRECTION('',(0.,0.,-1.));
#9224=DIRECTION('',(2.28858619303194E-7,0.999999999999974,0.));
#9225=DIRECTION('',(0.,0.,1.));
#9226=DIRECTION('',(1.,0.,0.));
#9227=DIRECTION('',(0.,0.,-1.));
#9228=DIRECTION('',(-1.,0.,0.));
#9229=DIRECTION('',(0.,0.,-1.));
#9230=DIRECTION('',(-1.,0.,0.));
#9231=DIRECTION('',(0.,0.,-1.));
#9232=DIRECTION('',(0.,0.,-1.));
#9233=DIRECTION('',(-1.,0.,0.));
#9234=DIRECTION('',(0.,0.,-1.));
#9235=DIRECTION('',(0.,0.,-1.));
#9236=DIRECTION('',(-1.,0.,0.));
#9237=DIRECTION('',(0.,0.,-1.));
#9238=DIRECTION('',(1.,0.,0.));
#9239=DIRECTION('',(0.,0.,-1.));
#9240=DIRECTION('',(0.,0.,-1.));
#9241=DIRECTION('',(1.,0.,0.));
#9242=DIRECTION('',(0.,0.,-1.));
#9243=DIRECTION('',(2.31296463463574E-16,-1.,0.));
#9244=DIRECTION('',(1.,2.31296463463574E-16,0.));
#9245=DIRECTION('',(2.31296463463574E-16,-1.,0.));
#9246=DIRECTION('',(1.,2.31296463463574E-16,0.));
#9247=DIRECTION('',(2.31296463463574E-16,-1.,0.));
#9248=DIRECTION('',(1.,2.31296463463574E-16,0.));
#9249=DIRECTION('',(2.31296463463574E-16,-1.,0.));
#9250=DIRECTION('',(1.,2.31296463463574E-16,0.));
#9251=DIRECTION('',(0.,0.,1.));
#9252=DIRECTION('',(-1.,-2.31296463463574E-16,0.));
#9253=DIRECTION('',(0.,0.,1.));
#9254=DIRECTION('',(1.,2.31296463463574E-16,0.));
#9255=DIRECTION('',(0.,0.,1.));
#9256=DIRECTION('',(2.31296463463574E-16,-1.,0.));
#9257=DIRECTION('',(1.,2.31296463463574E-16,0.));
#9258=DIRECTION('',(1.55930200087803E-16,3.60661038274763E-32,-1.));
#9259=DIRECTION('',(1.,2.31296463463574E-16,0.));
#9260=DIRECTION('',(-0.496138938356834,-0.868243142124459,0.));
#9261=DIRECTION('',(0.868243142124459,-0.496138938356834,0.));
#9262=DIRECTION('',(0.,0.,1.));
#9263=DIRECTION('',(-0.868243142124459,0.496138938356834,0.));
#9264=DIRECTION('',(0.,0.,1.));
#9265=DIRECTION('',(0.868243142124459,-0.496138938356834,0.));
#9266=DIRECTION('',(-1.,0.,0.));
#9267=DIRECTION('',(0.,0.,1.));
#9268=DIRECTION('',(0.,0.,1.));
#9269=DIRECTION('',(0.,1.,0.));
#9270=DIRECTION('',(0.,0.,1.));
#9271=DIRECTION('',(0.,-1.,0.));
#9272=DIRECTION('',(1.,0.,0.));
#9273=DIRECTION('',(0.,0.,-1.));
#9274=DIRECTION('',(0.,0.,1.));
#9275=DIRECTION('',(0.,-1.,0.));
#9276=DIRECTION('',(0.,0.,1.));
#9277=DIRECTION('',(0.,1.,0.));
#9278=DIRECTION('',(0.,1.,0.));
#9279=DIRECTION('',(0.,0.,1.));
#9280=DIRECTION('',(0.,0.,1.));
#9281=DIRECTION('',(1.,0.,0.));
#9282=DIRECTION('',(0.,0.,1.));
#9283=DIRECTION('',(-1.,0.,0.));
#9284=DIRECTION('',(0.496138938356834,-0.868243142124459,0.));
#9285=DIRECTION('',(0.868243142124459,0.496138938356834,0.));
#9286=DIRECTION('',(0.,0.,1.));
#9287=DIRECTION('',(-0.868243142124459,-0.496138938356834,0.));
#9288=DIRECTION('',(0.,0.,1.));
#9289=DIRECTION('',(0.868243142124459,0.496138938356834,0.));
#9290=DIRECTION('',(0.,0.,-1.));
#9291=DIRECTION('',(-1.,0.,0.));
#9292=DIRECTION('',(0.,0.,1.));
#9293=DIRECTION('',(1.,0.,0.));
#9294=DIRECTION('',(0.,0.,-1.));
#9295=DIRECTION('',(0.,0.,1.));
#9296=DIRECTION('',(0.,0.,1.));
#9297=DIRECTION('',(1.,0.,0.));
#9298=DIRECTION('',(0.,0.,-1.));
#9299=DIRECTION('',(-1.,0.,0.));
#9300=DIRECTION('',(0.,0.,1.));
#9301=DIRECTION('',(1.,0.,0.));
#9302=DIRECTION('',(0.,0.,1.));
#9303=DIRECTION('',(1.,0.,0.));
#9304=DIRECTION('',(0.,0.,1.));
#9305=DIRECTION('',(0.,0.,1.));
#9306=DIRECTION('',(0.,0.,1.));
#9307=DIRECTION('',(1.,0.,0.));
#9308=DIRECTION('',(0.,0.,1.));
#9309=DIRECTION('',(1.,0.,0.));
#9310=DIRECTION('',(0.,0.,1.));
#9311=DIRECTION('',(1.,0.,0.));
#9312=DIRECTION('',(0.,0.,1.));
#9313=DIRECTION('',(1.,0.,0.));
#9314=DIRECTION('',(0.,0.,1.));
#9315=DIRECTION('',(1.,0.,0.));
#9316=DIRECTION('',(0.,0.,1.));
#9317=DIRECTION('',(1.,0.,0.));
#9318=DIRECTION('',(0.,0.,1.));
#9319=DIRECTION('',(1.,0.,0.));
#9320=DIRECTION('',(0.,0.,1.));
#9321=DIRECTION('',(1.,0.,0.));
#9322=DIRECTION('',(0.,0.,1.));
#9323=DIRECTION('',(1.,0.,0.));
#9324=DIRECTION('',(0.,0.,1.));
#9325=DIRECTION('',(1.,0.,0.));
#9326=DIRECTION('',(0.,0.,1.));
#9327=DIRECTION('',(1.,0.,0.));
#9328=DIRECTION('',(0.,0.,1.));
#9329=DIRECTION('',(1.,0.,0.));
#9330=DIRECTION('',(-0.496138938356834,-0.868243142124459,0.));
#9331=DIRECTION('',(0.868243142124459,-0.496138938356834,0.));
#9332=DIRECTION('',(0.868243142124459,-0.496138938356834,0.));
#9333=DIRECTION('',(0.,0.,1.));
#9334=DIRECTION('',(-0.86824314212446,0.496138938356833,0.));
#9335=DIRECTION('',(-1.,0.,0.));
#9336=DIRECTION('',(0.,0.,1.));
#9337=DIRECTION('',(0.,0.,1.));
#9338=DIRECTION('',(0.,-1.,0.));
#9339=DIRECTION('',(0.,0.,1.));
#9340=DIRECTION('',(0.,1.,0.));
#9341=DIRECTION('',(1.,0.,0.));
#9342=DIRECTION('',(0.,0.,-1.));
#9343=DIRECTION('',(0.,0.,1.));
#9344=DIRECTION('',(0.,1.,0.));
#9345=DIRECTION('',(0.,0.,1.));
#9346=DIRECTION('',(5.68905743718527E-16,-1.,0.));
#9347=DIRECTION('',(0.,1.,0.));
#9348=DIRECTION('',(0.,0.,1.));
#9349=DIRECTION('',(0.,0.,1.));
#9350=DIRECTION('',(-1.,0.,0.));
#9351=DIRECTION('',(0.,0.,1.));
#9352=DIRECTION('',(1.,0.,0.));
#9353=DIRECTION('',(0.496138938356834,-0.868243142124459,0.));
#9354=DIRECTION('',(0.868243142124459,0.496138938356834,0.));
#9355=DIRECTION('',(0.,0.,1.));
#9356=DIRECTION('',(0.868243142124459,0.496138938356834,0.));
#9357=DIRECTION('',(-0.868243142124459,-0.496138938356833,0.));
#9358=DIRECTION('',(0.,0.,1.));
#9359=DIRECTION('',(1.,0.,0.));
#9360=DIRECTION('',(0.,0.,1.));
#9361=DIRECTION('',(1.,0.,0.));
#9362=DIRECTION('',(0.,0.,1.));
#9363=DIRECTION('',(1.,0.,0.));
#9364=DIRECTION('',(0.,0.,1.));
#9365=DIRECTION('',(1.,0.,0.));
#9366=DIRECTION('',(0.,0.,1.));
#9367=DIRECTION('',(1.,0.,0.));
#9368=DIRECTION('',(0.,0.,1.));
#9369=DIRECTION('',(1.,0.,0.));
#9370=DIRECTION('',(0.,0.,1.));
#9371=DIRECTION('',(1.,0.,0.));
#9372=DIRECTION('',(0.,0.,1.));
#9373=DIRECTION('',(1.,0.,0.));
#9374=DIRECTION('',(0.,0.,1.));
#9375=DIRECTION('',(-1.,0.,0.));
#9376=DIRECTION('',(0.,0.,1.));
#9377=DIRECTION('',(1.,0.,0.));
#9378=DIRECTION('',(0.,0.,1.));
#9379=DIRECTION('',(1.,0.,0.));
#9380=DIRECTION('',(0.,0.,1.));
#9381=DIRECTION('',(-1.,0.,0.));
#9382=DIRECTION('',(-1.,0.,0.));
#9383=DIRECTION('',(0.,0.,-1.));
#9384=DIRECTION('',(1.,0.,0.));
#9385=DIRECTION('',(0.,0.,-1.));
#9386=DIRECTION('',(-1.,0.,0.));
#9387=DIRECTION('',(0.,0.,-1.));
#9388=DIRECTION('',(1.,0.,0.));
#9389=DIRECTION('',(0.,0.,-1.));
#9390=DIRECTION('',(-1.,0.,-1.55930200087803E-16));
#9391=DIRECTION('',(-1.55930200087803E-16,0.,1.));
#9392=DIRECTION('',(0.,-1.,0.));
#9393=DIRECTION('',(-1.10259301873859E-16,-0.707106781186555,0.70710678118654));
#9394=DIRECTION('',(0.,-1.,0.));
#9395=DIRECTION('',(1.55930200087803E-16,3.60661038274763E-32,-1.));
#9396=DIRECTION('',(-1.10259301873861E-16,0.707106781186545,0.70710678118655));
#9397=DIRECTION('',(0.,-1.,0.));
#9398=DIRECTION('',(-1.55930200087803E-16,0.,1.));
#9399=DIRECTION('',(0.,1.,0.));
#9400=DIRECTION('',(1.55930200087803E-16,0.,-1.));
#9401=DIRECTION('',(1.,0.,0.));
#9402=DIRECTION('',(0.,0.,-1.));
#9403=DIRECTION('',(0.,0.707106781186555,-0.70710678118654));
#9404=DIRECTION('',(0.,-1.,0.));
#9405=DIRECTION('',(0.,0.,1.));
#9406=DIRECTION('',(0.,-1.,0.));
#9407=DIRECTION('',(0.,0.,-1.));
#9408=DIRECTION('',(0.,-1.,0.));
#9409=DIRECTION('',(0.,-0.707106781186545,-0.70710678118655));
#9410=DIRECTION('',(0.,0.,1.));
#9411=DIRECTION('',(0.,-1.,0.));
#9412=DIRECTION('',(0.,0.,1.));
#9413=DIRECTION('',(1.,0.,0.));
#9414=DIRECTION('',(-1.,-2.31296463463574E-16,0.));
#9415=DIRECTION('',(0.,0.,1.));
#9416=DIRECTION('',(1.,0.,0.));
#9417=DIRECTION('',(-0.868243142124459,-0.496138938356834,0.));
#9418=DIRECTION('',(0.,0.,1.));
#9419=DIRECTION('',(1.,0.,0.));
#9420=DIRECTION('',(0.,-1.,0.));
#9421=DIRECTION('',(0.,0.,1.));
#9422=DIRECTION('',(1.,0.,0.));
#9423=DIRECTION('',(1.,0.,0.));
#9424=DIRECTION('',(0.,0.,1.));
#9425=DIRECTION('',(1.,0.,0.));
#9426=DIRECTION('',(0.,1.,0.));
#9427=DIRECTION('',(0.,0.,1.));
#9428=DIRECTION('',(1.,0.,0.));
#9429=DIRECTION('',(-0.868243142124459,0.496138938356834,0.));
#9430=DIRECTION('',(0.,0.,1.));
#9431=DIRECTION('',(1.,0.,0.));
#9432=DIRECTION('',(-1.,-2.31296463463574E-16,0.));
#9433=DIRECTION('',(1.,0.,0.));
#9434=DIRECTION('',(0.,1.,0.));
#9435=DIRECTION('',(-1.,0.,0.));
#9436=DIRECTION('',(1.,2.31296463463574E-16,0.));
#9437=DIRECTION('',(0.,0.,1.));
#9438=DIRECTION('',(1.,0.,0.));
#9439=DIRECTION('',(0.868243142124459,-0.496138938356834,0.));
#9440=DIRECTION('',(0.,0.,1.));
#9441=DIRECTION('',(1.,0.,0.));
#9442=DIRECTION('',(0.,-1.,0.));
#9443=DIRECTION('',(0.,0.,1.));
#9444=DIRECTION('',(1.,0.,0.));
#9445=DIRECTION('',(-1.,0.,0.));
#9446=DIRECTION('',(0.,0.,1.));
#9447=DIRECTION('',(1.,0.,0.));
#9448=DIRECTION('',(0.,1.,0.));
#9449=DIRECTION('',(0.,0.,1.));
#9450=DIRECTION('',(1.,0.,0.));
#9451=DIRECTION('',(0.868243142124459,0.496138938356834,0.));
#9452=DIRECTION('',(0.,0.,1.));
#9453=DIRECTION('',(1.,0.,0.));
#9454=DIRECTION('',(1.,2.31296463463574E-16,0.));
#9455=DIRECTION('',(-1.,0.,0.));
#9456=DIRECTION('',(0.,-1.,0.));
#9457=DIRECTION('',(1.,0.,0.));
#9458=DIRECTION('',(0.,0.,1.));
#9459=DIRECTION('',(1.,0.,0.));
#9460=DIRECTION('',(0.,0.,1.));
#9461=DIRECTION('',(1.,0.,0.));
#9462=DIRECTION('',(0.,0.,1.));
#9463=DIRECTION('',(1.,0.,0.));
#9464=DIRECTION('',(0.,0.,1.));
#9465=DIRECTION('',(1.,0.,0.));
#9466=DIRECTION('',(2.31296463463574E-16,-1.,0.));
#9467=DIRECTION('',(1.,2.31296463463574E-16,0.));
#9468=DIRECTION('',(3.21821441965603E-16,-1.,0.));
#9469=DIRECTION('',(-1.,-3.21821441965603E-16,0.));
#9470=DIRECTION('',(3.21821441965603E-16,-1.,0.));
#9471=DIRECTION('',(-1.,-3.21821441965603E-16,0.));
#9472=DIRECTION('',(3.21821441965603E-16,-1.,0.));
#9473=DIRECTION('',(-1.,-3.21821441965603E-16,0.));
#9474=DIRECTION('',(-1.,-2.31296463463574E-16,0.));
#9475=DIRECTION('',(0.,0.,-1.));
#9476=DIRECTION('',(1.,2.31296463463574E-16,0.));
#9477=DIRECTION('',(0.,0.,-1.));
#9478=DIRECTION('',(-1.,-2.31296463463574E-16,0.));
#9479=DIRECTION('',(2.31296463463574E-16,-1.,0.));
#9480=DIRECTION('',(1.,2.31296463463574E-16,0.));
#9481=DIRECTION('',(0.496138938356834,-0.868243142124459,0.));
#9482=DIRECTION('',(0.868243142124459,0.496138938356834,0.));
#9483=DIRECTION('',(0.,0.,-1.));
#9484=DIRECTION('',(-0.868243142124459,-0.496138938356834,0.));
#9485=DIRECTION('',(0.,0.,-1.));
#9486=DIRECTION('',(0.868243142124459,0.496138938356834,0.));
#9487=DIRECTION('',(1.,0.,0.));
#9488=DIRECTION('',(0.,0.,-1.));
#9489=DIRECTION('',(1.,0.,0.));
#9490=DIRECTION('',(0.,0.,-1.));
#9491=DIRECTION('',(1.,0.,0.));
#9492=DIRECTION('',(0.,0.,-1.));
#9493=DIRECTION('',(0.,0.,-1.));
#9494=DIRECTION('',(0.,-1.,0.));
#9495=DIRECTION('',(0.,0.,-1.));
#9496=DIRECTION('',(0.,1.,0.));
#9497=DIRECTION('',(0.,1.,0.));
#9498=DIRECTION('',(0.,0.,1.));
#9499=DIRECTION('',(0.,0.,-1.));
#9500=DIRECTION('',(1.,0.,0.));
#9501=DIRECTION('',(0.,0.,-1.));
#9502=DIRECTION('',(-1.,0.,0.));
#9503=DIRECTION('',(-1.,0.,0.));
#9504=DIRECTION('',(0.,0.,1.));
#9505=DIRECTION('',(-1.,0.,0.));
#9506=DIRECTION('',(0.,0.,-1.));
#9507=DIRECTION('',(-1.,0.,0.));
#9508=DIRECTION('',(0.,0.,-1.));
#9509=DIRECTION('',(0.,0.,-1.));
#9510=DIRECTION('',(0.,1.,0.));
#9511=DIRECTION('',(0.,0.,-1.));
#9512=DIRECTION('',(0.,-1.,0.));
#9513=DIRECTION('',(-0.496138938356834,-0.868243142124459,0.));
#9514=DIRECTION('',(0.868243142124459,-0.496138938356834,0.));
#9515=DIRECTION('',(0.,0.,-1.));
#9516=DIRECTION('',(-0.868243142124459,0.496138938356834,0.));
#9517=DIRECTION('',(0.,0.,-1.));
#9518=DIRECTION('',(0.868243142124459,-0.496138938356834,0.));
#9519=DIRECTION('',(0.,0.,1.));
#9520=DIRECTION('',(1.,0.,0.));
#9521=DIRECTION('',(0.,1.,0.));
#9522=DIRECTION('',(0.,0.,1.));
#9523=DIRECTION('',(1.,0.,0.));
#9524=DIRECTION('',(0.868243142124459,0.496138938356834,0.));
#9525=DIRECTION('',(0.,0.,1.));
#9526=DIRECTION('',(1.,0.,0.));
#9527=DIRECTION('',(1.,0.,0.));
#9528=DIRECTION('',(0.,0.,1.));
#9529=DIRECTION('',(1.,0.,0.));
#9530=DIRECTION('',(0.868243142124459,-0.496138938356834,0.));
#9531=DIRECTION('',(0.,0.,1.));
#9532=DIRECTION('',(1.,0.,0.));
#9533=DIRECTION('',(0.,-1.,0.));
#9534=DIRECTION('',(0.,0.,1.));
#9535=DIRECTION('',(1.,0.,0.));
#9536=DIRECTION('',(-1.,0.,0.));
#9537=DIRECTION('',(0.,0.,1.));
#9538=DIRECTION('',(1.,0.,0.));
#9539=DIRECTION('',(0.,0.,1.));
#9540=DIRECTION('',(1.,0.,0.));
#9541=DIRECTION('',(-0.868243142124459,-0.496138938356834,0.));
#9542=DIRECTION('',(0.,-1.,0.));
#9543=DIRECTION('',(1.,0.,0.));
#9544=DIRECTION('',(0.,1.,0.));
#9545=DIRECTION('',(-0.868243142124459,0.496138938356834,0.));
#9546=DIRECTION('',(0.,0.,1.));
#9547=DIRECTION('',(1.,0.,0.));
#9548=DIRECTION('',(-1.,-2.31296463463574E-16,0.));
#9549=DIRECTION('',(0.,0.,-1.));
#9550=DIRECTION('',(-1.,0.,0.));
#9551=DIRECTION('',(0.,0.,1.));
#9552=DIRECTION('',(1.,0.,0.));
#9553=DIRECTION('',(0.,0.,1.));
#9554=DIRECTION('',(1.,0.,0.));
#9555=DIRECTION('',(0.,0.,-1.));
#9556=DIRECTION('',(-1.,0.,0.));
#9557=DIRECTION('',(0.,0.,1.));
#9558=DIRECTION('',(1.,0.,0.));
#9559=DIRECTION('',(0.,0.,1.));
#9560=DIRECTION('',(1.,0.,0.));
#9561=DIRECTION('',(0.,-1.,0.));
#9562=DIRECTION('',(0.,0.,-1.));
#9563=DIRECTION('',(0.,0.,1.));
#9564=DIRECTION('',(1.,0.,0.));
#9565=DIRECTION('',(1.,0.,0.));
#9566=DIRECTION('',(0.,-1.,0.));
#9567=DIRECTION('',(-1.,0.,0.));
#9568=DIRECTION('',(0.,1.,0.));
#9569=DIRECTION('',(0.,0.,1.));
#9570=DIRECTION('',(0.,0.,-1.));
#9571=DIRECTION('',(0.,-1.,0.));
#9572=DIRECTION('',(0.,0.,-1.));
#9573=DIRECTION('',(0.,0.,-1.));
#9574=DIRECTION('',(1.,0.,0.));
#9575=DIRECTION('',(0.,0.,-1.));
#9576=DIRECTION('',(0.,-1.,0.));
#9577=DIRECTION('',(0.,0.,-1.));
#9578=DIRECTION('',(0.,0.,-1.));
#9579=DIRECTION('',(-1.,0.,0.));
#9580=DIRECTION('',(0.,1.,0.));
#9581=DIRECTION('',(0.,0.,1.));
#9582=DIRECTION('',(1.,0.,0.));
#9583=DIRECTION('',(0.,0.,-1.));
#9584=DIRECTION('',(0.,0.,1.));
#9585=DIRECTION('',(1.,0.,0.));
#9586=DIRECTION('',(0.,1.,0.));
#9587=DIRECTION('',(-1.,0.,0.));
#9588=DIRECTION('',(0.,0.,1.));
#9589=DIRECTION('',(-1.,0.,0.));
#9590=DIRECTION('',(0.,0.,-1.));
#9591=DIRECTION('',(-1.,0.,0.));
#9592=DIRECTION('',(0.,0.,-1.));
#9593=DIRECTION('',(-1.,0.,0.));
#9594=DIRECTION('',(0.,0.,-1.));
#9595=DIRECTION('',(-1.,0.,0.));
#9596=DIRECTION('',(0.,0.,-1.));
#9597=DIRECTION('',(0.,0.,-1.));
#9598=DIRECTION('',(-1.,0.,0.));
#9599=DIRECTION('',(0.,0.,-1.));
#9600=DIRECTION('',(1.,0.,0.));
#9601=DIRECTION('',(0.,0.,-1.));
#9602=DIRECTION('',(0.,0.,-1.));
#9603=DIRECTION('',(1.,0.,0.));
#9604=DIRECTION('',(0.,0.,-1.));
#9605=DIRECTION('',(0.,0.,-1.));
#9606=DIRECTION('',(-1.,0.,0.));
#9607=DIRECTION('',(0.,0.,-1.));
#9608=DIRECTION('',(-1.,0.,0.));
#9609=DIRECTION('',(0.,0.,-1.));
#9610=DIRECTION('',(0.,0.,-1.));
#9611=DIRECTION('',(-1.,0.,0.));
#9612=DIRECTION('',(0.,0.,-1.));
#9613=DIRECTION('',(0.,0.,-1.));
#9614=DIRECTION('',(-1.,0.,0.));
#9615=DIRECTION('',(0.,0.,-1.));
#9616=DIRECTION('',(1.,0.,0.));
#9617=DIRECTION('',(0.,0.,-1.));
#9618=DIRECTION('',(0.,0.,-1.));
#9619=DIRECTION('',(1.,0.,0.));
#9620=DIRECTION('',(0.,0.,-1.));
#9621=DIRECTION('',(0.,0.,-1.));
#9622=DIRECTION('',(-1.,0.,0.));
#9623=DIRECTION('',(0.,0.,-1.));
#9624=DIRECTION('',(1.,0.,0.));
#9625=DIRECTION('',(0.,0.,-1.));
#9626=DIRECTION('',(0.,0.,-1.));
#9627=DIRECTION('',(1.,0.,0.));
#9628=DIRECTION('',(0.,0.,-1.));
#9629=DIRECTION('',(-0.868243142124458,0.496138938356836,0.));
#9630=DIRECTION('',(-0.496138938356836,-0.868243142124458,0.));
#9631=DIRECTION('',(0.496138938356836,0.868243142124458,0.));
#9632=DIRECTION('',(0.,0.,-1.));
#9633=DIRECTION('',(-0.350823207722812,-0.613940613514918,0.70710678118655));
#9634=DIRECTION('',(0.496138938356833,0.86824314212446,0.));
#9635=DIRECTION('',(-0.86824314212446,0.496138938356833,0.));
#9636=DIRECTION('',(0.86824314212446,-0.496138938356833,0.));
#9637=DIRECTION('',(0.86824314212446,-0.496138938356833,0.));
#9638=DIRECTION('',(1.,2.84452871859264E-16,0.));
#9639=DIRECTION('',(-2.84452871859264E-16,1.,0.));
#9640=DIRECTION('',(2.84452871859264E-16,-1.,0.));
#9641=DIRECTION('',(2.84452871859264E-16,-1.,0.));
#9642=DIRECTION('',(0.,-1.,0.));
#9643=DIRECTION('',(0.,0.,-1.));
#9644=DIRECTION('',(-1.,0.,0.));
#9645=DIRECTION('',(-1.,0.,0.));
#9646=DIRECTION('',(-1.,-5.68905743718528E-16,0.));
#9647=DIRECTION('',(5.68905743718528E-16,-1.,0.));
#9648=DIRECTION('',(-5.68905743718528E-16,1.,0.));
#9649=DIRECTION('',(-5.68905743718528E-16,1.,0.));
#9650=DIRECTION('',(-0.496138938356834,0.868243142124459,0.));
#9651=DIRECTION('',(-0.868243142124459,-0.496138938356834,0.));
#9652=DIRECTION('',(0.868243142124459,0.496138938356834,0.));
#9653=DIRECTION('',(0.,0.,-1.));
#9654=DIRECTION('',(0.868243142124459,0.496138938356834,0.));
#9655=DIRECTION('',(0.86824314212446,0.496138938356833,0.));
#9656=DIRECTION('',(-0.496138938356833,0.86824314212446,0.));
#9657=DIRECTION('',(0.496138938356833,-0.86824314212446,0.));
#9658=DIRECTION('',(-0.350823207722811,0.613940613514919,-0.707106781186549));
#9659=DIRECTION('',(0.,0.,1.));
#9660=DIRECTION('',(1.,0.,0.));
#9661=DIRECTION('',(0.,0.,1.));
#9662=DIRECTION('',(1.,0.,0.));
#9663=DIRECTION('',(0.,0.,1.));
#9664=DIRECTION('',(1.,0.,0.));
#9665=DIRECTION('',(0.,0.,1.));
#9666=DIRECTION('',(1.,0.,0.));
#9667=DIRECTION('',(0.,0.,1.));
#9668=DIRECTION('',(0.,0.,1.));
#9669=DIRECTION('',(1.,0.,0.));
#9670=DIRECTION('',(0.,0.,1.));
#9671=DIRECTION('',(0.,0.,1.));
#9672=DIRECTION('',(1.,0.,0.));
#9673=DIRECTION('',(-0.496138938356834,0.868243142124459,0.));
#9674=DIRECTION('',(-0.868243142124459,-0.496138938356834,0.));
#9675=DIRECTION('',(-0.868243142124459,-0.496138938356834,0.));
#9676=DIRECTION('',(0.,0.,1.));
#9677=DIRECTION('',(-0.868243142124459,-0.496138938356834,0.));
#9678=DIRECTION('',(-1.,0.,0.));
#9679=DIRECTION('',(0.,0.,1.));
#9680=DIRECTION('',(0.,0.,1.));
#9681=DIRECTION('',(0.,-1.,0.));
#9682=DIRECTION('',(0.,0.,1.));
#9683=DIRECTION('',(0.,-1.,0.));
#9684=DIRECTION('',(0.,-1.,0.));
#9685=DIRECTION('',(0.,0.,-1.));
#9686=DIRECTION('',(0.,0.,1.));
#9687=DIRECTION('',(1.,0.,0.));
#9688=DIRECTION('',(0.,0.,1.));
#9689=DIRECTION('',(1.,0.,0.));
#9690=DIRECTION('',(1.,0.,0.));
#9691=DIRECTION('',(0.,0.,-1.));
#9692=DIRECTION('',(0.,0.,1.));
#9693=DIRECTION('',(0.,1.,0.));
#9694=DIRECTION('',(0.,0.,1.));
#9695=DIRECTION('',(0.,1.,0.));
#9696=DIRECTION('',(0.496138938356834,0.868243142124459,0.));
#9697=DIRECTION('',(-0.868243142124459,0.496138938356834,0.));
#9698=DIRECTION('',(0.,0.,1.));
#9699=DIRECTION('',(-0.868243142124459,0.496138938356834,0.));
#9700=DIRECTION('',(0.,0.,1.));
#9701=DIRECTION('',(-0.868243142124459,0.496138938356834,0.));
#9702=DIRECTION('',(0.,0.,1.));
#9703=DIRECTION('',(1.,0.,0.));
#9704=DIRECTION('',(0.,0.,1.));
#9705=DIRECTION('',(1.,0.,0.));
#9706=DIRECTION('',(0.,0.,1.));
#9707=DIRECTION('',(0.,0.,1.));
#9708=DIRECTION('',(1.,0.,0.));
#9709=DIRECTION('',(0.,1.,0.));
#9710=DIRECTION('',(0.,0.,1.));
#9711=DIRECTION('',(-1.,0.,0.));
#9712=DIRECTION('',(-1.,0.,0.));
#9713=DIRECTION('',(0.,0.,1.));
#9714=DIRECTION('',(1.,0.,0.));
#9715=DIRECTION('',(0.,0.,1.));
#9716=DIRECTION('',(1.,0.,0.));
#9717=DIRECTION('',(0.868243142124459,0.496138938356834,0.));
#9718=DIRECTION('',(0.,0.,1.));
#9719=DIRECTION('',(1.,0.,0.));
#9720=DIRECTION('',(1.,2.31296463463574E-16,0.));
#9721=DIRECTION('',(0.,0.,1.));
#9722=DIRECTION('',(1.,0.,0.));
#9723=DIRECTION('',(0.868243142124459,-0.496138938356834,0.));
#9724=DIRECTION('',(0.,0.,1.));
#9725=DIRECTION('',(1.,0.,0.));
#9726=DIRECTION('',(0.,-1.,0.));
#9727=DIRECTION('',(0.,0.,1.));
#9728=DIRECTION('',(1.,0.,0.));
#9729=DIRECTION('',(-1.,0.,0.));
#9730=DIRECTION('',(0.,0.,1.));
#9731=DIRECTION('',(1.,0.,0.));
#9732=DIRECTION('',(0.,1.,0.));
#9733=DIRECTION('',(0.,0.,1.));
#9734=DIRECTION('',(1.,0.,0.));
#9735=DIRECTION('',(0.,0.,1.));
#9736=DIRECTION('',(1.,0.,0.));
#9737=DIRECTION('',(0.,0.,1.));
#9738=DIRECTION('',(1.,0.,0.));
#9739=DIRECTION('',(0.,0.,1.));
#9740=DIRECTION('',(1.,0.,0.));
#9741=DIRECTION('',(0.,0.,1.));
#9742=DIRECTION('',(1.,0.,0.));
#9743=DIRECTION('',(0.,0.,1.));
#9744=DIRECTION('',(1.,0.,0.));
#9745=DIRECTION('',(0.,0.,1.));
#9746=DIRECTION('',(1.,0.,0.));
#9747=DIRECTION('',(0.,0.,1.));
#9748=DIRECTION('',(1.,0.,0.));
#9749=DIRECTION('',(-3.90799025546521E-16,1.,0.));
#9750=DIRECTION('',(-1.,-3.90799025546521E-16,0.));
#9751=DIRECTION('',(-3.90799025546521E-16,1.,0.));
#9752=DIRECTION('',(-1.,-3.90799025546521E-16,0.));
#9753=DIRECTION('',(-3.90799025546521E-16,1.,0.));
#9754=DIRECTION('',(-1.,-3.90799025546521E-16,0.));
#9755=DIRECTION('',(0.,0.,-1.));
#9756=DIRECTION('',(0.,-1.,0.));
#9757=DIRECTION('',(0.,0.,-1.));
#9758=DIRECTION('',(0.,-1.,0.));
#9759=DIRECTION('',(0.,0.,-1.));
#9760=DIRECTION('',(0.,-1.,0.));
#9761=DIRECTION('',(0.,0.,-1.));
#9762=DIRECTION('',(0.,-1.,0.));
#9763=DIRECTION('',(0.,0.,-1.));
#9764=DIRECTION('',(0.,-1.,0.));
#9765=DIRECTION('',(0.,0.,-1.));
#9766=DIRECTION('',(0.,-1.,0.));
#9767=DIRECTION('',(0.,0.,-1.));
#9768=DIRECTION('',(-1.,0.,0.));
#9769=DIRECTION('',(0.,0.,1.));
#9770=DIRECTION('',(1.,0.,0.));
#9771=DIRECTION('',(0.,0.,-1.));
#9772=DIRECTION('',(-1.,0.,0.));
#9773=DIRECTION('',(0.,0.,1.));
#9774=DIRECTION('',(1.,0.,0.));
#9775=DIRECTION('',(0.,0.,-1.));
#9776=DIRECTION('',(-1.,0.,0.));
#9777=DIRECTION('',(0.,0.,1.));
#9778=DIRECTION('',(1.,0.,0.));
#9779=DIRECTION('',(0.,0.,-1.));
#9780=DIRECTION('',(-1.,0.,0.));
#9781=DIRECTION('',(0.,0.,1.));
#9782=DIRECTION('',(1.,0.,0.));
#9783=DIRECTION('',(0.350823207722812,-0.613940613514922,-0.707106781186546));
#9784=DIRECTION('',(0.868243142124459,0.496138938356834,0.));
#9785=DIRECTION('',(0.350823207722811,-0.613940613514919,0.707106781186549));
#9786=DIRECTION('',(0.,0.,-1.));
#9787=DIRECTION('',(-1.,0.,0.));
#9788=DIRECTION('',(0.707106781186547,0.,0.707106781186548));
#9789=DIRECTION('',(0.707106781186548,0.,-0.707106781186547));
#9790=DIRECTION('',(0.,1.,0.));
#9791=DIRECTION('',(0.707106781186547,0.,0.707106781186548));
#9792=DIRECTION('',(0.,0.,-1.));
#9793=DIRECTION('',(-1.,0.,0.));
#9794=DIRECTION('',(0.,0.707106781186546,0.707106781186549));
#9795=DIRECTION('',(0.,0.707106781186548,-0.707106781186547));
#9796=DIRECTION('',(-1.,0.,0.));
#9797=DIRECTION('',(0.,0.707106781186547,0.707106781186548));
#9798=DIRECTION('',(0.,0.,-1.));
#9799=DIRECTION('',(-1.,0.,0.));
#9800=DIRECTION('',(-0.707106781186545,0.,0.70710678118655));
#9801=DIRECTION('',(-0.70710678118655,0.,-0.707106781186545));
#9802=DIRECTION('',(0.,-1.,0.));
#9803=DIRECTION('',(-0.707106781186545,0.,0.70710678118655));
#9804=DIRECTION('',(0.,0.,-1.));
#9805=DIRECTION('',(-1.,0.,0.));
#9806=DIRECTION('',(-0.350823207722812,-0.613940613514917,0.70710678118655));
#9807=DIRECTION('',(-0.350823207722813,-0.613940613514923,-0.707106781186545));
#9808=DIRECTION('',(0.868243142124459,-0.496138938356834,0.));
#9809=DIRECTION('',(0.,0.,-1.));
#9810=DIRECTION('',(-1.,0.,0.));
#9811=DIRECTION('',(0.,0.,1.));
#9812=DIRECTION('',(1.,0.,0.));
#9813=DIRECTION('',(-0.707106781186547,0.,0.707106781186547));
#9814=DIRECTION('',(-0.707106781186548,0.,-0.707106781186548));
#9815=DIRECTION('',(-0.350823207722812,0.61394061351492,0.707106781186547));
#9816=DIRECTION('',(-0.350823207722812,0.61394061351492,-0.707106781186548));
#9817=DIRECTION('',(0.,0.,-1.));
#9818=DIRECTION('',(-1.,0.,0.));
#9819=DIRECTION('',(0.,0.,1.));
#9820=DIRECTION('',(1.,0.,0.));
#9821=DIRECTION('',(0.707106781186547,0.,0.707106781186547));
#9822=DIRECTION('',(0.707106781186548,0.,-0.707106781186548));
#9823=DIRECTION('',(0.,-0.707106781186547,0.707106781186547));
#9824=DIRECTION('',(0.,-0.707106781186548,-0.707106781186548));
#9825=DIRECTION('',(0.,0.,-1.));
#9826=DIRECTION('',(-1.,0.,0.));
#9827=DIRECTION('',(0.,0.,1.));
#9828=DIRECTION('',(1.,0.,0.));
#9829=DIRECTION('',(0.350823207722811,0.613940613514918,0.70710678118655));
#9830=DIRECTION('',(0.350823207722813,0.613940613514922,-0.707106781186545));
#9831=DIRECTION('',(0.707106781186547,0.,0.707106781186547));
#9832=DIRECTION('',(0.707106781186548,0.,-0.707106781186548));
#9833=DIRECTION('',(0.,0.,-1.));
#9834=DIRECTION('',(-1.,0.,0.));
#9835=DIRECTION('',(0.,0.,1.));
#9836=DIRECTION('',(1.,0.,0.));
#9837=DIRECTION('',(0.,-0.707106781186547,0.707106781186547));
#9838=DIRECTION('',(0.,-0.707106781186548,-0.707106781186548));
#9839=DIRECTION('',(-0.707106781186547,0.,0.707106781186547));
#9840=DIRECTION('',(-0.707106781186548,0.,-0.707106781186548));
#9841=DIRECTION('',(0.350823207722811,0.613940613514918,0.70710678118655));
#9842=DIRECTION('',(0.868243142124459,-0.496138938356834,0.));
#9843=DIRECTION('',(0.350823207722814,0.613940613514924,-0.707106781186543));
#9844=DIRECTION('',(-0.65417150273064,-0.379630465097669,0.65417150273064));
#9845=DIRECTION('',(0.,0.,-1.));
#9846=DIRECTION('',(-1.,0.,0.));
#9847=DIRECTION('',(0.,0.707106781186547,-0.707106781186547));
#9848=DIRECTION('',(0.707106781186547,0.,0.707106781186547));
#9849=DIRECTION('',(0.,-1.,0.));
#9850=DIRECTION('',(-0.577350269189626,0.577350269189626,0.577350269189626));
#9851=DIRECTION('',(-1.6355129777956E-16,0.707106781186549,0.707106781186546));
#9852=DIRECTION('',(1.,2.31296463463574E-16,0.));
#9853=DIRECTION('',(0.,0.707106781186545,-0.70710678118655));
#9854=DIRECTION('',(0.,-0.707106781186547,0.707106781186547));
#9855=DIRECTION('',(-1.,0.,0.));
#9856=DIRECTION('',(0.577350269189626,0.577350269189626,0.577350269189626));
#9857=DIRECTION('',(0.,0.,-1.));
#9858=DIRECTION('',(-1.,0.,0.));
#9859=DIRECTION('',(-0.350823207722812,0.613940613514919,-0.707106781186549));
#9860=DIRECTION('',(-0.707106781186547,0.,0.707106781186547));
#9861=DIRECTION('',(0.,1.,0.));
#9862=DIRECTION('',(-0.654171502730641,0.379630465097665,-0.654171502730641));
#9863=DIRECTION('',(-0.350823207722812,0.61394061351492,0.707106781186547));
#9864=DIRECTION('',(0.868243142124459,0.496138938356834,0.));
#9865=DIRECTION('',(0.70710678118654,0.,-0.707106781186555));
#9866=DIRECTION('',(0.,1.,0.));
#9867=DIRECTION('',(-0.707106781186555,0.,-0.70710678118654));
#9868=DIRECTION('',(0.707106781186555,0.,0.70710678118654));
#9869=DIRECTION('',(0.,0.,1.));
#9870=DIRECTION('',(1.,0.,0.));
#9871=DIRECTION('',(0.350823207722828,0.613940613514905,0.707106781186553));
#9872=DIRECTION('',(0.,0.,1.));
#9873=DIRECTION('',(1.,0.,0.));
#9874=DIRECTION('',(0.,0.70710678118655,-0.707106781186545));
#9875=DIRECTION('',(0.35082320772281,0.613940613514917,-0.707106781186551));
#9876=DIRECTION('',(-0.868243142124459,0.496138938356834,0.));
#9877=DIRECTION('',(0.350823207722809,0.613940613514925,0.707106781186545));
#9878=DIRECTION('',(0.,-0.70710678118654,-0.707106781186555));
#9879=DIRECTION('',(1.,0.,0.));
#9880=DIRECTION('',(0.,0.707106781186555,-0.70710678118654));
#9881=DIRECTION('',(0.,0.,1.));
#9882=DIRECTION('',(1.,0.,0.));
#9883=DIRECTION('',(0.,0.707106781186547,0.707106781186547));
#9884=DIRECTION('',(0.,0.,1.));
#9885=DIRECTION('',(1.,0.,0.));
#9886=DIRECTION('',(0.707106781186555,0.,-0.70710678118654));
#9887=DIRECTION('',(-1.6355129777956E-16,0.70710678118655,-0.707106781186545));
#9888=DIRECTION('',(-1.,-2.31296463463574E-16,0.));
#9889=DIRECTION('',(0.,0.707106781186546,0.707106781186549));
#9890=DIRECTION('',(-0.70710678118654,0.,-0.707106781186555));
#9891=DIRECTION('',(0.,-1.,0.));
#9892=DIRECTION('',(0.707106781186555,0.,-0.70710678118654));
#9893=DIRECTION('',(0.,0.,1.));
#9894=DIRECTION('',(1.,0.,0.));
#9895=DIRECTION('',(-0.350823207722815,0.613940613514922,0.707106781186544));
#9896=DIRECTION('',(0.,0.,1.));
#9897=DIRECTION('',(1.,0.,0.));
#9898=DIRECTION('',(0.350823207722824,-0.613940613514917,-0.707106781186544));
#9899=DIRECTION('',(-0.350823207722808,0.613940613514914,-0.707106781186555));
#9900=DIRECTION('',(-0.868243142124459,-0.496138938356834,0.));
#9901=DIRECTION('',(0.,0.,1.));
#9902=DIRECTION('',(1.,0.,0.));
#9903=DIRECTION('',(0.350823207722799,0.613940613514928,0.707106781186548));
#9904=DIRECTION('',(-0.707106781186547,0.,-0.707106781186547));
#9905=DIRECTION('',(-0.707106781186547,0.,0.707106781186547));
#9906=DIRECTION('',(0.,-1.,0.));
#9907=DIRECTION('',(-0.707106781186547,0.,-0.707106781186547));
#9908=DIRECTION('',(-0.350823207722805,-0.613940613514907,0.707106781186562));
#9909=DIRECTION('',(0.868243142124459,-0.496138938356834,0.));
#9910=DIRECTION('',(0.350823207722812,0.613940613514935,0.707106781186534));
#9911=DIRECTION('',(0.,0.,1.));
#9912=DIRECTION('',(1.,0.,0.));
#9913=DIRECTION('',(0.,0.707106781186547,-0.707106781186547));
#9914=DIRECTION('',(0.,0.,1.));
#9915=DIRECTION('',(1.,0.,0.));
#9916=DIRECTION('',(0.,0.707106781186547,0.707106781186547));
#9917=DIRECTION('',(0.,0.707106781186547,0.707106781186547));
#9918=DIRECTION('',(-1.,0.,0.));
#9919=DIRECTION('',(0.,0.707106781186547,-0.707106781186547));
#9920=DIRECTION('',(0.,-0.707106781186547,0.707106781186547));
#9921=DIRECTION('',(1.,0.,0.));
#9922=DIRECTION('',(0.,0.707106781186547,0.707106781186547));
#9923=DIRECTION('',(0.,0.,1.));
#9924=DIRECTION('',(1.,0.,0.));
#9925=DIRECTION('',(0.707106781186547,0.,-0.707106781186547));
#9926=DIRECTION('',(0.,0.,1.));
#9927=DIRECTION('',(1.,0.,0.));
#9928=DIRECTION('',(-0.350823207722803,0.613940613514915,0.707106781186556));
#9929=DIRECTION('',(0.707106781186547,0.,0.707106781186547));
#9930=DIRECTION('',(0.,1.,0.));
#9931=DIRECTION('',(0.707106781186547,0.,-0.707106781186547));
#9932=DIRECTION('',(0.350823207722807,-0.613940613514913,0.707106781186557));
#9933=DIRECTION('',(0.868243142124459,0.496138938356834,0.));
#9934=DIRECTION('',(-0.350823207722817,0.613940613514925,0.70710678118654));
#9935=DIRECTION('',(0.,0.,1.));
#9936=DIRECTION('',(1.,0.,0.));
#9937=DIRECTION('',(1.63551297779558E-16,-0.70710678118654,-0.707106781186555));
#9938=DIRECTION('',(1.,2.31296463463574E-16,0.));
#9939=DIRECTION('',(0.,0.70710678118655,-0.707106781186545));
#9940=DIRECTION('',(0.,0.,-1.));
#9941=DIRECTION('',(-1.,0.,0.));
#9942=DIRECTION('',(0.350823207722814,0.613940613514936,-0.707106781186533));
#9943=DIRECTION('',(-0.350823207722806,-0.61394061351491,-0.70710678118656));
#9944=DIRECTION('',(0.868243142124459,-0.496138938356834,0.));
#9945=DIRECTION('',(0.35082320772282,0.61394061351493,-0.707106781186535));
#9946=DIRECTION('',(0.,0.,-1.));
#9947=DIRECTION('',(-1.,0.,0.));
#9948=DIRECTION('',(0.70710678118654,0.,-0.707106781186555));
#9949=DIRECTION('',(-0.707106781186555,0.,-0.70710678118654));
#9950=DIRECTION('',(0.,-1.,0.));
#9951=DIRECTION('',(0.70710678118654,0.,-0.707106781186555));
#9952=DIRECTION('',(0.,0.,-1.));
#9953=DIRECTION('',(-1.,0.,0.));
#9954=DIRECTION('',(0.,-0.707106781186545,-0.70710678118655));
#9955=DIRECTION('',(0.,0.707106781186555,-0.70710678118654));
#9956=DIRECTION('',(-1.,0.,0.));
#9957=DIRECTION('',(0.,-0.70710678118654,-0.707106781186555));
#9958=DIRECTION('',(0.,0.,-1.));
#9959=DIRECTION('',(-1.,0.,0.));
#9960=DIRECTION('',(-0.70710678118654,0.,-0.707106781186555));
#9961=DIRECTION('',(0.707106781186555,0.,-0.70710678118654));
#9962=DIRECTION('',(0.,1.,0.));
#9963=DIRECTION('',(-0.70710678118654,0.,-0.707106781186555));
#9964=DIRECTION('',(0.,0.,-1.));
#9965=DIRECTION('',(-1.,0.,0.));
#9966=DIRECTION('',(-0.350823207722812,0.613940613514917,-0.70710678118655));
#9967=DIRECTION('',(0.350823207722808,-0.613940613514914,-0.707106781186555));
#9968=DIRECTION('',(0.868243142124459,0.496138938356834,0.));
#9969=DIRECTION('',(-0.350823207722811,0.613940613514933,-0.707106781186537));
#9970=DIRECTION('',(0.,0.,-1.));
#9971=DIRECTION('',(-1.,0.,0.));
#9972=DIRECTION('',(0.,0.70710678118655,-0.707106781186545));
#9973=DIRECTION('',(1.63551297779558E-16,-0.70710678118654,-0.707106781186555));
#9974=DIRECTION('',(1.,2.31296463463574E-16,0.));
#9975=DIRECTION('',(1.6355129777956E-16,-0.70710678118655,0.707106781186545));
#9976=DIRECTION('',(-1.,-2.31296463463574E-16,0.));
#9977=DIRECTION('',(0.,0.70710678118655,0.707106781186545));
#9978=DIRECTION('',(0.,0.,1.));
#9979=DIRECTION('',(1.,0.,0.));
#9980=DIRECTION('',(0.350823207722809,0.613940613514928,0.707106781186543));
#9981=DIRECTION('',(-0.350823207722806,-0.61394061351491,0.70710678118656));
#9982=DIRECTION('',(-0.868243142124459,0.496138938356834,0.));
#9983=DIRECTION('',(0.350823207722814,0.613940613514929,0.707106781186539));
#9984=DIRECTION('',(0.,0.,1.));
#9985=DIRECTION('',(1.,0.,0.));
#9986=DIRECTION('',(0.70710678118655,0.,0.707106781186545));
#9987=DIRECTION('',(-0.707106781186545,0.,0.70710678118655));
#9988=DIRECTION('',(0.,1.,0.));
#9989=DIRECTION('',(0.70710678118655,0.,0.707106781186545));
#9990=DIRECTION('',(0.,0.,1.));
#9991=DIRECTION('',(1.,0.,0.));
#9992=DIRECTION('',(0.,-0.70710678118655,0.707106781186545));
#9993=DIRECTION('',(0.,0.707106781186545,0.70710678118655));
#9994=DIRECTION('',(1.,0.,0.));
#9995=DIRECTION('',(0.,-0.70710678118655,0.707106781186545));
#9996=DIRECTION('',(0.,0.,1.));
#9997=DIRECTION('',(1.,0.,0.));
#9998=DIRECTION('',(-0.70710678118655,0.,0.707106781186545));
#9999=DIRECTION('',(0.707106781186545,0.,0.70710678118655));
#10000=DIRECTION('',(0.,-1.,0.));
#10001=DIRECTION('',(-0.70710678118655,0.,0.707106781186545));
#10002=DIRECTION('',(0.,0.,1.));
#10003=DIRECTION('',(1.,0.,0.));
#10004=DIRECTION('',(-0.350823207722819,0.613940613514919,0.707106781186545));
#10005=DIRECTION('',(0.350823207722806,-0.61394061351491,0.70710678118656));
#10006=DIRECTION('',(-0.868243142124459,-0.496138938356834,0.));
#10007=DIRECTION('',(-0.350823207722811,0.613940613514932,0.707106781186538));
#10008=DIRECTION('',(0.,0.,1.));
#10009=DIRECTION('',(1.,0.,0.));
#10010=DIRECTION('',(0.,0.70710678118655,0.707106781186545));
#10011=DIRECTION('',(1.6355129777956E-16,-0.70710678118655,0.707106781186545));
#10012=DIRECTION('',(-1.,-2.31296463463574E-16,0.));
#10013=DIRECTION('',(-6.64765931407136E-16,1.97215226305253E-31,1.));
#10014=DIRECTION('',(1.,2.66453525910038E-15,6.64765931407136E-16));
#10015=DIRECTION('',(1.,-1.22464679914735E-16,2.77555756156289E-17));
#10016=DIRECTION('',(1.22464679914735E-16,1.,-1.3062127899644E-16));
#10017=DIRECTION('',(-1.,-1.22464679914735E-16,-1.50220255530364E-16));
#10018=DIRECTION('',(-1.22464679914735E-16,1.,-1.3062127899644E-16));
#10019=DIRECTION('',(0.,0.,1.));
#10020=DIRECTION('',(1.,0.,0.));
#10021=DIRECTION('',(0.,0.,1.));
#10022=DIRECTION('',(-1.,0.,0.));
#10023=DIRECTION('',(0.,0.,1.));
#10024=DIRECTION('',(0.,0.,1.));
#10025=DIRECTION('',(-1.,0.,0.));
#10026=DIRECTION('',(0.,0.,1.));
#10027=DIRECTION('',(0.496138938356832,0.86824314212446,0.));
#10028=DIRECTION('',(-0.86824314212446,0.496138938356832,0.));
#10029=DIRECTION('',(-0.86824314212446,0.496138938356832,0.));
#10030=DIRECTION('',(-0.86824314212446,0.496138938356832,0.));
#10031=DIRECTION('',(0.,0.,1.));
#10032=DIRECTION('',(0.,0.,1.));
#10033=DIRECTION('',(1.,0.,0.));
#10034=DIRECTION('',(0.,0.,1.));
#10035=DIRECTION('',(-1.,0.,0.));
#10036=DIRECTION('',(0.,0.,1.));
#10037=DIRECTION('',(-1.,0.,0.));
#10038=DIRECTION('',(0.,0.,1.));
#10039=DIRECTION('',(-2.9756005611364E-15,1.,0.));
#10040=DIRECTION('',(-1.,-2.9756005611364E-15,0.));
#10041=DIRECTION('',(-1.,-2.9756005611364E-15,0.));
#10042=DIRECTION('',(-1.,-3.54849947116837E-15,0.));
#10043=DIRECTION('',(0.,0.,1.));
#10044=DIRECTION('',(0.,0.,1.));
#10045=DIRECTION('',(1.,0.,0.));
#10046=DIRECTION('',(0.,0.,1.));
#10047=DIRECTION('',(-1.,0.,0.));
#10048=DIRECTION('',(0.,0.,1.));
#10049=DIRECTION('',(-1.,0.,0.));
#10050=DIRECTION('',(0.,0.,1.));
#10051=DIRECTION('',(-0.496138938356835,0.868243142124458,0.));
#10052=DIRECTION('',(-0.868243142124458,-0.496138938356836,0.));
#10053=DIRECTION('',(-0.868243142124458,-0.496138938356836,0.));
#10054=DIRECTION('',(-0.868243142124458,-0.496138938356836,0.));
#10055=DIRECTION('',(0.,0.,1.));
#10056=DIRECTION('',(0.,0.,1.));
#10057=DIRECTION('',(1.,0.,0.));
#10058=DIRECTION('',(0.,0.,1.));
#10059=DIRECTION('',(1.,0.,0.));
#10060=DIRECTION('',(0.,0.,1.));
#10061=DIRECTION('',(1.,0.,0.));
#10062=DIRECTION('',(0.,0.,1.));
#10063=DIRECTION('',(-1.,0.,0.));
#10064=DIRECTION('',(0.,0.,1.));
#10065=DIRECTION('',(0.,-1.,0.));
#10066=DIRECTION('',(0.,-1.,0.));
#10067=DIRECTION('',(0.,0.,1.));
#10068=DIRECTION('',(0.,0.,1.));
#10069=DIRECTION('',(1.,0.,0.));
#10070=DIRECTION('',(0.,0.,1.));
#10071=DIRECTION('',(-1.,0.,0.));
#10072=DIRECTION('',(0.,0.,1.));
#10073=DIRECTION('',(-1.,0.,0.));
#10074=DIRECTION('',(0.,0.,1.));
#10075=DIRECTION('',(2.66341382170176E-15,-1.,0.));
#10076=DIRECTION('',(1.,2.66341382170176E-15,0.));
#10077=DIRECTION('',(1.,2.66341382170176E-15,0.));
#10078=DIRECTION('',(1.,2.66341382170176E-15,0.));
#10079=DIRECTION('',(0.,0.,1.));
#10080=DIRECTION('',(0.,0.,1.));
#10081=DIRECTION('',(1.,0.,0.));
#10082=DIRECTION('',(0.,0.,1.));
#10083=DIRECTION('',(-1.,0.,0.));
#10084=DIRECTION('',(0.,0.,1.));
#10085=DIRECTION('',(-1.,0.,0.));
#10086=DIRECTION('',(0.,0.,1.));
#10087=DIRECTION('',(1.,0.,0.));
#10088=DIRECTION('',(0.,0.,-1.));
#10089=DIRECTION('',(0.,1.,0.));
#10090=DIRECTION('',(0.,1.,0.));
#10091=DIRECTION('',(0.,0.,1.));
#10092=DIRECTION('',(1.,0.,0.));
#10093=DIRECTION('',(0.,0.,1.));
#10094=DIRECTION('',(0.,-1.,0.));
#10095=DIRECTION('',(0.,0.,1.));
#10096=DIRECTION('',(0.,-1.,0.));
#10097=DIRECTION('',(0.,0.,1.));
#10098=DIRECTION('',(0.,-1.,0.));
#10099=DIRECTION('',(0.,0.,1.));
#10100=DIRECTION('',(0.,-1.,0.));
#10101=DIRECTION('',(0.,0.,1.));
#10102=DIRECTION('',(0.,-1.,0.));
#10103=DIRECTION('',(0.,0.,1.));
#10104=DIRECTION('',(0.,-1.,0.));
#10105=DIRECTION('',(0.,0.,1.));
#10106=DIRECTION('',(0.,-1.,0.));
#10107=DIRECTION('',(0.,0.,1.));
#10108=DIRECTION('',(0.,-1.,0.));
#10109=DIRECTION('',(0.,0.,1.));
#10110=DIRECTION('',(1.,0.,0.));
#10111=DIRECTION('',(0.,0.,1.));
#10112=DIRECTION('',(1.,0.,0.));
#10113=DIRECTION('',(0.,0.,1.));
#10114=DIRECTION('',(1.,0.,0.));
#10115=DIRECTION('',(0.,0.,1.));
#10116=DIRECTION('',(1.,0.,0.));
#10117=DIRECTION('',(0.,0.,1.));
#10118=DIRECTION('',(1.,0.,0.));
#10119=DIRECTION('',(0.,0.,1.));
#10120=DIRECTION('',(1.,0.,0.));
#10121=DIRECTION('',(0.,0.,1.));
#10122=DIRECTION('',(1.,0.,0.));
#10123=DIRECTION('',(0.,0.,1.));
#10124=DIRECTION('',(1.,0.,0.));
#10125=DIRECTION('',(0.,0.,1.));
#10126=DIRECTION('',(1.,0.,0.));
#10127=DIRECTION('',(0.,0.,-1.));
#10128=DIRECTION('',(0.,-1.,0.));
#10129=DIRECTION('',(0.,0.,1.));
#10130=DIRECTION('',(0.,1.,0.));
#10131=DIRECTION('',(0.,0.,1.));
#10132=DIRECTION('',(0.,1.,0.));
#10133=DIRECTION('',(0.,0.,-1.));
#10134=DIRECTION('',(0.,-1.,0.));
#10135=DIRECTION('',(0.,0.,1.));
#10136=DIRECTION('',(0.,1.,0.));
#10137=DIRECTION('',(0.,0.,1.));
#10138=DIRECTION('',(0.,1.,0.));
#10139=DIRECTION('',(0.,0.,-1.));
#10140=DIRECTION('',(0.,-1.,0.));
#10141=DIRECTION('',(0.,0.,1.));
#10142=DIRECTION('',(0.,1.,0.));
#10143=DIRECTION('',(0.,0.,1.));
#10144=DIRECTION('',(0.,1.,0.));
#10145=DIRECTION('',(0.,0.,-1.));
#10146=DIRECTION('',(0.,-1.,0.));
#10147=DIRECTION('',(0.,0.,1.));
#10148=DIRECTION('',(0.,1.,0.));
#10149=DIRECTION('',(0.,0.,1.));
#10150=DIRECTION('',(0.,1.,0.));
#10151=DIRECTION('',(0.,0.,-1.));
#10152=DIRECTION('',(0.,-1.,0.));
#10153=DIRECTION('',(0.,0.,1.));
#10154=DIRECTION('',(0.,1.,0.));
#10155=DIRECTION('',(0.,0.,1.));
#10156=DIRECTION('',(0.,1.,0.));
#10157=DIRECTION('',(0.,0.,-1.));
#10158=DIRECTION('',(0.,-1.,0.));
#10159=DIRECTION('',(0.,0.,1.));
#10160=DIRECTION('',(0.,1.,0.));
#10161=DIRECTION('',(0.,0.,1.));
#10162=DIRECTION('',(0.,1.,0.));
#10163=DIRECTION('',(0.,0.,-1.));
#10164=DIRECTION('',(0.,-1.,0.));
#10165=DIRECTION('',(0.,0.,1.));
#10166=DIRECTION('',(0.,1.,0.));
#10167=DIRECTION('',(0.,0.,1.));
#10168=DIRECTION('',(0.,1.,0.));
#10169=DIRECTION('',(0.,0.,-1.));
#10170=DIRECTION('',(0.,-1.,0.));
#10171=DIRECTION('',(0.,0.,1.));
#10172=DIRECTION('',(0.,1.,0.));
#10173=DIRECTION('',(0.,0.,1.));
#10174=DIRECTION('',(0.,1.,0.));
#10175=DIRECTION('',(0.,0.,1.));
#10176=DIRECTION('',(1.,0.,0.));
#10177=DIRECTION('',(0.,0.,-1.));
#10178=DIRECTION('',(-1.,0.,0.));
#10179=DIRECTION('',(0.,0.,1.));
#10180=DIRECTION('',(1.,0.,0.));
#10181=DIRECTION('',(0.,0.,-1.));
#10182=DIRECTION('',(0.,0.,1.));
#10183=DIRECTION('',(1.,0.,0.));
#10184=DIRECTION('',(0.,0.,-1.));
#10185=DIRECTION('',(1.,0.,0.));
#10186=DIRECTION('',(0.,0.,-1.));
#10187=DIRECTION('',(0.,-1.,0.));
#10188=DIRECTION('',(0.,0.,-1.));
#10189=DIRECTION('',(0.,-1.,0.));
#10190=DIRECTION('',(0.,0.,-1.));
#10191=DIRECTION('',(-1.,0.,0.));
#10192=DIRECTION('',(0.,0.,1.));
#10193=DIRECTION('',(1.,0.,0.));
#10194=DIRECTION('',(0.,0.,-1.));
#10195=DIRECTION('',(0.,0.,1.));
#10196=DIRECTION('',(1.,0.,0.));
#10197=DIRECTION('',(-2.67187294001025E-15,1.,0.));
#10198=DIRECTION('',(-1.,-2.67187294001025E-15,0.));
#10199=DIRECTION('',(1.,2.67187294001025E-15,0.));
#10200=DIRECTION('',(0.,0.,-1.));
#10201=DIRECTION('',(1.,2.67187294001025E-15,0.));
#10202=DIRECTION('',(0.,0.,-1.));
#10203=DIRECTION('',(-1.,0.,0.));
#10204=DIRECTION('',(0.,0.,1.));
#10205=DIRECTION('',(-1.,0.,0.));
#10206=DIRECTION('',(0.,0.,-1.));
#10207=DIRECTION('',(0.,0.,1.));
#10208=DIRECTION('',(-1.,0.,0.));
#10209=DIRECTION('',(-1.,0.,0.));
#10210=DIRECTION('',(0.,0.,1.));
#10211=DIRECTION('',(0.,1.,0.));
#10212=DIRECTION('',(0.,0.,-1.));
#10213=DIRECTION('',(0.,1.,0.));
#10214=DIRECTION('',(0.,0.,-1.));
#10215=DIRECTION('',(-1.,0.,0.));
#10216=DIRECTION('',(0.,0.,1.));
#10217=DIRECTION('',(1.,0.,0.));
#10218=DIRECTION('',(0.,0.,-1.));
#10219=DIRECTION('',(0.,0.,1.));
#10220=DIRECTION('',(1.,0.,0.));
#10221=DIRECTION('',(-0.496138938356832,-0.86824314212446,0.));
#10222=DIRECTION('',(0.86824314212446,-0.496138938356833,0.));
#10223=DIRECTION('',(-0.86824314212446,0.496138938356832,0.));
#10224=DIRECTION('',(0.,0.,-1.));
#10225=DIRECTION('',(-0.86824314212446,0.496138938356832,0.));
#10226=DIRECTION('',(0.,0.,-1.));
#10227=DIRECTION('',(-1.,0.,0.));
#10228=DIRECTION('',(0.,0.,1.));
#10229=DIRECTION('',(1.,0.,0.));
#10230=DIRECTION('',(0.,0.,-1.));
#10231=DIRECTION('',(0.,0.,1.));
#10232=DIRECTION('',(1.,0.,0.));
#10233=DIRECTION('',(2.07921270356146E-15,-1.,0.));
#10234=DIRECTION('',(1.,2.07921270356146E-15,0.));
#10235=DIRECTION('',(-1.,-2.07921270356146E-15,0.));
#10236=DIRECTION('',(0.,0.,-1.));
#10237=DIRECTION('',(-1.,-2.07921270356146E-15,0.));
#10238=DIRECTION('',(0.,0.,-1.));
#10239=DIRECTION('',(-1.,0.,0.));
#10240=DIRECTION('',(0.,0.,1.));
#10241=DIRECTION('',(1.,0.,0.));
#10242=DIRECTION('',(0.,0.,-1.));
#10243=DIRECTION('',(0.,0.,1.));
#10244=DIRECTION('',(1.,0.,0.));
#10245=DIRECTION('',(0.496138938356835,-0.868243142124458,0.));
#10246=DIRECTION('',(0.868243142124459,0.496138938356835,0.));
#10247=DIRECTION('',(-0.868243142124458,-0.496138938356835,0.));
#10248=DIRECTION('',(-0.868243142124458,-0.496138938356835,0.));
#10249=DIRECTION('',(0.,0.,1.));
#10250=DIRECTION('',(1.,0.,0.));
#10251=DIRECTION('',(0.,0.,-1.));
#10252=DIRECTION('',(1.,0.,0.));
#10253=DIRECTION('',(0.,0.,-1.));
#10254=DIRECTION('',(0.,1.,0.));
#10255=DIRECTION('',(0.,0.,-1.));
#10256=DIRECTION('',(0.,1.,0.));
#10257=DIRECTION('',(0.,0.,-1.));
#10258=DIRECTION('',(0.,1.,0.));
#10259=DIRECTION('',(0.,0.,-1.));
#10260=DIRECTION('',(0.,1.,0.));
#10261=DIRECTION('',(0.,0.,1.));
#10262=DIRECTION('',(1.,0.,0.));
#10263=DIRECTION('',(0.,0.,1.));
#10264=DIRECTION('',(1.,0.,0.));
#10265=DIRECTION('',(0.,0.,1.));
#10266=DIRECTION('',(1.,0.,0.));
#10267=DIRECTION('',(0.,0.,1.));
#10268=DIRECTION('',(1.,0.,0.));
#10269=DIRECTION('',(0.,0.,1.));
#10270=DIRECTION('',(1.,0.,0.));
#10271=DIRECTION('',(0.,0.,1.));
#10272=DIRECTION('',(1.,0.,0.));
#10273=DIRECTION('',(0.,0.,-1.));
#10274=DIRECTION('',(0.,-1.,0.));
#10275=DIRECTION('',(0.,0.,-1.));
#10276=DIRECTION('',(0.,-1.,0.));
#10277=DIRECTION('',(0.,0.,1.));
#10278=DIRECTION('',(0.,1.,0.));
#10279=DIRECTION('',(0.,0.,-1.));
#10280=DIRECTION('',(0.,-1.,0.));
#10281=DIRECTION('',(0.,0.,-1.));
#10282=DIRECTION('',(0.,-1.,0.));
#10283=DIRECTION('',(0.,0.,1.));
#10284=DIRECTION('',(0.,1.,0.));
#10285=DIRECTION('',(0.,0.,-1.));
#10286=DIRECTION('',(0.,-1.,0.));
#10287=DIRECTION('',(0.,0.,-1.));
#10288=DIRECTION('',(0.,-1.,0.));
#10289=DIRECTION('',(0.,0.,1.));
#10290=DIRECTION('',(0.,1.,0.));
#10291=DIRECTION('',(0.,0.,-1.));
#10292=DIRECTION('',(0.,-1.,0.));
#10293=DIRECTION('',(0.,0.,-1.));
#10294=DIRECTION('',(0.,-1.,0.));
#10295=DIRECTION('',(0.,0.,1.));
#10296=DIRECTION('',(0.,1.,0.));
#10297=DIRECTION('',(0.,0.,1.));
#10298=DIRECTION('',(1.,0.,0.));
#10299=DIRECTION('',(0.,0.,1.));
#10300=DIRECTION('',(1.,0.,0.));
#10301=CARTESIAN_POINT('',(0.,0.,0.));
#10302=CARTESIAN_POINT('',(120.65,90.17,-0.046));
#10303=CARTESIAN_POINT('',(120.65,90.17,0.));
#10304=CARTESIAN_POINT('',(120.65,88.5825,0.));
#10305=CARTESIAN_POINT('',(120.65,88.5825,-0.046));
#10306=CARTESIAN_POINT('',(120.65,88.5825,1.51));
#10307=CARTESIAN_POINT('',(120.65,90.17,1.51));
#10308=CARTESIAN_POINT('',(113.99266,90.6399,-0.046));
#10309=CARTESIAN_POINT('',(113.99266,90.6399,0.));
#10310=CARTESIAN_POINT('',(113.99266,90.1319,0.));
#10311=CARTESIAN_POINT('',(113.99266,90.1319,-0.046));
#10312=CARTESIAN_POINT('',(113.99266,90.1319,1.51));
#10313=CARTESIAN_POINT('',(113.99266,90.6399,1.51));
#10314=CARTESIAN_POINT('',(96.163511,89.989914,-0.046));
#10315=CARTESIAN_POINT('',(96.163511,44.994957,0.));
#10316=CARTESIAN_POINT('',(96.163511,90.790014,0.));
#10317=CARTESIAN_POINT('',(96.163511,89.989914,0.));
#10318=CARTESIAN_POINT('',(96.163511,89.989914,-0.046));
#10319=CARTESIAN_POINT('',(96.163511,89.989914,1.51));
#10320=CARTESIAN_POINT('',(96.163511,44.994957,1.51));
#10321=CARTESIAN_POINT('',(96.163511,90.790014,1.51));
#10322=CARTESIAN_POINT('',(96.163511,90.790014,-0.046));
#10323=CARTESIAN_POINT('',(95.71355,89.989914,-0.046));
#10324=CARTESIAN_POINT('',(95.71355,89.989914,0.));
#10325=CARTESIAN_POINT('',(95.263589,89.989914,0.));
#10326=CARTESIAN_POINT('',(95.263589,89.989914,-0.046));
#10327=CARTESIAN_POINT('',(95.263589,89.989914,1.51));
#10328=CARTESIAN_POINT('',(95.71355,89.989914,1.51));
#10329=CARTESIAN_POINT('',(95.263589,90.790014,-0.046));
#10330=CARTESIAN_POINT('',(95.263589,45.395007,0.));
#10331=CARTESIAN_POINT('',(95.263589,90.790014,0.));
#10332=CARTESIAN_POINT('',(95.263589,90.790014,-0.046));
#10333=CARTESIAN_POINT('',(95.263589,90.790014,1.51));
#10334=CARTESIAN_POINT('',(95.263589,45.395007,1.51));
#10335=CARTESIAN_POINT('',(95.71355,90.790014,-0.046));
#10336=CARTESIAN_POINT('',(95.71355,90.790014,0.));
#10337=CARTESIAN_POINT('',(95.71355,90.790014,1.51));
#10338=CARTESIAN_POINT('',(96.163511,83.630008,-0.046));
#10339=CARTESIAN_POINT('',(96.163511,41.815004,0.));
#10340=CARTESIAN_POINT('',(96.163511,85.230208,0.));
#10341=CARTESIAN_POINT('',(96.163511,83.630008,0.));
#10342=CARTESIAN_POINT('',(96.163511,83.630008,-0.046));
#10343=CARTESIAN_POINT('',(96.163511,83.630008,1.51));
#10344=CARTESIAN_POINT('',(96.163511,41.815004,1.51));
#10345=CARTESIAN_POINT('',(96.163511,85.230208,1.51));
#10346=CARTESIAN_POINT('',(96.163511,85.230208,-0.046));
#10347=CARTESIAN_POINT('',(95.71355,83.630008,-0.046));
#10348=CARTESIAN_POINT('',(95.71355,83.630008,0.));
#10349=CARTESIAN_POINT('',(95.263589,83.630008,0.));
#10350=CARTESIAN_POINT('',(95.263589,83.630008,-0.046));
#10351=CARTESIAN_POINT('',(95.263589,83.630008,1.51));
#10352=CARTESIAN_POINT('',(95.71355,83.630008,1.51));
#10353=CARTESIAN_POINT('',(95.263589,85.230208,-0.046));
#10354=CARTESIAN_POINT('',(95.263589,42.615104,0.));
#10355=CARTESIAN_POINT('',(95.263589,85.230208,0.));
#10356=CARTESIAN_POINT('',(95.263589,85.230208,-0.046));
#10357=CARTESIAN_POINT('',(95.263589,85.230208,1.51));
#10358=CARTESIAN_POINT('',(95.263589,42.615104,1.51));
#10359=CARTESIAN_POINT('',(95.71355,85.230208,-0.046));
#10360=CARTESIAN_POINT('',(95.71355,85.230208,0.));
#10361=CARTESIAN_POINT('',(95.71355,85.230208,1.51));
#10362=CARTESIAN_POINT('',(81.663667,89.989914,-0.046));
#10363=CARTESIAN_POINT('',(81.663667,44.994957,0.));
#10364=CARTESIAN_POINT('',(81.663667,90.790014,0.));
#10365=CARTESIAN_POINT('',(81.663667,89.989914,0.));
#10366=CARTESIAN_POINT('',(81.663667,89.989914,-0.046));
#10367=CARTESIAN_POINT('',(81.663667,89.989914,1.51));
#10368=CARTESIAN_POINT('',(81.663667,44.994957,1.51));
#10369=CARTESIAN_POINT('',(81.663667,90.790014,1.51));
#10370=CARTESIAN_POINT('',(81.663667,90.790014,-0.046));
#10371=CARTESIAN_POINT('',(81.213706,89.989914,-0.046));
#10372=CARTESIAN_POINT('',(81.213706,89.989914,0.));
#10373=CARTESIAN_POINT('',(80.763745,89.989914,0.));
#10374=CARTESIAN_POINT('',(80.763745,89.989914,-0.046));
#10375=CARTESIAN_POINT('',(80.763745,89.989914,1.51));
#10376=CARTESIAN_POINT('',(81.213706,89.989914,1.51));
#10377=CARTESIAN_POINT('',(80.763745,90.790014,-0.046));
#10378=CARTESIAN_POINT('',(80.763745,45.395007,0.));
#10379=CARTESIAN_POINT('',(80.763745,90.790014,0.));
#10380=CARTESIAN_POINT('',(80.763745,90.790014,-0.046));
#10381=CARTESIAN_POINT('',(80.763745,90.790014,1.51));
#10382=CARTESIAN_POINT('',(80.763745,45.395007,1.51));
#10383=CARTESIAN_POINT('',(81.213706,90.790014,-0.046));
#10384=CARTESIAN_POINT('',(81.213706,90.790014,0.));
#10385=CARTESIAN_POINT('',(81.213706,90.790014,1.51));
#10386=CARTESIAN_POINT('',(81.663667,83.630008,-0.046));
#10387=CARTESIAN_POINT('',(81.663667,41.815004,0.));
#10388=CARTESIAN_POINT('',(81.663667,85.230208,0.));
#10389=CARTESIAN_POINT('',(81.663667,83.630008,0.));
#10390=CARTESIAN_POINT('',(81.663667,83.630008,-0.046));
#10391=CARTESIAN_POINT('',(81.663667,83.630008,1.51));
#10392=CARTESIAN_POINT('',(81.663667,41.815004,1.51));
#10393=CARTESIAN_POINT('',(81.663667,85.230208,1.51));
#10394=CARTESIAN_POINT('',(81.663667,85.230208,-0.046));
#10395=CARTESIAN_POINT('',(81.213706,83.630008,-0.046));
#10396=CARTESIAN_POINT('',(81.213706,83.630008,0.));
#10397=CARTESIAN_POINT('',(80.763745,83.630008,0.));
#10398=CARTESIAN_POINT('',(80.763745,83.630008,-0.046));
#10399=CARTESIAN_POINT('',(80.763745,83.630008,1.51));
#10400=CARTESIAN_POINT('',(81.213706,83.630008,1.51));
#10401=CARTESIAN_POINT('',(80.763745,85.230208,-0.046));
#10402=CARTESIAN_POINT('',(80.763745,42.615104,0.));
#10403=CARTESIAN_POINT('',(80.763745,85.230208,0.));
#10404=CARTESIAN_POINT('',(80.763745,85.230208,-0.046));
#10405=CARTESIAN_POINT('',(80.763745,85.230208,1.51));
#10406=CARTESIAN_POINT('',(80.763745,42.615104,1.51));
#10407=CARTESIAN_POINT('',(81.213706,85.230208,-0.046));
#10408=CARTESIAN_POINT('',(81.213706,85.230208,0.));
#10409=CARTESIAN_POINT('',(81.213706,85.230208,1.51));
#10410=CARTESIAN_POINT('',(110.620048,60.210954,-0.046));
#10411=CARTESIAN_POINT('',(110.620048,60.210954,0.));
#10412=CARTESIAN_POINT('',(110.620048,59.425967,0.));
#10413=CARTESIAN_POINT('',(110.620048,59.425967,-0.046));
#10414=CARTESIAN_POINT('',(110.620048,59.425967,1.51));
#10415=CARTESIAN_POINT('',(110.620048,60.210954,1.51));
#10416=CARTESIAN_POINT('',(117.730016,59.091068,-0.046));
#10417=CARTESIAN_POINT('',(117.730016,59.091068,0.));
#10418=CARTESIAN_POINT('',(117.730016,58.581036,0.));
#10419=CARTESIAN_POINT('',(117.730016,58.581036,-0.046));
#10420=CARTESIAN_POINT('',(117.730016,58.581036,1.51));
#10421=CARTESIAN_POINT('',(117.730016,59.091068,1.51));
#10422=CARTESIAN_POINT('',(117.730016,56.551068,-0.046));
#10423=CARTESIAN_POINT('',(117.730016,56.551068,0.));
#10424=CARTESIAN_POINT('',(117.730016,56.041036,0.));
#10425=CARTESIAN_POINT('',(117.730016,56.041036,-0.046));
#10426=CARTESIAN_POINT('',(117.730016,56.041036,1.51));
#10427=CARTESIAN_POINT('',(117.730016,56.551068,1.51));
#10428=CARTESIAN_POINT('',(113.67008,58.180986,-0.046));
#10429=CARTESIAN_POINT('',(113.67008,58.180986,0.));
#10430=CARTESIAN_POINT('',(113.67008,56.556021,0.));
#10431=CARTESIAN_POINT('',(113.67008,56.556021,-0.046));
#10432=CARTESIAN_POINT('',(113.67008,56.556021,1.51));
#10433=CARTESIAN_POINT('',(113.67008,58.180986,1.51));
#10434=CARTESIAN_POINT('',(117.730016,48.380904,-0.046));
#10435=CARTESIAN_POINT('',(117.730016,48.380904,0.));
#10436=CARTESIAN_POINT('',(117.730016,47.870872,0.));
#10437=CARTESIAN_POINT('',(117.730016,47.870872,-0.046));
#10438=CARTESIAN_POINT('',(117.730016,47.870872,1.51));
#10439=CARTESIAN_POINT('',(117.730016,48.380904,1.51));
#10440=CARTESIAN_POINT('',(107.32008,58.180986,-0.046));
#10441=CARTESIAN_POINT('',(107.32008,58.180986,0.));
#10442=CARTESIAN_POINT('',(107.32008,57.735978,0.));
#10443=CARTESIAN_POINT('',(107.32008,57.735978,-0.046));
#10444=CARTESIAN_POINT('',(107.32008,57.735978,1.51));
#10445=CARTESIAN_POINT('',(107.32008,58.180986,1.51));
#10446=CARTESIAN_POINT('',(104.78008,56.910986,-0.046));
#10447=CARTESIAN_POINT('',(104.78008,56.910986,0.));
#10448=CARTESIAN_POINT('',(104.78008,56.465978,0.));
#10449=CARTESIAN_POINT('',(104.78008,56.465978,-0.046));
#10450=CARTESIAN_POINT('',(104.78008,56.465978,1.51));
#10451=CARTESIAN_POINT('',(104.78008,56.910986,1.51));
#10452=CARTESIAN_POINT('',(107.32008,55.640986,-0.046));
#10453=CARTESIAN_POINT('',(107.32008,55.640986,0.));
#10454=CARTESIAN_POINT('',(107.32008,55.195978,0.));
#10455=CARTESIAN_POINT('',(107.32008,55.195978,-0.046));
#10456=CARTESIAN_POINT('',(107.32008,55.195978,1.51));
#10457=CARTESIAN_POINT('',(107.32008,55.640986,1.51));
#10458=CARTESIAN_POINT('',(104.78008,54.370986,-0.046));
#10459=CARTESIAN_POINT('',(104.78008,54.370986,0.));
#10460=CARTESIAN_POINT('',(104.78008,53.925978,0.));
#10461=CARTESIAN_POINT('',(104.78008,53.925978,-0.046));
#10462=CARTESIAN_POINT('',(104.78008,53.925978,1.51));
#10463=CARTESIAN_POINT('',(104.78008,54.370986,1.51));
#10464=CARTESIAN_POINT('',(107.32008,53.100986,-0.046));
#10465=CARTESIAN_POINT('',(107.32008,53.100986,0.));
#10466=CARTESIAN_POINT('',(107.32008,52.655978,0.));
#10467=CARTESIAN_POINT('',(107.32008,52.655978,-0.046));
#10468=CARTESIAN_POINT('',(107.32008,52.655978,1.51));
#10469=CARTESIAN_POINT('',(107.32008,53.100986,1.51));
#10470=CARTESIAN_POINT('',(104.78008,51.830986,-0.046));
#10471=CARTESIAN_POINT('',(104.78008,51.830986,0.));
#10472=CARTESIAN_POINT('',(104.78008,51.385978,0.));
#10473=CARTESIAN_POINT('',(104.78008,51.385978,-0.046));
#10474=CARTESIAN_POINT('',(104.78008,51.385978,1.51));
#10475=CARTESIAN_POINT('',(104.78008,51.830986,1.51));
#10476=CARTESIAN_POINT('',(107.32008,50.560986,-0.046));
#10477=CARTESIAN_POINT('',(107.32008,50.560986,0.));
#10478=CARTESIAN_POINT('',(107.32008,50.115978,0.));
#10479=CARTESIAN_POINT('',(107.32008,50.115978,-0.046));
#10480=CARTESIAN_POINT('',(107.32008,50.115978,1.51));
#10481=CARTESIAN_POINT('',(107.32008,50.560986,1.51));
#10482=CARTESIAN_POINT('',(104.78008,49.290986,-0.046));
#10483=CARTESIAN_POINT('',(104.78008,49.290986,0.));
#10484=CARTESIAN_POINT('',(104.78008,48.845978,0.));
#10485=CARTESIAN_POINT('',(104.78008,48.845978,-0.046));
#10486=CARTESIAN_POINT('',(104.78008,48.845978,1.51));
#10487=CARTESIAN_POINT('',(104.78008,49.290986,1.51));
#10488=CARTESIAN_POINT('',(22.86,90.17,-0.046));
#10489=CARTESIAN_POINT('',(22.86,90.17,0.));
#10490=CARTESIAN_POINT('',(22.86,88.5825,0.));
#10491=CARTESIAN_POINT('',(22.86,88.5825,-0.046));
#10492=CARTESIAN_POINT('',(22.86,88.5825,1.51));
#10493=CARTESIAN_POINT('',(22.86,90.17,1.51));
#10494=CARTESIAN_POINT('',(39.9796,71.438008,-0.046));
#10495=CARTESIAN_POINT('',(39.9796,71.438008,0.));
#10496=CARTESIAN_POINT('',(39.9796,70.927976,0.));
#10497=CARTESIAN_POINT('',(39.9796,70.927976,-0.046));
#10498=CARTESIAN_POINT('',(39.9796,70.927976,1.51));
#10499=CARTESIAN_POINT('',(39.9796,71.438008,1.51));
#10500=CARTESIAN_POINT('',(37.4396,71.438008,-0.046));
#10501=CARTESIAN_POINT('',(37.4396,71.438008,0.));
#10502=CARTESIAN_POINT('',(37.4396,70.927976,0.));
#10503=CARTESIAN_POINT('',(37.4396,70.927976,-0.046));
#10504=CARTESIAN_POINT('',(37.4396,70.927976,1.51));
#10505=CARTESIAN_POINT('',(37.4396,71.438008,1.51));
#10506=CARTESIAN_POINT('',(34.8996,71.438008,-0.046));
#10507=CARTESIAN_POINT('',(34.8996,71.438008,0.));
#10508=CARTESIAN_POINT('',(34.8996,70.927976,0.));
#10509=CARTESIAN_POINT('',(34.8996,70.927976,-0.046));
#10510=CARTESIAN_POINT('',(34.8996,70.927976,1.51));
#10511=CARTESIAN_POINT('',(34.8996,71.438008,1.51));
#10512=CARTESIAN_POINT('',(32.3596,71.438008,-0.046));
#10513=CARTESIAN_POINT('',(32.3596,71.438008,0.));
#10514=CARTESIAN_POINT('',(32.3596,70.927976,0.));
#10515=CARTESIAN_POINT('',(32.3596,70.927976,-0.046));
#10516=CARTESIAN_POINT('',(32.3596,70.927976,1.51));
#10517=CARTESIAN_POINT('',(32.3596,71.438008,1.51));
#10518=CARTESIAN_POINT('',(29.8196,71.438008,-0.046));
#10519=CARTESIAN_POINT('',(29.8196,71.438008,0.));
#10520=CARTESIAN_POINT('',(29.8196,70.927976,0.));
#10521=CARTESIAN_POINT('',(29.8196,70.927976,-0.046));
#10522=CARTESIAN_POINT('',(29.8196,70.927976,1.51));
#10523=CARTESIAN_POINT('',(29.8196,71.438008,1.51));
#10524=CARTESIAN_POINT('',(27.2796,71.438008,-0.046));
#10525=CARTESIAN_POINT('',(27.2796,71.438008,0.));
#10526=CARTESIAN_POINT('',(27.2796,70.927976,0.));
#10527=CARTESIAN_POINT('',(27.2796,70.927976,-0.046));
#10528=CARTESIAN_POINT('',(27.2796,70.927976,1.51));
#10529=CARTESIAN_POINT('',(27.2796,71.438008,1.51));
#10530=CARTESIAN_POINT('',(24.7396,71.438008,-0.046));
#10531=CARTESIAN_POINT('',(24.7396,71.438008,0.));
#10532=CARTESIAN_POINT('',(24.7396,70.927976,0.));
#10533=CARTESIAN_POINT('',(24.7396,70.927976,-0.046));
#10534=CARTESIAN_POINT('',(24.7396,70.927976,1.51));
#10535=CARTESIAN_POINT('',(24.7396,71.438008,1.51));
#10536=CARTESIAN_POINT('',(22.1996,71.438008,-0.046));
#10537=CARTESIAN_POINT('',(22.1996,71.438008,0.));
#10538=CARTESIAN_POINT('',(22.1996,70.927976,0.));
#10539=CARTESIAN_POINT('',(22.1996,70.927976,-0.046));
#10540=CARTESIAN_POINT('',(22.1996,70.927976,1.51));
#10541=CARTESIAN_POINT('',(22.1996,71.438008,1.51));
#10542=CARTESIAN_POINT('',(23.029926,63.580264,-0.046));
#10543=CARTESIAN_POINT('',(23.029926,63.580264,0.));
#10544=CARTESIAN_POINT('',(23.029926,63.105284,0.));
#10545=CARTESIAN_POINT('',(23.029926,63.105284,-0.046));
#10546=CARTESIAN_POINT('',(23.029926,63.105284,1.51));
#10547=CARTESIAN_POINT('',(23.029926,63.580264,1.51));
#10548=CARTESIAN_POINT('',(39.9796,48.578008,-0.046));
#10549=CARTESIAN_POINT('',(39.9796,48.578008,0.));
#10550=CARTESIAN_POINT('',(39.9796,48.067976,0.));
#10551=CARTESIAN_POINT('',(39.9796,48.067976,-0.046));
#10552=CARTESIAN_POINT('',(39.9796,48.067976,1.51));
#10553=CARTESIAN_POINT('',(39.9796,48.578008,1.51));
#10554=CARTESIAN_POINT('',(37.4396,48.578008,-0.046));
#10555=CARTESIAN_POINT('',(37.4396,48.578008,0.));
#10556=CARTESIAN_POINT('',(37.4396,48.067976,0.));
#10557=CARTESIAN_POINT('',(37.4396,48.067976,-0.046));
#10558=CARTESIAN_POINT('',(37.4396,48.067976,1.51));
#10559=CARTESIAN_POINT('',(37.4396,48.578008,1.51));
#10560=CARTESIAN_POINT('',(34.8996,48.578008,-0.046));
#10561=CARTESIAN_POINT('',(34.8996,48.578008,0.));
#10562=CARTESIAN_POINT('',(34.8996,48.067976,0.));
#10563=CARTESIAN_POINT('',(34.8996,48.067976,-0.046));
#10564=CARTESIAN_POINT('',(34.8996,48.067976,1.51));
#10565=CARTESIAN_POINT('',(34.8996,48.578008,1.51));
#10566=CARTESIAN_POINT('',(23.029926,56.780176,-0.046));
#10567=CARTESIAN_POINT('',(23.029926,56.780176,0.));
#10568=CARTESIAN_POINT('',(23.029926,56.305196,0.));
#10569=CARTESIAN_POINT('',(23.029926,56.305196,-0.046));
#10570=CARTESIAN_POINT('',(23.029926,56.305196,1.51));
#10571=CARTESIAN_POINT('',(23.029926,56.780176,1.51));
#10572=CARTESIAN_POINT('',(32.3596,48.578008,-0.046));
#10573=CARTESIAN_POINT('',(32.3596,48.578008,0.));
#10574=CARTESIAN_POINT('',(32.3596,48.067976,0.));
#10575=CARTESIAN_POINT('',(32.3596,48.067976,-0.046));
#10576=CARTESIAN_POINT('',(32.3596,48.067976,1.51));
#10577=CARTESIAN_POINT('',(32.3596,48.578008,1.51));
#10578=CARTESIAN_POINT('',(29.8196,48.578008,-0.046));
#10579=CARTESIAN_POINT('',(29.8196,48.578008,0.));
#10580=CARTESIAN_POINT('',(29.8196,48.067976,0.));
#10581=CARTESIAN_POINT('',(29.8196,48.067976,-0.046));
#10582=CARTESIAN_POINT('',(29.8196,48.067976,1.51));
#10583=CARTESIAN_POINT('',(29.8196,48.578008,1.51));
#10584=CARTESIAN_POINT('',(27.2796,48.578008,-0.046));
#10585=CARTESIAN_POINT('',(27.2796,48.578008,0.));
#10586=CARTESIAN_POINT('',(27.2796,48.067976,0.));
#10587=CARTESIAN_POINT('',(27.2796,48.067976,-0.046));
#10588=CARTESIAN_POINT('',(27.2796,48.067976,1.51));
#10589=CARTESIAN_POINT('',(27.2796,48.578008,1.51));
#10590=CARTESIAN_POINT('',(24.7396,48.578008,-0.046));
#10591=CARTESIAN_POINT('',(24.7396,48.578008,0.));
#10592=CARTESIAN_POINT('',(24.7396,48.067976,0.));
#10593=CARTESIAN_POINT('',(24.7396,48.067976,-0.046));
#10594=CARTESIAN_POINT('',(24.7396,48.067976,1.51));
#10595=CARTESIAN_POINT('',(24.7396,48.578008,1.51));
#10596=CARTESIAN_POINT('',(22.1996,48.578008,-0.046));
#10597=CARTESIAN_POINT('',(22.1996,48.578008,0.));
#10598=CARTESIAN_POINT('',(22.1996,48.067976,0.));
#10599=CARTESIAN_POINT('',(22.1996,48.067976,-0.046));
#10600=CARTESIAN_POINT('',(22.1996,48.067976,1.51));
#10601=CARTESIAN_POINT('',(22.1996,48.578008,1.51));
#10602=CARTESIAN_POINT('',(117.730016,45.840904,-0.046));
#10603=CARTESIAN_POINT('',(117.730016,45.840904,0.));
#10604=CARTESIAN_POINT('',(117.730016,45.330872,0.));
#10605=CARTESIAN_POINT('',(117.730016,45.330872,-0.046));
#10606=CARTESIAN_POINT('',(117.730016,45.330872,1.51));
#10607=CARTESIAN_POINT('',(117.730016,45.840904,1.51));
#10608=CARTESIAN_POINT('',(113.67008,46.750986,-0.046));
#10609=CARTESIAN_POINT('',(113.67008,46.750986,0.));
#10610=CARTESIAN_POINT('',(113.67008,45.126021,0.));
#10611=CARTESIAN_POINT('',(113.67008,45.126021,-0.046));
#10612=CARTESIAN_POINT('',(113.67008,45.126021,1.51));
#10613=CARTESIAN_POINT('',(113.67008,46.750986,1.51));
#10614=CARTESIAN_POINT('',(110.620048,44.721018,-0.046));
#10615=CARTESIAN_POINT('',(110.620048,44.721018,0.));
#10616=CARTESIAN_POINT('',(110.620048,43.936031,0.));
#10617=CARTESIAN_POINT('',(110.620048,43.936031,-0.046));
#10618=CARTESIAN_POINT('',(110.620048,43.936031,1.51));
#10619=CARTESIAN_POINT('',(110.620048,44.721018,1.51));
#10620=CARTESIAN_POINT('',(120.546876,38.849046,-0.046));
#10621=CARTESIAN_POINT('',(120.546876,38.849046,0.));
#10622=CARTESIAN_POINT('',(120.546876,38.299009,0.));
#10623=CARTESIAN_POINT('',(120.546876,38.299009,-0.046));
#10624=CARTESIAN_POINT('',(120.546876,38.299009,1.51));
#10625=CARTESIAN_POINT('',(120.546876,38.849046,1.51));
#10626=CARTESIAN_POINT('',(118.006876,38.849046,-0.046));
#10627=CARTESIAN_POINT('',(118.006876,38.849046,0.));
#10628=CARTESIAN_POINT('',(118.006876,38.299009,0.));
#10629=CARTESIAN_POINT('',(118.006876,38.299009,-0.046));
#10630=CARTESIAN_POINT('',(118.006876,38.299009,1.51));
#10631=CARTESIAN_POINT('',(118.006876,38.849046,1.51));
#10632=CARTESIAN_POINT('',(107.32008,48.020986,-0.046));
#10633=CARTESIAN_POINT('',(107.32008,48.020986,0.));
#10634=CARTESIAN_POINT('',(107.32008,47.575978,0.));
#10635=CARTESIAN_POINT('',(107.32008,47.575978,-0.046));
#10636=CARTESIAN_POINT('',(107.32008,47.575978,1.51));
#10637=CARTESIAN_POINT('',(107.32008,48.020986,1.51));
#10638=CARTESIAN_POINT('',(104.78008,46.750986,-0.046));
#10639=CARTESIAN_POINT('',(104.78008,46.750986,0.));
#10640=CARTESIAN_POINT('',(104.78008,46.305978,0.));
#10641=CARTESIAN_POINT('',(104.78008,46.305978,-0.046));
#10642=CARTESIAN_POINT('',(104.78008,46.305978,1.51));
#10643=CARTESIAN_POINT('',(104.78008,46.750986,1.51));
#10644=CARTESIAN_POINT('',(120.546876,36.309046,-0.046));
#10645=CARTESIAN_POINT('',(120.546876,36.309046,0.));
#10646=CARTESIAN_POINT('',(120.546876,35.759009,0.));
#10647=CARTESIAN_POINT('',(120.546876,35.759009,-0.046));
#10648=CARTESIAN_POINT('',(120.546876,35.759009,1.51));
#10649=CARTESIAN_POINT('',(120.546876,36.309046,1.51));
#10650=CARTESIAN_POINT('',(118.006876,36.309046,-0.046));
#10651=CARTESIAN_POINT('',(118.006876,36.309046,0.));
#10652=CARTESIAN_POINT('',(118.006876,35.759009,0.));
#10653=CARTESIAN_POINT('',(118.006876,35.759009,-0.046));
#10654=CARTESIAN_POINT('',(118.006876,35.759009,1.51));
#10655=CARTESIAN_POINT('',(118.006876,36.309046,1.51));
#10656=CARTESIAN_POINT('',(120.546876,33.769046,-0.046));
#10657=CARTESIAN_POINT('',(120.546876,33.769046,0.));
#10658=CARTESIAN_POINT('',(120.546876,33.219009,0.));
#10659=CARTESIAN_POINT('',(120.546876,33.219009,-0.046));
#10660=CARTESIAN_POINT('',(120.546876,33.219009,1.51));
#10661=CARTESIAN_POINT('',(120.546876,33.769046,1.51));
#10662=CARTESIAN_POINT('',(118.006876,33.769046,-0.046));
#10663=CARTESIAN_POINT('',(118.006876,33.769046,0.));
#10664=CARTESIAN_POINT('',(118.006876,33.219009,0.));
#10665=CARTESIAN_POINT('',(118.006876,33.219009,-0.046));
#10666=CARTESIAN_POINT('',(118.006876,33.219009,1.51));
#10667=CARTESIAN_POINT('',(118.006876,33.769046,1.51));
#10668=CARTESIAN_POINT('',(109.5883,35.31108,-0.046));
#10669=CARTESIAN_POINT('',(109.5883,35.31108,0.));
#10670=CARTESIAN_POINT('',(109.5883,34.80308,0.));
#10671=CARTESIAN_POINT('',(109.5883,34.80308,-0.046));
#10672=CARTESIAN_POINT('',(109.5883,34.80308,1.51));
#10673=CARTESIAN_POINT('',(109.5883,35.31108,1.51));
#10674=CARTESIAN_POINT('',(120.546876,31.229046,-0.046));
#10675=CARTESIAN_POINT('',(120.546876,31.229046,0.));
#10676=CARTESIAN_POINT('',(120.546876,30.679009,0.));
#10677=CARTESIAN_POINT('',(120.546876,30.679009,-0.046));
#10678=CARTESIAN_POINT('',(120.546876,30.679009,1.51));
#10679=CARTESIAN_POINT('',(120.546876,31.229046,1.51));
#10680=CARTESIAN_POINT('',(118.006876,31.229046,-0.046));
#10681=CARTESIAN_POINT('',(118.006876,31.229046,0.));
#10682=CARTESIAN_POINT('',(118.006876,30.679009,0.));
#10683=CARTESIAN_POINT('',(118.006876,30.679009,-0.046));
#10684=CARTESIAN_POINT('',(118.006876,30.679009,1.51));
#10685=CARTESIAN_POINT('',(118.006876,31.229046,1.51));
#10686=CARTESIAN_POINT('',(120.546876,28.689046,-0.046));
#10687=CARTESIAN_POINT('',(120.546876,28.689046,0.));
#10688=CARTESIAN_POINT('',(120.546876,28.139009,0.));
#10689=CARTESIAN_POINT('',(120.546876,28.139009,-0.046));
#10690=CARTESIAN_POINT('',(120.546876,28.139009,1.51));
#10691=CARTESIAN_POINT('',(120.546876,28.689046,1.51));
#10692=CARTESIAN_POINT('',(118.006876,28.689046,-0.046));
#10693=CARTESIAN_POINT('',(118.006876,28.689046,0.));
#10694=CARTESIAN_POINT('',(118.006876,28.139009,0.));
#10695=CARTESIAN_POINT('',(118.006876,28.139009,-0.046));
#10696=CARTESIAN_POINT('',(118.006876,28.139009,1.51));
#10697=CARTESIAN_POINT('',(118.006876,28.689046,1.51));
#10698=CARTESIAN_POINT('',(97.16262,34.77768,-0.046));
#10699=CARTESIAN_POINT('',(97.16262,34.77768,0.));
#10700=CARTESIAN_POINT('',(97.16262,34.26968,0.));
#10701=CARTESIAN_POINT('',(97.16262,34.26968,-0.046));
#10702=CARTESIAN_POINT('',(97.16262,34.26968,1.51));
#10703=CARTESIAN_POINT('',(97.16262,34.77768,1.51));
#10704=CARTESIAN_POINT('',(120.546876,26.149046,-0.046));
#10705=CARTESIAN_POINT('',(120.546876,26.149046,0.));
#10706=CARTESIAN_POINT('',(120.546876,25.599009,0.));
#10707=CARTESIAN_POINT('',(120.546876,25.599009,-0.046));
#10708=CARTESIAN_POINT('',(120.546876,25.599009,1.51));
#10709=CARTESIAN_POINT('',(120.546876,26.149046,1.51));
#10710=CARTESIAN_POINT('',(118.006876,26.149046,-0.046));
#10711=CARTESIAN_POINT('',(118.006876,26.149046,0.));
#10712=CARTESIAN_POINT('',(118.006876,25.599009,0.));
#10713=CARTESIAN_POINT('',(118.006876,25.599009,-0.046));
#10714=CARTESIAN_POINT('',(118.006876,25.599009,1.51));
#10715=CARTESIAN_POINT('',(118.006876,26.149046,1.51));
#10716=CARTESIAN_POINT('',(120.546876,23.609046,-0.046));
#10717=CARTESIAN_POINT('',(120.546876,23.609046,0.));
#10718=CARTESIAN_POINT('',(120.546876,23.059009,0.));
#10719=CARTESIAN_POINT('',(120.546876,23.059009,-0.046));
#10720=CARTESIAN_POINT('',(120.546876,23.059009,1.51));
#10721=CARTESIAN_POINT('',(120.546876,23.609046,1.51));
#10722=CARTESIAN_POINT('',(118.006876,23.609046,-0.046));
#10723=CARTESIAN_POINT('',(118.006876,23.609046,0.));
#10724=CARTESIAN_POINT('',(118.006876,23.059009,0.));
#10725=CARTESIAN_POINT('',(118.006876,23.059009,-0.046));
#10726=CARTESIAN_POINT('',(118.006876,23.059009,1.51));
#10727=CARTESIAN_POINT('',(118.006876,23.609046,1.51));
#10728=CARTESIAN_POINT('',(120.65,6.35,-0.046));
#10729=CARTESIAN_POINT('',(120.65,6.35,0.));
#10730=CARTESIAN_POINT('',(120.65,4.7625,0.));
#10731=CARTESIAN_POINT('',(120.65,4.7625,-0.046));
#10732=CARTESIAN_POINT('',(120.65,4.7625,1.51));
#10733=CARTESIAN_POINT('',(120.65,6.35,1.51));
#10734=CARTESIAN_POINT('',(103.664258,8.667496,-0.046));
#10735=CARTESIAN_POINT('',(103.664258,8.667496,0.));
#10736=CARTESIAN_POINT('',(103.664258,8.159496,0.));
#10737=CARTESIAN_POINT('',(103.664258,8.159496,-0.046));
#10738=CARTESIAN_POINT('',(103.664258,8.159496,1.51));
#10739=CARTESIAN_POINT('',(103.664258,8.667496,1.51));
#10740=CARTESIAN_POINT('',(26.93924,44.196,-0.046));
#10741=CARTESIAN_POINT('',(26.93924,44.196,0.));
#10742=CARTESIAN_POINT('',(26.93924,43.688,0.));
#10743=CARTESIAN_POINT('',(26.93924,43.688,-0.046));
#10744=CARTESIAN_POINT('',(26.93924,43.688,1.51));
#10745=CARTESIAN_POINT('',(26.93924,44.196,1.51));
#10746=CARTESIAN_POINT('',(26.380059,36.137596,-0.046));
#10747=CARTESIAN_POINT('',(13.1900295,36.137596,0.));
#10748=CARTESIAN_POINT('',(25.279985,36.137596,0.));
#10749=CARTESIAN_POINT('',(26.380059,36.137596,0.));
#10750=CARTESIAN_POINT('',(26.380059,36.137596,-0.046));
#10751=CARTESIAN_POINT('',(26.380059,36.137596,1.51));
#10752=CARTESIAN_POINT('',(13.1900295,36.137596,1.51));
#10753=CARTESIAN_POINT('',(25.279985,36.137596,1.51));
#10754=CARTESIAN_POINT('',(25.279985,36.137596,-0.046));
#10755=CARTESIAN_POINT('',(26.380059,35.837622,-0.046));
#10756=CARTESIAN_POINT('',(26.380059,35.837622,0.));
#10757=CARTESIAN_POINT('',(26.380059,35.537648,0.));
#10758=CARTESIAN_POINT('',(26.380059,35.537648,-0.046));
#10759=CARTESIAN_POINT('',(26.380059,35.537648,1.51));
#10760=CARTESIAN_POINT('',(26.380059,35.837622,1.51));
#10761=CARTESIAN_POINT('',(25.279985,35.537648,-0.046));
#10762=CARTESIAN_POINT('',(12.6399925,35.537648,0.));
#10763=CARTESIAN_POINT('',(25.279985,35.537648,0.));
#10764=CARTESIAN_POINT('',(25.279985,35.537648,-0.046));
#10765=CARTESIAN_POINT('',(25.279985,35.537648,1.51));
#10766=CARTESIAN_POINT('',(12.6399925,35.537648,1.51));
#10767=CARTESIAN_POINT('',(25.279985,35.837622,-0.046));
#10768=CARTESIAN_POINT('',(25.279985,35.837622,0.));
#10769=CARTESIAN_POINT('',(25.279985,35.837622,1.51));
#10770=CARTESIAN_POINT('',(22.049994,36.137596,-0.046));
#10771=CARTESIAN_POINT('',(11.024997,36.137596,0.));
#10772=CARTESIAN_POINT('',(21.249894,36.137596,0.));
#10773=CARTESIAN_POINT('',(22.049994,36.137596,0.));
#10774=CARTESIAN_POINT('',(22.049994,36.137596,-0.046));
#10775=CARTESIAN_POINT('',(22.049994,36.137596,1.51));
#10776=CARTESIAN_POINT('',(11.024997,36.137596,1.51));
#10777=CARTESIAN_POINT('',(21.249894,36.137596,1.51));
#10778=CARTESIAN_POINT('',(21.249894,36.137596,-0.046));
#10779=CARTESIAN_POINT('',(22.049994,35.837622,-0.046));
#10780=CARTESIAN_POINT('',(22.049994,35.837622,0.));
#10781=CARTESIAN_POINT('',(22.049994,35.537648,0.));
#10782=CARTESIAN_POINT('',(22.049994,35.537648,-0.046));
#10783=CARTESIAN_POINT('',(22.049994,35.537648,1.51));
#10784=CARTESIAN_POINT('',(22.049994,35.837622,1.51));
#10785=CARTESIAN_POINT('',(21.249894,35.537648,-0.046));
#10786=CARTESIAN_POINT('',(10.624947,35.537648,0.));
#10787=CARTESIAN_POINT('',(21.249894,35.537648,0.));
#10788=CARTESIAN_POINT('',(21.249894,35.537648,-0.046));
#10789=CARTESIAN_POINT('',(21.249894,35.537648,1.51));
#10790=CARTESIAN_POINT('',(10.624947,35.537648,1.51));
#10791=CARTESIAN_POINT('',(21.249894,35.837622,-0.046));
#10792=CARTESIAN_POINT('',(21.249894,35.837622,0.));
#10793=CARTESIAN_POINT('',(21.249894,35.837622,1.51));
#10794=CARTESIAN_POINT('',(25.329896,34.407602,-0.046));
#10795=CARTESIAN_POINT('',(25.329896,34.407602,0.));
#10796=CARTESIAN_POINT('',(25.329896,34.082609,0.));
#10797=CARTESIAN_POINT('',(25.329896,34.082609,-0.046));
#10798=CARTESIAN_POINT('',(25.329896,34.082609,1.51));
#10799=CARTESIAN_POINT('',(25.329896,34.407602,1.51));
#10800=CARTESIAN_POINT('',(25.329896,28.627578,-0.046));
#10801=CARTESIAN_POINT('',(25.329896,28.627578,0.));
#10802=CARTESIAN_POINT('',(25.329896,28.302585,0.));
#10803=CARTESIAN_POINT('',(25.329896,28.302585,-0.046));
#10804=CARTESIAN_POINT('',(25.329896,28.302585,1.51));
#10805=CARTESIAN_POINT('',(25.329896,28.627578,1.51));
#10806=CARTESIAN_POINT('',(26.380059,27.497532,-0.046));
#10807=CARTESIAN_POINT('',(13.1900295,27.497532,0.));
#10808=CARTESIAN_POINT('',(25.279985,27.497532,0.));
#10809=CARTESIAN_POINT('',(26.380059,27.497532,0.));
#10810=CARTESIAN_POINT('',(26.380059,27.497532,-0.046));
#10811=CARTESIAN_POINT('',(26.380059,27.497532,1.51));
#10812=CARTESIAN_POINT('',(13.1900295,27.497532,1.51));
#10813=CARTESIAN_POINT('',(25.279985,27.497532,1.51));
#10814=CARTESIAN_POINT('',(25.279985,27.497532,-0.046));
#10815=CARTESIAN_POINT('',(26.380059,27.197558,-0.046));
#10816=CARTESIAN_POINT('',(26.380059,27.197558,0.));
#10817=CARTESIAN_POINT('',(26.380059,26.897584,0.));
#10818=CARTESIAN_POINT('',(26.380059,26.897584,-0.046));
#10819=CARTESIAN_POINT('',(26.380059,26.897584,1.51));
#10820=CARTESIAN_POINT('',(26.380059,27.197558,1.51));
#10821=CARTESIAN_POINT('',(25.279985,26.897584,-0.046));
#10822=CARTESIAN_POINT('',(12.6399925,26.897584,0.));
#10823=CARTESIAN_POINT('',(25.279985,26.897584,0.));
#10824=CARTESIAN_POINT('',(25.279985,26.897584,-0.046));
#10825=CARTESIAN_POINT('',(25.279985,26.897584,1.51));
#10826=CARTESIAN_POINT('',(12.6399925,26.897584,1.51));
#10827=CARTESIAN_POINT('',(25.279985,27.197558,-0.046));
#10828=CARTESIAN_POINT('',(25.279985,27.197558,0.));
#10829=CARTESIAN_POINT('',(25.279985,27.197558,1.51));
#10830=CARTESIAN_POINT('',(22.049994,27.497532,-0.046));
#10831=CARTESIAN_POINT('',(11.024997,27.497532,0.));
#10832=CARTESIAN_POINT('',(21.249894,27.497532,0.));
#10833=CARTESIAN_POINT('',(22.049994,27.497532,0.));
#10834=CARTESIAN_POINT('',(22.049994,27.497532,-0.046));
#10835=CARTESIAN_POINT('',(22.049994,27.497532,1.51));
#10836=CARTESIAN_POINT('',(11.024997,27.497532,1.51));
#10837=CARTESIAN_POINT('',(21.249894,27.497532,1.51));
#10838=CARTESIAN_POINT('',(21.249894,27.497532,-0.046));
#10839=CARTESIAN_POINT('',(22.049994,27.197558,-0.046));
#10840=CARTESIAN_POINT('',(22.049994,27.197558,0.));
#10841=CARTESIAN_POINT('',(22.049994,26.897584,0.));
#10842=CARTESIAN_POINT('',(22.049994,26.897584,-0.046));
#10843=CARTESIAN_POINT('',(22.049994,26.897584,1.51));
#10844=CARTESIAN_POINT('',(22.049994,27.197558,1.51));
#10845=CARTESIAN_POINT('',(21.249894,26.897584,-0.046));
#10846=CARTESIAN_POINT('',(10.624947,26.897584,0.));
#10847=CARTESIAN_POINT('',(21.249894,26.897584,0.));
#10848=CARTESIAN_POINT('',(21.249894,26.897584,-0.046));
#10849=CARTESIAN_POINT('',(21.249894,26.897584,1.51));
#10850=CARTESIAN_POINT('',(10.624947,26.897584,1.51));
#10851=CARTESIAN_POINT('',(21.249894,27.197558,-0.046));
#10852=CARTESIAN_POINT('',(21.249894,27.197558,0.));
#10853=CARTESIAN_POINT('',(21.249894,27.197558,1.51));
#10854=CARTESIAN_POINT('',(52.576476,19.244056,-0.046));
#10855=CARTESIAN_POINT('',(52.576476,19.244056,0.));
#10856=CARTESIAN_POINT('',(52.576476,18.734024,0.));
#10857=CARTESIAN_POINT('',(52.576476,18.734024,-0.046));
#10858=CARTESIAN_POINT('',(52.576476,18.734024,1.51));
#10859=CARTESIAN_POINT('',(52.576476,19.244056,1.51));
#10860=CARTESIAN_POINT('',(52.576476,16.704056,-0.046));
#10861=CARTESIAN_POINT('',(52.576476,16.704056,0.));
#10862=CARTESIAN_POINT('',(52.576476,16.194024,0.));
#10863=CARTESIAN_POINT('',(52.576476,16.194024,-0.046));
#10864=CARTESIAN_POINT('',(52.576476,16.194024,1.51));
#10865=CARTESIAN_POINT('',(52.576476,16.704056,1.51));
#10866=CARTESIAN_POINT('',(52.576476,14.164056,-0.046));
#10867=CARTESIAN_POINT('',(52.576476,14.164056,0.));
#10868=CARTESIAN_POINT('',(52.576476,13.654024,0.));
#10869=CARTESIAN_POINT('',(52.576476,13.654024,-0.046));
#10870=CARTESIAN_POINT('',(52.576476,13.654024,1.51));
#10871=CARTESIAN_POINT('',(52.576476,14.164056,1.51));
#10872=CARTESIAN_POINT('',(52.576476,11.624056,-0.046));
#10873=CARTESIAN_POINT('',(52.576476,11.624056,0.));
#10874=CARTESIAN_POINT('',(52.576476,11.114024,0.));
#10875=CARTESIAN_POINT('',(52.576476,11.114024,-0.046));
#10876=CARTESIAN_POINT('',(52.576476,11.114024,1.51));
#10877=CARTESIAN_POINT('',(52.576476,11.624056,1.51));
#10878=CARTESIAN_POINT('',(52.576476,9.084056,-0.046));
#10879=CARTESIAN_POINT('',(52.576476,9.084056,0.));
#10880=CARTESIAN_POINT('',(52.576476,8.574024,0.));
#10881=CARTESIAN_POINT('',(52.576476,8.574024,-0.046));
#10882=CARTESIAN_POINT('',(52.576476,8.574024,1.51));
#10883=CARTESIAN_POINT('',(52.576476,9.084056,1.51));
#10884=CARTESIAN_POINT('',(52.576476,6.544056,-0.046));
#10885=CARTESIAN_POINT('',(52.576476,6.544056,0.));
#10886=CARTESIAN_POINT('',(52.576476,6.034024,0.));
#10887=CARTESIAN_POINT('',(52.576476,6.034024,-0.046));
#10888=CARTESIAN_POINT('',(52.576476,6.034024,1.51));
#10889=CARTESIAN_POINT('',(52.576476,6.544056,1.51));
#10890=CARTESIAN_POINT('',(35.335972,19.472402,-0.046));
#10891=CARTESIAN_POINT('',(35.335972,19.472402,0.));
#10892=CARTESIAN_POINT('',(35.335972,18.964402,0.));
#10893=CARTESIAN_POINT('',(35.335972,18.964402,-0.046));
#10894=CARTESIAN_POINT('',(35.335972,18.964402,1.51));
#10895=CARTESIAN_POINT('',(35.335972,19.472402,1.51));
#10896=CARTESIAN_POINT('',(35.335972,16.932402,-0.046));
#10897=CARTESIAN_POINT('',(35.335972,16.932402,0.));
#10898=CARTESIAN_POINT('',(35.335972,16.424402,0.));
#10899=CARTESIAN_POINT('',(35.335972,16.424402,-0.046));
#10900=CARTESIAN_POINT('',(35.335972,16.424402,1.51));
#10901=CARTESIAN_POINT('',(35.335972,16.932402,1.51));
#10902=CARTESIAN_POINT('',(29.849953,20.473543,-0.046));
#10903=CARTESIAN_POINT('',(14.9249765,20.473543,0.));
#10904=CARTESIAN_POINT('',(28.849955,20.473543,0.));
#10905=CARTESIAN_POINT('',(29.849953,20.473543,0.));
#10906=CARTESIAN_POINT('',(29.849953,20.473543,-0.046));
#10907=CARTESIAN_POINT('',(29.849953,20.473543,1.51));
#10908=CARTESIAN_POINT('',(14.9249765,20.473543,1.51));
#10909=CARTESIAN_POINT('',(28.849955,20.473543,1.51));
#10910=CARTESIAN_POINT('',(28.849955,20.473543,-0.046));
#10911=CARTESIAN_POINT('',(29.849953,19.973544,-0.046));
#10912=CARTESIAN_POINT('',(29.849953,19.973544,0.));
#10913=CARTESIAN_POINT('',(29.849953,19.473545,0.));
#10914=CARTESIAN_POINT('',(29.849953,19.473545,-0.046));
#10915=CARTESIAN_POINT('',(29.849953,19.473545,1.51));
#10916=CARTESIAN_POINT('',(29.849953,19.973544,1.51));
#10917=CARTESIAN_POINT('',(28.849955,19.473545,-0.046));
#10918=CARTESIAN_POINT('',(14.4249775,19.473545,0.));
#10919=CARTESIAN_POINT('',(28.849955,19.473545,0.));
#10920=CARTESIAN_POINT('',(28.849955,19.473545,-0.046));
#10921=CARTESIAN_POINT('',(28.849955,19.473545,1.51));
#10922=CARTESIAN_POINT('',(14.4249775,19.473545,1.51));
#10923=CARTESIAN_POINT('',(28.849955,19.973544,-0.046));
#10924=CARTESIAN_POINT('',(28.849955,19.973544,0.));
#10925=CARTESIAN_POINT('',(28.849955,19.973544,1.51));
#10926=CARTESIAN_POINT('',(22.69998,20.823555,-0.046));
#10927=CARTESIAN_POINT('',(11.34999,20.823555,0.));
#10928=CARTESIAN_POINT('',(21.400008,20.823555,0.));
#10929=CARTESIAN_POINT('',(22.69998,20.823555,0.));
#10930=CARTESIAN_POINT('',(22.69998,20.823555,-0.046));
#10931=CARTESIAN_POINT('',(22.69998,20.823555,1.51));
#10932=CARTESIAN_POINT('',(11.34999,20.823555,1.51));
#10933=CARTESIAN_POINT('',(21.400008,20.823555,1.51));
#10934=CARTESIAN_POINT('',(21.400008,20.823555,-0.046));
#10935=CARTESIAN_POINT('',(22.69998,20.323556,-0.046));
#10936=CARTESIAN_POINT('',(22.69998,20.323556,0.));
#10937=CARTESIAN_POINT('',(22.69998,19.823557,0.));
#10938=CARTESIAN_POINT('',(22.69998,19.823557,-0.046));
#10939=CARTESIAN_POINT('',(22.69998,19.823557,1.51));
#10940=CARTESIAN_POINT('',(22.69998,20.323556,1.51));
#10941=CARTESIAN_POINT('',(21.400008,19.823557,-0.046));
#10942=CARTESIAN_POINT('',(10.700004,19.823557,0.));
#10943=CARTESIAN_POINT('',(21.400008,19.823557,0.));
#10944=CARTESIAN_POINT('',(21.400008,19.823557,-0.046));
#10945=CARTESIAN_POINT('',(21.400008,19.823557,1.51));
#10946=CARTESIAN_POINT('',(10.700004,19.823557,1.51));
#10947=CARTESIAN_POINT('',(21.400008,20.323556,-0.046));
#10948=CARTESIAN_POINT('',(21.400008,20.323556,0.));
#10949=CARTESIAN_POINT('',(21.400008,20.323556,1.51));
#10950=CARTESIAN_POINT('',(26.549985,17.173575,-0.046));
#10951=CARTESIAN_POINT('',(26.549985,8.5867875,0.));
#10952=CARTESIAN_POINT('',(26.549985,16.173577,0.));
#10953=CARTESIAN_POINT('',(26.549985,17.173575,0.));
#10954=CARTESIAN_POINT('',(26.549985,17.173575,-0.046));
#10955=CARTESIAN_POINT('',(26.549985,17.173575,1.51));
#10956=CARTESIAN_POINT('',(26.549985,8.5867875,1.51));
#10957=CARTESIAN_POINT('',(26.549985,16.173577,1.51));
#10958=CARTESIAN_POINT('',(26.549985,16.173577,-0.046));
#10959=CARTESIAN_POINT('',(27.049984,17.173575,-0.046));
#10960=CARTESIAN_POINT('',(27.049984,17.173575,0.));
#10961=CARTESIAN_POINT('',(27.549983,17.173575,0.));
#10962=CARTESIAN_POINT('',(27.549983,17.173575,-0.046));
#10963=CARTESIAN_POINT('',(27.549983,17.173575,1.51));
#10964=CARTESIAN_POINT('',(27.049984,17.173575,1.51));
#10965=CARTESIAN_POINT('',(27.549983,16.173577,-0.046));
#10966=CARTESIAN_POINT('',(27.549983,8.0867885,0.));
#10967=CARTESIAN_POINT('',(27.549983,16.173577,0.));
#10968=CARTESIAN_POINT('',(27.549983,16.173577,-0.046));
#10969=CARTESIAN_POINT('',(27.549983,16.173577,1.51));
#10970=CARTESIAN_POINT('',(27.549983,8.0867885,1.51));
#10971=CARTESIAN_POINT('',(27.049984,16.173577,-0.046));
#10972=CARTESIAN_POINT('',(27.049984,16.173577,0.));
#10973=CARTESIAN_POINT('',(27.049984,16.173577,1.51));
#10974=CARTESIAN_POINT('',(23.049992,16.673576,-0.046));
#10975=CARTESIAN_POINT('',(23.049992,16.673576,0.));
#10976=CARTESIAN_POINT('',(23.049992,15.473553,0.));
#10977=CARTESIAN_POINT('',(23.049992,15.473553,-0.046));
#10978=CARTESIAN_POINT('',(23.049992,15.473553,1.51));
#10979=CARTESIAN_POINT('',(23.049992,16.673576,1.51));
#10980=CARTESIAN_POINT('',(29.849953,13.873607,-0.046));
#10981=CARTESIAN_POINT('',(14.9249765,13.873607,0.));
#10982=CARTESIAN_POINT('',(28.849955,13.873607,0.));
#10983=CARTESIAN_POINT('',(29.849953,13.873607,0.));
#10984=CARTESIAN_POINT('',(29.849953,13.873607,-0.046));
#10985=CARTESIAN_POINT('',(29.849953,13.873607,1.51));
#10986=CARTESIAN_POINT('',(14.9249765,13.873607,1.51));
#10987=CARTESIAN_POINT('',(28.849955,13.873607,1.51));
#10988=CARTESIAN_POINT('',(28.849955,13.873607,-0.046));
#10989=CARTESIAN_POINT('',(29.849953,13.373608,-0.046));
#10990=CARTESIAN_POINT('',(29.849953,13.373608,0.));
#10991=CARTESIAN_POINT('',(29.849953,12.873609,0.));
#10992=CARTESIAN_POINT('',(29.849953,12.873609,-0.046));
#10993=CARTESIAN_POINT('',(29.849953,12.873609,1.51));
#10994=CARTESIAN_POINT('',(29.849953,13.373608,1.51));
#10995=CARTESIAN_POINT('',(28.849955,12.873609,-0.046));
#10996=CARTESIAN_POINT('',(14.4249775,12.873609,0.));
#10997=CARTESIAN_POINT('',(28.849955,12.873609,0.));
#10998=CARTESIAN_POINT('',(28.849955,12.873609,-0.046));
#10999=CARTESIAN_POINT('',(28.849955,12.873609,1.51));
#11000=CARTESIAN_POINT('',(14.4249775,12.873609,1.51));
#11001=CARTESIAN_POINT('',(28.849955,13.373608,-0.046));
#11002=CARTESIAN_POINT('',(28.849955,13.373608,0.));
#11003=CARTESIAN_POINT('',(28.849955,13.373608,1.51));
#11004=CARTESIAN_POINT('',(22.69998,13.523595,-0.046));
#11005=CARTESIAN_POINT('',(11.34999,13.523595,0.));
#11006=CARTESIAN_POINT('',(21.400008,13.523595,0.));
#11007=CARTESIAN_POINT('',(22.69998,13.523595,0.));
#11008=CARTESIAN_POINT('',(22.69998,13.523595,-0.046));
#11009=CARTESIAN_POINT('',(22.69998,13.523595,1.51));
#11010=CARTESIAN_POINT('',(11.34999,13.523595,1.51));
#11011=CARTESIAN_POINT('',(21.400008,13.523595,1.51));
#11012=CARTESIAN_POINT('',(21.400008,13.523595,-0.046));
#11013=CARTESIAN_POINT('',(22.69998,13.023596,-0.046));
#11014=CARTESIAN_POINT('',(22.69998,13.023596,0.));
#11015=CARTESIAN_POINT('',(22.69998,12.523597,0.));
#11016=CARTESIAN_POINT('',(22.69998,12.523597,-0.046));
#11017=CARTESIAN_POINT('',(22.69998,12.523597,1.51));
#11018=CARTESIAN_POINT('',(22.69998,13.023596,1.51));
#11019=CARTESIAN_POINT('',(21.400008,12.523597,-0.046));
#11020=CARTESIAN_POINT('',(10.700004,12.523597,0.));
#11021=CARTESIAN_POINT('',(21.400008,12.523597,0.));
#11022=CARTESIAN_POINT('',(21.400008,12.523597,-0.046));
#11023=CARTESIAN_POINT('',(21.400008,12.523597,1.51));
#11024=CARTESIAN_POINT('',(10.700004,12.523597,1.51));
#11025=CARTESIAN_POINT('',(21.400008,13.023596,-0.046));
#11026=CARTESIAN_POINT('',(21.400008,13.023596,0.));
#11027=CARTESIAN_POINT('',(21.400008,13.023596,1.51));
#11028=CARTESIAN_POINT('',(22.86,6.35,-0.046));
#11029=CARTESIAN_POINT('',(22.86,6.35,0.));
#11030=CARTESIAN_POINT('',(22.86,4.7625,0.));
#11031=CARTESIAN_POINT('',(22.86,4.7625,-0.046));
#11032=CARTESIAN_POINT('',(22.86,4.7625,1.51));
#11033=CARTESIAN_POINT('',(22.86,6.35,1.51));
#11034=CARTESIAN_POINT('',(22.990555553576,6.480555553576,0.));
#11035=CARTESIAN_POINT('',(22.990556,2.54,0.));
#11036=CARTESIAN_POINT('',(22.990556,2.54,0.));
#11037=CARTESIAN_POINT('',(22.990556,2.54,1.51));
#11038=CARTESIAN_POINT('',(22.990555553576,6.480555553576,1.51));
#11039=CARTESIAN_POINT('',(19.05,6.480556,1.51));
#11040=CARTESIAN_POINT('',(19.05,6.480556,0.));
#11041=CARTESIAN_POINT('',(19.05,6.480556,0.));
#11042=CARTESIAN_POINT('',(22.990555553576,6.480555553576,0.));
#11043=CARTESIAN_POINT('',(121.032524,2.54,0.));
#11044=CARTESIAN_POINT('',(121.032524,2.54,0.));
#11045=CARTESIAN_POINT('',(121.032524,2.54,0.));
#11046=CARTESIAN_POINT('',(121.032524,2.54,1.51));
#11047=CARTESIAN_POINT('',(121.032524,2.54,1.51));
#11048=CARTESIAN_POINT('',(121.032524,2.54,0.));
#11049=CARTESIAN_POINT('',(19.05,6.480556,0.));
#11050=CARTESIAN_POINT('',(19.05,6.480556,1.51));
#11051=CARTESIAN_POINT('',(19.05,90.040714,1.51));
#11052=CARTESIAN_POINT('',(19.05,90.040714,0.));
#11053=CARTESIAN_POINT('',(19.05,90.040714,0.));
#11054=CARTESIAN_POINT('',(19.05,6.480556,0.));
#11055=CARTESIAN_POINT('',(121.03252563215,5.96747436785,0.));
#11056=CARTESIAN_POINT('',(124.46,5.967476,0.));
#11057=CARTESIAN_POINT('',(124.46,5.967476,0.));
#11058=CARTESIAN_POINT('',(124.46,5.967476,1.51));
#11059=CARTESIAN_POINT('',(121.03252563215,5.96747436785,1.51));
#11060=CARTESIAN_POINT('',(121.03252563215,5.96747436785,0.));
#11061=CARTESIAN_POINT('',(22.989285466131,90.040714533869,0.));
#11062=CARTESIAN_POINT('',(22.989285466131,90.040714533869,1.51));
#11063=CARTESIAN_POINT('',(22.989286,93.98,1.51));
#11064=CARTESIAN_POINT('',(22.989286,93.98,0.));
#11065=CARTESIAN_POINT('',(22.989286,93.98,0.));
#11066=CARTESIAN_POINT('',(22.989285466131,90.040714533869,0.));
#11067=CARTESIAN_POINT('',(0.,0.,1.51));
#11068=CARTESIAN_POINT('',(120.51969709822,90.039697098228,1.51));
#11069=CARTESIAN_POINT('',(120.519698,93.98,1.51));
#11070=CARTESIAN_POINT('',(124.46,90.039698,1.51));
#11071=CARTESIAN_POINT('',(22.989286,93.98,1.51));
#11072=CARTESIAN_POINT('',(124.46,90.039698,1.51));
#11073=CARTESIAN_POINT('',(0.,0.,0.));
#11074=CARTESIAN_POINT('',(124.46,90.039698,0.));
#11075=CARTESIAN_POINT('',(124.46,90.039698,0.));
#11076=CARTESIAN_POINT('',(22.989286,93.98,0.));
#11077=CARTESIAN_POINT('',(120.519698,93.98,0.));
#11078=CARTESIAN_POINT('',(120.51969709822,90.039697098228,0.));
#11079=CARTESIAN_POINT('',(124.46,90.039698,0.));
#11080=CARTESIAN_POINT('',(124.46,90.039698,0.));
#11081=CARTESIAN_POINT('',(22.989286,93.98,0.));
#11082=CARTESIAN_POINT('',(120.519698,93.98,0.));
#11083=CARTESIAN_POINT('',(120.51969709822,90.039697098228,0.));
#11084=CARTESIAN_POINT('',(-71.755,-48.26,0.));
#11085=CARTESIAN_POINT('',(40.,24.7876522993259,5.));
#11086=CARTESIAN_POINT('',(87.7842211049258,46.5448148420759,-3.09766252728285));
#11087=CARTESIAN_POINT('',(88.4672024021979,45.0062676558913,-3.6986673440085));
#11088=CARTESIAN_POINT('',(89.2026671117916,43.1224050971219,-2.97886906002817));
#11089=CARTESIAN_POINT('',(89.511343976741,42.2449743945784,-0.985011924862031));
#11090=CARTESIAN_POINT('',(89.1938220568247,43.1469448578345,1.00437239277823));
#11091=CARTESIAN_POINT('',(88.4510311764678,45.0449021291184,1.69739430244269));
#11092=CARTESIAN_POINT('',(87.7735727876692,46.5678168775583,1.07932292700625));
#11093=CARTESIAN_POINT('',(87.4185205880302,47.3217884798012,-0.00530574701605969));
#11094=CARTESIAN_POINT('',(87.3187628942561,47.5291510324444,-1.00973493297024));
#11095=CARTESIAN_POINT('',(87.4229734697523,47.3124766046558,-2.01787073919549));
#11096=CARTESIAN_POINT('',(87.7842211049258,46.5448148420759,-3.09766252728285));
#11097=CARTESIAN_POINT('',(88.4672024021979,45.0062676558913,-3.6986673440085));
#11098=CARTESIAN_POINT('',(89.2026671117916,43.1224050971219,-2.97886906002817));
#11099=CARTESIAN_POINT('',(88.4531835943424,45.,-3.45849999999998));
#11100=CARTESIAN_POINT('',(40.,24.7876522993259,5.));
#11101=CARTESIAN_POINT('',(85.9085295401231,50.2563961918629,5.));
#11102=CARTESIAN_POINT('',(92.5,24.7876522993259,5.));
#11103=CARTESIAN_POINT('',(85.908529540123,50.2563961918629,-108.435754436789));
#11104=CARTESIAN_POINT('',(85.908529540123,50.2563961918631,-5.));
#11105=CARTESIAN_POINT('',(40.,24.7876522993259,-5.));
#11106=CARTESIAN_POINT('',(92.5,24.7876522993259,-5.));
#11107=CARTESIAN_POINT('',(92.5,24.7876522993259,5.));
#11108=CARTESIAN_POINT('',(-40.,24.7876522993259,5.));
#11109=CARTESIAN_POINT('',(-40.,24.7876522993259,5.));
#11110=CARTESIAN_POINT('',(-84.8900713307795,52.0113826814305,5.));
#11111=CARTESIAN_POINT('',(-66.0472942637338,70.37041726086,5.));
#11112=CARTESIAN_POINT('',(-84.8900713307794,52.0113826814305,-108.435754436789));
#11113=CARTESIAN_POINT('',(-84.8900713307796,52.0113826814304,-5.));
#11114=CARTESIAN_POINT('',(-40.,24.7876522993259,-5.));
#11115=CARTESIAN_POINT('',(-66.0472942637338,70.37041726086,-5.));
#11116=CARTESIAN_POINT('',(-66.0472942637338,70.37041726086,5.));
#11117=CARTESIAN_POINT('',(30.,89.,18.));
#11118=CARTESIAN_POINT('',(-8.00000000000004,89.,-4.));
#11119=CARTESIAN_POINT('',(3.79999999999997,89.,-4.));
#11120=CARTESIAN_POINT('',(1.49999999999997,89.,8.));
#11121=CARTESIAN_POINT('',(3.14999999999997,89.,8.));
#11122=CARTESIAN_POINT('',(-17.5,89.,-16.));
#11123=CARTESIAN_POINT('',(-15.85,89.,-16.));
#11124=CARTESIAN_POINT('',(23.3608890731341,89.,18.));
#11125=CARTESIAN_POINT('',(23.3608890731341,89.,14.5));
#11126=CARTESIAN_POINT('',(23.3608890731341,89.,-19.5));
#11127=CARTESIAN_POINT('',(30.,89.,14.5));
#11128=CARTESIAN_POINT('',(-23.3608890731341,89.,14.5));
#11129=CARTESIAN_POINT('',(-23.3608890731341,89.,18.));
#11130=CARTESIAN_POINT('',(-23.3608890731341,89.,-19.5));
#11131=CARTESIAN_POINT('',(13.95,89.,-19.5));
#11132=CARTESIAN_POINT('',(13.95,89.,-19.5));
#11133=CARTESIAN_POINT('',(13.95,89.,18.));
#11134=CARTESIAN_POINT('',(13.95,89.,2.25));
#11135=CARTESIAN_POINT('',(16.7,89.,2.25));
#11136=CARTESIAN_POINT('',(19.45,89.,2.25));
#11137=CARTESIAN_POINT('',(19.45,89.,18.));
#11138=CARTESIAN_POINT('',(19.45,89.,-19.5));
#11139=CARTESIAN_POINT('',(23.3608890731341,89.,-19.5));
#11140=CARTESIAN_POINT('',(97.023166369859,49.7905411472532,18.));
#11141=CARTESIAN_POINT('',(64.8069469178417,68.1998094055489,-234.871508873578));
#11142=CARTESIAN_POINT('',(64.8069469178417,68.1998094055489,7.50000000000001));
#11143=CARTESIAN_POINT('',(64.8069469178417,68.1998094055489,14.5));
#11144=CARTESIAN_POINT('',(97.023166369859,49.7905411472532,14.5));
#11145=CARTESIAN_POINT('',(32.7875289019139,86.4966197003647,14.5));
#11146=CARTESIAN_POINT('',(32.7875289019139,86.4966197003647,18.));
#11147=CARTESIAN_POINT('',(32.7875289019139,86.4966197003647,7.50000000000001));
#11148=CARTESIAN_POINT('',(64.8069469178417,68.1998094055489,7.50000000000001));
#11149=CARTESIAN_POINT('',(90.,-55.,18.));
#11150=CARTESIAN_POINT('',(90.,-24.,-234.871508873578));
#11151=CARTESIAN_POINT('',(90.,-24.,7.50000000000001));
#11152=CARTESIAN_POINT('',(90.,-24.,14.5));
#11153=CARTESIAN_POINT('',(90.,-55.,14.5));
#11154=CARTESIAN_POINT('',(90.,24.7876522993259,14.5));
#11155=CARTESIAN_POINT('',(90.,24.7876522993259,-234.871508873578));
#11156=CARTESIAN_POINT('',(90.,24.7876522993259,7.50000000000001));
#11157=CARTESIAN_POINT('',(90.,-24.,7.50000000000001));
#11158=CARTESIAN_POINT('',(-90.,55.,18.));
#11159=CARTESIAN_POINT('',(-90.,24.7876522993259,-234.871508873578));
#11160=CARTESIAN_POINT('',(-90.,24.7876522993259,7.50000000000001));
#11161=CARTESIAN_POINT('',(-90.,24.7876522993259,14.5));
#11162=CARTESIAN_POINT('',(-90.,55.,14.5));
#11163=CARTESIAN_POINT('',(-90.,-24.,14.5));
#11164=CARTESIAN_POINT('',(-90.,-24.,-234.871508873578));
#11165=CARTESIAN_POINT('',(-90.,-24.,7.50000000000001));
#11166=CARTESIAN_POINT('',(-90.,24.7876522993259,7.50000000000001));
#11167=CARTESIAN_POINT('',(-100.,-49.,18.));
#11168=CARTESIAN_POINT('',(-65.,-49.,-234.871508873578));
#11169=CARTESIAN_POINT('',(-65.,-49.,7.50000000000001));
#11170=CARTESIAN_POINT('',(-65.,-49.,14.5));
#11171=CARTESIAN_POINT('',(-100.,-49.,14.5));
#11172=CARTESIAN_POINT('',(65.,-49.,14.5));
#11173=CARTESIAN_POINT('',(65.,-49.,-234.871508873578));
#11174=CARTESIAN_POINT('',(65.,-49.,7.50000000000001));
#11175=CARTESIAN_POINT('',(-65.,-49.,7.50000000000001));
#11176=CARTESIAN_POINT('',(-27.023166369859,89.7905411472533,18.));
#11177=CARTESIAN_POINT('',(-32.7875289019139,86.4966197003647,18.));
#11178=CARTESIAN_POINT('',(-32.7875289019139,86.4966197003647,14.5));
#11179=CARTESIAN_POINT('',(-32.7875289019139,86.4966197003647,7.50000000000001));
#11180=CARTESIAN_POINT('',(-27.023166369859,89.7905411472533,14.5));
#11181=CARTESIAN_POINT('',(-64.8069469178417,68.1998094055489,14.5));
#11182=CARTESIAN_POINT('',(-64.8069469178417,68.1998094055489,-234.871508873578));
#11183=CARTESIAN_POINT('',(-64.8069469178417,68.1998094055489,7.50000000000001));
#11184=CARTESIAN_POINT('',(-32.7875289019139,86.4966197003647,7.50000000000001));
#11185=CARTESIAN_POINT('',(-23.3608890731341,70.,18.));
#11186=CARTESIAN_POINT('',(-23.3608890731341,70.,14.5));
#11187=CARTESIAN_POINT('',(-32.7875289019139,86.4966197003647,5.));
#11188=CARTESIAN_POINT('',(-32.7875289019139,86.4966197003647,-5.));
#11189=CARTESIAN_POINT('',(-32.7875289019139,86.4966197003647,18.));
#11190=CARTESIAN_POINT('',(-32.7875289019139,86.4966197003647,-19.5));
#11191=CARTESIAN_POINT('',(-23.3608890731341,70.,-19.5));
#11192=CARTESIAN_POINT('',(23.3608890731341,70.,18.));
#11193=CARTESIAN_POINT('',(23.3608890731341,70.,14.5));
#11194=CARTESIAN_POINT('',(23.3608890731341,70.,-19.5));
#11195=CARTESIAN_POINT('',(32.7875289019139,86.4966197003647,-19.5));
#11196=CARTESIAN_POINT('',(32.7875289019139,86.4966197003647,18.));
#11197=CARTESIAN_POINT('',(32.7875289019139,86.4966197003647,-5.));
#11198=CARTESIAN_POINT('',(32.7875289019139,86.4966197003647,18.));
#11199=CARTESIAN_POINT('',(-65.,-24.,-234.871508873578));
#11200=CARTESIAN_POINT('',(-65.,-24.,14.5));
#11201=CARTESIAN_POINT('',(-65.,-24.,7.50000000000001));
#11202=CARTESIAN_POINT('',(-40.,24.7876522993259,-234.871508873578));
#11203=CARTESIAN_POINT('',(-40.,24.7876522993259,14.5));
#11204=CARTESIAN_POINT('',(-40.,24.7876522993259,7.50000000000001));
#11205=CARTESIAN_POINT('',(65.,-24.,-234.871508873578));
#11206=CARTESIAN_POINT('',(65.,-24.,14.5));
#11207=CARTESIAN_POINT('',(65.,-24.,7.50000000000001));
#11208=CARTESIAN_POINT('',(40.,24.7876522993259,-234.871508873578));
#11209=CARTESIAN_POINT('',(40.,24.7876522993259,14.5));
#11210=CARTESIAN_POINT('',(40.,24.7876522993259,7.50000000000001));
#11211=CARTESIAN_POINT('',(97.023166369859,49.7905411472532,18.));
#11212=CARTESIAN_POINT('',(64.8069469178417,68.1998094055488,-19.5));
#11213=CARTESIAN_POINT('',(64.8069469178417,68.1998094055489,-19.5));
#11214=CARTESIAN_POINT('',(64.8069469178417,68.1998094055489,-234.871508873578));
#11215=CARTESIAN_POINT('',(64.8069469178417,68.1998094055489,-5.));
#11216=CARTESIAN_POINT('',(64.8069469178417,68.1998094055489,-5.));
#11217=CARTESIAN_POINT('',(90.,-55.,18.));
#11218=CARTESIAN_POINT('',(90.,24.7876522993259,-234.871508873578));
#11219=CARTESIAN_POINT('',(90.,24.7876522993259,-19.5));
#11220=CARTESIAN_POINT('',(90.,24.7876522993259,-5.));
#11221=CARTESIAN_POINT('',(90.,-24.,-19.5));
#11222=CARTESIAN_POINT('',(90.,-24.,-19.5));
#11223=CARTESIAN_POINT('',(90.,-24.,-234.871508873578));
#11224=CARTESIAN_POINT('',(90.,-24.,-5.));
#11225=CARTESIAN_POINT('',(90.,-24.,-5.));
#11226=CARTESIAN_POINT('',(-90.,55.,18.));
#11227=CARTESIAN_POINT('',(-90.,-24.,-234.871508873578));
#11228=CARTESIAN_POINT('',(-90.,-24.,-19.5));
#11229=CARTESIAN_POINT('',(-90.,-24.,-5.));
#11230=CARTESIAN_POINT('',(-90.,24.7876522993259,-19.5));
#11231=CARTESIAN_POINT('',(-90.,24.7876522993259,-19.5));
#11232=CARTESIAN_POINT('',(-90.,24.7876522993259,-234.871508873578));
#11233=CARTESIAN_POINT('',(-90.,24.7876522993259,-5.));
#11234=CARTESIAN_POINT('',(-90.,24.7876522993259,-5.));
#11235=CARTESIAN_POINT('',(-100.,-49.,18.));
#11236=CARTESIAN_POINT('',(65.,-49.,-234.871508873578));
#11237=CARTESIAN_POINT('',(65.,-49.,-19.5));
#11238=CARTESIAN_POINT('',(65.,-49.,-5.));
#11239=CARTESIAN_POINT('',(-65.,-49.,-19.5));
#11240=CARTESIAN_POINT('',(-65.,-49.,-19.5));
#11241=CARTESIAN_POINT('',(-65.,-49.,-234.871508873578));
#11242=CARTESIAN_POINT('',(-65.,-49.,-5.));
#11243=CARTESIAN_POINT('',(-65.,-49.,-5.));
#11244=CARTESIAN_POINT('',(-27.023166369859,89.7905411472533,18.));
#11245=CARTESIAN_POINT('',(-64.8069469178417,68.1998094055489,-234.871508873578));
#11246=CARTESIAN_POINT('',(-64.8069469178417,68.1998094055489,-19.5));
#11247=CARTESIAN_POINT('',(-64.8069469178417,68.1998094055489,-5.));
#11248=CARTESIAN_POINT('',(-32.7875289019139,86.4966197003647,-19.5));
#11249=CARTESIAN_POINT('',(-32.7875289019139,86.4966197003647,-5.));
#11250=CARTESIAN_POINT('',(-65.,-24.,-234.871508873578));
#11251=CARTESIAN_POINT('',(-65.,-24.,-19.5));
#11252=CARTESIAN_POINT('',(-65.,-24.,-5.));
#11253=CARTESIAN_POINT('',(-40.,24.7876522993259,-234.871508873578));
#11254=CARTESIAN_POINT('',(-40.,24.7876522993259,-19.5));
#11255=CARTESIAN_POINT('',(-40.,24.7876522993259,-5.));
#11256=CARTESIAN_POINT('',(65.,-24.,-234.871508873578));
#11257=CARTESIAN_POINT('',(65.,-24.,-19.5));
#11258=CARTESIAN_POINT('',(65.,-24.,-5.));
#11259=CARTESIAN_POINT('',(40.,24.7876522993259,-234.871508873578));
#11260=CARTESIAN_POINT('',(40.,24.7876522993259,-19.5));
#11261=CARTESIAN_POINT('',(40.,24.7876522993259,-5.));
#11262=CARTESIAN_POINT('',(100.,-45.,-0.999999999999998));
#11263=CARTESIAN_POINT('',(86.9622715074369,-44.0341809562365,-3.30464580025324));
#11264=CARTESIAN_POINT('',(87.3632920779946,-45.0004313827515,-3.53530206269187));
#11265=CARTESIAN_POINT('',(86.9615601805847,-45.9640935127574,-3.30514594897927));
#11266=CARTESIAN_POINT('',(86.0043741596566,-46.3619399338882,-3.04109561515665));
#11267=CARTESIAN_POINT('',(85.0383396114879,-45.9651262395422,-3.30435802467102));
#11268=CARTESIAN_POINT('',(84.6369310082157,-45.0048490643554,-3.53521720526126));
#11269=CARTESIAN_POINT('',(85.0369647997769,-44.0359632017647,-3.30575892934818));
#11270=CARTESIAN_POINT('',(85.9956369098723,-43.6382195831291,-3.04087071179836));
#11271=CARTESIAN_POINT('',(86.9622715074369,-44.0341809562365,-3.30464580025324));
#11272=CARTESIAN_POINT('',(87.3632920779946,-45.0004313827515,-3.53530206269187));
#11273=CARTESIAN_POINT('',(86.9615601805847,-45.9640935127574,-3.30514594897927));
#11274=CARTESIAN_POINT('',(87.2295,-45.,-3.45850000000001));
#11275=CARTESIAN_POINT('',(85.0366366021927,-45.964639624762,1.30539575782701));
#11276=CARTESIAN_POINT('',(86.0003940495223,-46.3620887842568,1.04088282274149));
#11277=CARTESIAN_POINT('',(86.9617871997182,-45.9640052382104,1.30494753960045));
#11278=CARTESIAN_POINT('',(87.3631638999495,-45.0038309158347,1.53509944439508));
#11279=CARTESIAN_POINT('',(86.9625414079736,-44.0359355160446,1.30564678496465));
#11280=CARTESIAN_POINT('',(86.0050135984624,-43.638117480423,1.04097193842944));
#11281=CARTESIAN_POINT('',(85.0381731381376,-44.0346237983836,1.30435693372584));
#11282=CARTESIAN_POINT('',(84.6370523137677,-44.9959989188142,1.53530945220605));
#11283=CARTESIAN_POINT('',(85.0366366021927,-45.964639624762,1.30539575782701));
#11284=CARTESIAN_POINT('',(86.0003940495223,-46.3620887842568,1.04088282274149));
#11285=CARTESIAN_POINT('',(86.9617871997182,-45.9640052382104,1.30494753960045));
#11286=CARTESIAN_POINT('',(86.,-46.2295,1.12897909806557));
#11287=CARTESIAN_POINT('',(83.7064755286058,-44.1700076867522,-3.36942775793282));
#11288=CARTESIAN_POINT('',(82.7592205442607,-45.0094113508237,-3.50257916779843));
#11289=CARTESIAN_POINT('',(81.7883277217396,-45.7923469099529,-3.37125557087344));
#11290=CARTESIAN_POINT('',(80.8150040494173,-46.5077098616449,-2.99912925239909));
#11291=CARTESIAN_POINT('',(80.0519869861169,-47.0187714297153,-2.4684104837178));
#11292=CARTESIAN_POINT('',(79.5608578805057,-47.3297219426622,-1.84896507863268));
#11293=CARTESIAN_POINT('',(79.3286480818367,-47.4721481619202,-1.26332572958791));
#11294=CARTESIAN_POINT('',(79.3571344219535,-47.4548575074784,-0.611013730822309));
#11295=CARTESIAN_POINT('',(79.7183951842623,-47.2322293360577,0.137561104746299));
#11296=CARTESIAN_POINT('',(80.4361070200347,-46.7684662800938,0.77770466927336));
#11297=CARTESIAN_POINT('',(81.3916447221641,-46.0917543333206,1.24976384105873));
#11298=CARTESIAN_POINT('',(82.3614031719752,-45.3390648075591,1.47737983843231));
#11299=CARTESIAN_POINT('',(83.3237960172872,-44.5186811226163,1.46002297928808));
#11300=CARTESIAN_POINT('',(84.2189396021199,-43.6811683603607,1.14464185181815));
#11301=CARTESIAN_POINT('',(84.9730457234118,-42.91024112764,0.452444015388353));
#11302=CARTESIAN_POINT('',(85.3992618436713,-42.4419565204145,-0.7158201821577));
#11303=CARTESIAN_POINT('',(85.2089949612194,-42.6541101314929,-2.02488088323056));
#11304=CARTESIAN_POINT('',(84.5536614683849,-43.3473006479251,-2.91064491759648));
#11305=CARTESIAN_POINT('',(83.7064755286058,-44.1700076867522,-3.36942775793282));
#11306=CARTESIAN_POINT('',(82.7592205442607,-45.0094113508237,-3.50257916779843));
#11307=CARTESIAN_POINT('',(81.7883277217396,-45.7923469099529,-3.37125557087344));
#11308=CARTESIAN_POINT('',(82.7552809045647,-45.,-3.4585));
#11309=CARTESIAN_POINT('',(98.,-45.,-0.999999999999998));
#11310=CARTESIAN_POINT('',(98.,-45.,-3.4585));
#11311=CARTESIAN_POINT('',(100.,45.,-0.999999999999981));
#11312=CARTESIAN_POINT('',(98.,45.,-0.999999999999981));
#11313=CARTESIAN_POINT('',(98.,45.,-3.45849999999998));
#11314=CARTESIAN_POINT('',(19.45,252.871508873578,2.25));
#11315=CARTESIAN_POINT('',(19.45,252.871508873578,-20.));
#11316=CARTESIAN_POINT('',(19.45,91.,-20.));
#11317=CARTESIAN_POINT('',(19.45,89.5,-20.));
#11318=CARTESIAN_POINT('',(19.45,160.060754436791,-90.5607544367892));
#11319=CARTESIAN_POINT('',(19.45,252.871508873578,2.25));
#11320=CARTESIAN_POINT('',(19.45,95.,2.25));
#11321=CARTESIAN_POINT('',(19.45,95.,18.));
#11322=CARTESIAN_POINT('',(19.45,95.,-19.5));
#11323=CARTESIAN_POINT('',(19.45,184.810754436788,70.310754436789));
#11324=CARTESIAN_POINT('',(19.45,94.5,-20.));
#11325=CARTESIAN_POINT('',(19.45,252.871508873578,-20.));
#11326=CARTESIAN_POINT('',(19.45,93.,-20.));
#11327=CARTESIAN_POINT('',(19.45,93.,2.25));
#11328=CARTESIAN_POINT('',(19.45,93.,-10.));
#11329=CARTESIAN_POINT('',(19.45,252.871508873578,-10.));
#11330=CARTESIAN_POINT('',(19.45,91.,-10.));
#11331=CARTESIAN_POINT('',(19.45,91.,2.25));
#11332=CARTESIAN_POINT('',(13.95,252.871508873578,-20.));
#11333=CARTESIAN_POINT('',(13.95,171.185754436791,-101.685754436789));
#11334=CARTESIAN_POINT('',(13.95,89.5,-20.));
#11335=CARTESIAN_POINT('',(13.95,252.871508873578,-20.));
#11336=CARTESIAN_POINT('',(13.95,91.,-20.));
#11337=CARTESIAN_POINT('',(13.95,91.,-20.));
#11338=CARTESIAN_POINT('',(13.95,91.,-10.));
#11339=CARTESIAN_POINT('',(13.95,252.871508873578,-10.));
#11340=CARTESIAN_POINT('',(13.95,93.,-10.));
#11341=CARTESIAN_POINT('',(13.95,93.,-20.));
#11342=CARTESIAN_POINT('',(13.95,93.,-20.));
#11343=CARTESIAN_POINT('',(13.95,252.871508873578,-20.));
#11344=CARTESIAN_POINT('',(13.95,94.5,-20.));
#11345=CARTESIAN_POINT('',(13.95,173.685754436788,59.185754436789));
#11346=CARTESIAN_POINT('',(13.95,95.,-19.5));
#11347=CARTESIAN_POINT('',(13.95,95.,18.));
#11348=CARTESIAN_POINT('',(13.95,95.,2.25));
#11349=CARTESIAN_POINT('',(13.95,252.871508873578,2.25));
#11350=CARTESIAN_POINT('',(0.,0.,-20.));
#11351=CARTESIAN_POINT('',(-23.3608890731341,89.5,-20.));
#11352=CARTESIAN_POINT('',(-23.3608890731341,89.5,-20.));
#11353=CARTESIAN_POINT('',(-23.3608890731341,70.,-20.));
#11354=CARTESIAN_POINT('',(-33.0355983710923,86.930741271427,-20.));
#11355=CARTESIAN_POINT('',(-65.0550163870201,68.6339309766111,-20.));
#11356=CARTESIAN_POINT('',(-65.0550163870201,68.6339309766111,-20.));
#11357=CARTESIAN_POINT('',(-40.,24.7876522993259,-20.));
#11358=CARTESIAN_POINT('',(-90.5,24.7876522993259,-20.));
#11359=CARTESIAN_POINT('',(-90.5,-24.,-20.));
#11360=CARTESIAN_POINT('',(-90.5,-24.,-20.));
#11361=CARTESIAN_POINT('',(-65.,-24.,-20.));
#11362=CARTESIAN_POINT('',(-65.,-49.5,-20.));
#11363=CARTESIAN_POINT('',(65.,-49.5,-20.));
#11364=CARTESIAN_POINT('',(65.,-49.5,-20.));
#11365=CARTESIAN_POINT('',(65.,-24.,-20.));
#11366=CARTESIAN_POINT('',(90.5,-24.,-20.));
#11367=CARTESIAN_POINT('',(90.5,24.7876522993259,-20.));
#11368=CARTESIAN_POINT('',(90.5,24.7876522993259,-20.));
#11369=CARTESIAN_POINT('',(40.,24.7876522993259,-20.));
#11370=CARTESIAN_POINT('',(65.0550163870201,68.6339309766111,-20.));
#11371=CARTESIAN_POINT('',(33.0355983710923,86.930741271427,-20.));
#11372=CARTESIAN_POINT('',(33.0355983710923,86.930741271427,-20.));
#11373=CARTESIAN_POINT('',(23.3608890731341,70.,-20.));
#11374=CARTESIAN_POINT('',(23.3608890731341,89.5,-20.));
#11375=CARTESIAN_POINT('',(19.45,89.5,-20.));
#11376=CARTESIAN_POINT('',(11.95,91.,-20.));
#11377=CARTESIAN_POINT('',(21.45,91.,-20.));
#11378=CARTESIAN_POINT('',(21.45,91.,-20.));
#11379=CARTESIAN_POINT('',(21.45,93.,-20.));
#11380=CARTESIAN_POINT('',(21.45,93.,-20.));
#11381=CARTESIAN_POINT('',(-2.18575157973078E-14,94.5,-20.));
#11382=CARTESIAN_POINT('',(23.3608890731341,94.5,-20.));
#11383=CARTESIAN_POINT('',(23.3608890731341,70.,-20.));
#11384=CARTESIAN_POINT('',(35.5162930628765,91.2719569820492,-20.));
#11385=CARTESIAN_POINT('',(48.0596228385139,84.1043399673993,-20.));
#11386=CARTESIAN_POINT('',(99.2480694691784,54.853799035591,-20.));
#11387=CARTESIAN_POINT('',(99.,54.4196774645288,-20.));
#11388=CARTESIAN_POINT('',(99.5,54.4196774645288,-20.));
#11389=CARTESIAN_POINT('',(99.5,0.,-20.));
#11390=CARTESIAN_POINT('',(99.5,-54.,-20.));
#11391=CARTESIAN_POINT('',(99.,-54.,-20.));
#11392=CARTESIAN_POINT('',(99.,-54.5,-20.));
#11393=CARTESIAN_POINT('',(0.,-54.5,-20.));
#11394=CARTESIAN_POINT('',(-99.,-54.5,-20.));
#11395=CARTESIAN_POINT('',(-99.,-54.,-20.));
#11396=CARTESIAN_POINT('',(-99.5,-54.,-20.));
#11397=CARTESIAN_POINT('',(-99.5,0.,-20.));
#11398=CARTESIAN_POINT('',(-99.5,54.4196774645288,-20.));
#11399=CARTESIAN_POINT('',(-99.,54.4196774645288,-20.));
#11400=CARTESIAN_POINT('',(-99.2480694691784,54.853799035591,-20.));
#11401=CARTESIAN_POINT('',(-48.0596228385139,84.1043399673993,-20.));
#11402=CARTESIAN_POINT('',(-35.5162930628765,91.2719569820492,-20.));
#11403=CARTESIAN_POINT('',(-23.3608890731341,70.,-20.));
#11404=CARTESIAN_POINT('',(-23.3608890731341,94.5,-20.));
#11405=CARTESIAN_POINT('',(-2.18575157973078E-14,94.5,-20.));
#11406=CARTESIAN_POINT('',(21.45,93.,-20.));
#11407=CARTESIAN_POINT('',(11.95,93.,-20.));
#11408=CARTESIAN_POINT('',(11.95,93.,-20.));
#11409=CARTESIAN_POINT('',(11.95,91.,-20.));
#11410=CARTESIAN_POINT('',(11.95,91.,-20.));
#11411=CARTESIAN_POINT('',(86.,-45.,-20.));
#11412=CARTESIAN_POINT('',(87.2295,-45.,-20.));
#11413=CARTESIAN_POINT('',(86.,51.4824889310021,-20.));
#11414=CARTESIAN_POINT('',(87.2295,51.4824889310021,-20.));
#11415=CARTESIAN_POINT('',(-86.,51.4824889310021,-20.));
#11416=CARTESIAN_POINT('',(-84.7705,51.4824889310021,-20.));
#11417=CARTESIAN_POINT('',(-86.,-45.,-20.));
#11418=CARTESIAN_POINT('',(-84.7705,-45.,-20.));
#11419=CARTESIAN_POINT('',(30.,95.,18.));
#11420=CARTESIAN_POINT('',(-8.00000000000004,95.,-4.));
#11421=CARTESIAN_POINT('',(-19.8,95.,-4.));
#11422=CARTESIAN_POINT('',(1.49999999999996,95.,8.));
#11423=CARTESIAN_POINT('',(-0.150000000000036,95.,8.));
#11424=CARTESIAN_POINT('',(-17.5,95.,-16.));
#11425=CARTESIAN_POINT('',(-19.15,95.,-16.));
#11426=CARTESIAN_POINT('',(30.,95.,-19.5));
#11427=CARTESIAN_POINT('',(-23.3608890731341,95.,-19.5));
#11428=CARTESIAN_POINT('',(-23.3608890731341,95.,18.));
#11429=CARTESIAN_POINT('',(-23.3608890731341,95.,16.));
#11430=CARTESIAN_POINT('',(23.3608890731341,95.,16.));
#11431=CARTESIAN_POINT('',(23.3608890731341,95.,16.));
#11432=CARTESIAN_POINT('',(23.3608890731341,95.,18.));
#11433=CARTESIAN_POINT('',(23.3608890731341,95.,-19.5));
#11434=CARTESIAN_POINT('',(30.,95.,-19.5));
#11435=CARTESIAN_POINT('',(16.7,95.,2.25));
#11436=CARTESIAN_POINT('',(-30.,95.,18.));
#11437=CARTESIAN_POINT('',(-35.7643625320549,91.7060785531115,18.));
#11438=CARTESIAN_POINT('',(-35.7643625320549,91.7060785531115,16.));
#11439=CARTESIAN_POINT('',(-35.7643625320549,91.7060785531115,-19.5));
#11440=CARTESIAN_POINT('',(-30.,95.,-19.5));
#11441=CARTESIAN_POINT('',(-99.4961389383568,55.2879206066532,-19.5));
#11442=CARTESIAN_POINT('',(-99.4961389383568,55.2879206066532,18.));
#11443=CARTESIAN_POINT('',(-99.4961389383568,55.2879206066532,16.));
#11444=CARTESIAN_POINT('',(-35.7643625320549,91.7060785531115,16.));
#11445=CARTESIAN_POINT('',(-100.,55.,18.));
#11446=CARTESIAN_POINT('',(-100.,-45.,-0.999999999999998));
#11447=CARTESIAN_POINT('',(-100.,-45.,-3.4585));
#11448=CARTESIAN_POINT('',(-100.,45.,-0.999999999999981));
#11449=CARTESIAN_POINT('',(-100.,45.,-3.45849999999998));
#11450=CARTESIAN_POINT('',(-100.,54.4196774645288,18.));
#11451=CARTESIAN_POINT('',(-100.,54.4196774645288,16.));
#11452=CARTESIAN_POINT('',(-100.,54.4196774645288,-19.5));
#11453=CARTESIAN_POINT('',(-100.,55.,-19.5));
#11454=CARTESIAN_POINT('',(-100.,-54.,-19.5));
#11455=CARTESIAN_POINT('',(-100.,-54.,18.));
#11456=CARTESIAN_POINT('',(-100.,-54.,16.));
#11457=CARTESIAN_POINT('',(-100.,54.4196774645288,16.));
#11458=CARTESIAN_POINT('',(-100.,-55.,18.));
#11459=CARTESIAN_POINT('',(-99.,-55.,18.));
#11460=CARTESIAN_POINT('',(-99.,-55.,16.));
#11461=CARTESIAN_POINT('',(-99.,-55.,-19.5));
#11462=CARTESIAN_POINT('',(-100.,-55.,-19.5));
#11463=CARTESIAN_POINT('',(99.,-55.,-19.5));
#11464=CARTESIAN_POINT('',(99.,-55.,18.));
#11465=CARTESIAN_POINT('',(99.,-55.,16.));
#11466=CARTESIAN_POINT('',(-99.,-55.,16.));
#11467=CARTESIAN_POINT('',(100.,-55.,18.));
#11468=CARTESIAN_POINT('',(100.,-45.,-0.999999999999998));
#11469=CARTESIAN_POINT('',(100.,-45.,-3.4585));
#11470=CARTESIAN_POINT('',(100.,45.,-0.999999999999981));
#11471=CARTESIAN_POINT('',(100.,45.,-3.45849999999998));
#11472=CARTESIAN_POINT('',(100.,-54.,18.));
#11473=CARTESIAN_POINT('',(100.,-54.,16.));
#11474=CARTESIAN_POINT('',(100.,-54.,-19.5));
#11475=CARTESIAN_POINT('',(100.,-55.,-19.5));
#11476=CARTESIAN_POINT('',(100.,54.4196774645288,-19.5));
#11477=CARTESIAN_POINT('',(100.,54.4196774645288,18.));
#11478=CARTESIAN_POINT('',(100.,54.4196774645288,16.));
#11479=CARTESIAN_POINT('',(100.,-54.,16.));
#11480=CARTESIAN_POINT('',(100.,55.,18.));
#11481=CARTESIAN_POINT('',(99.4961389383568,55.2879206066532,18.));
#11482=CARTESIAN_POINT('',(99.4961389383568,55.2879206066532,16.));
#11483=CARTESIAN_POINT('',(99.4961389383568,55.2879206066532,-19.5));
#11484=CARTESIAN_POINT('',(100.,55.,-19.5));
#11485=CARTESIAN_POINT('',(35.764362532055,91.7060785531115,-19.5));
#11486=CARTESIAN_POINT('',(35.764362532055,91.7060785531115,18.));
#11487=CARTESIAN_POINT('',(35.764362532055,91.7060785531115,16.));
#11488=CARTESIAN_POINT('',(99.4961389383568,55.2879206066532,16.));
#11489=CARTESIAN_POINT('',(0.,0.,18.));
#11490=CARTESIAN_POINT('',(-92.5,52.0628114664733,18.));
#11491=CARTESIAN_POINT('',(-92.5,-46.,18.));
#11492=CARTESIAN_POINT('',(-92.5,52.0628114664733,18.));
#11493=CARTESIAN_POINT('',(-87.,52.0628114664733,18.));
#11494=CARTESIAN_POINT('',(-89.7287641609626,56.8381487481579,18.));
#11495=CARTESIAN_POINT('',(-34.027876247806,88.6672275556759,18.));
#11496=CARTESIAN_POINT('',(-34.027876247806,88.6672275556759,18.));
#11497=CARTESIAN_POINT('',(-23.3608890731341,70.,18.));
#11498=CARTESIAN_POINT('',(-23.3608890731341,91.5,18.));
#11499=CARTESIAN_POINT('',(23.3608890731341,91.5,18.));
#11500=CARTESIAN_POINT('',(23.3608890731341,91.5,18.));
#11501=CARTESIAN_POINT('',(23.3608890731341,70.,18.));
#11502=CARTESIAN_POINT('',(34.027876247806,88.6672275556759,18.));
#11503=CARTESIAN_POINT('',(89.7287641609626,56.8381487481578,18.));
#11504=CARTESIAN_POINT('',(89.7287641609626,56.8381487481578,18.));
#11505=CARTESIAN_POINT('',(87.,52.0628114664733,18.));
#11506=CARTESIAN_POINT('',(92.5,52.0628114664733,18.));
#11507=CARTESIAN_POINT('',(92.5,-46.,18.));
#11508=CARTESIAN_POINT('',(92.5,-46.,18.));
#11509=CARTESIAN_POINT('',(87.,-46.,18.));
#11510=CARTESIAN_POINT('',(87.,-51.5,18.));
#11511=CARTESIAN_POINT('',(-87.,-51.5,18.));
#11512=CARTESIAN_POINT('',(-87.,-51.5,18.));
#11513=CARTESIAN_POINT('',(-87.,-46.,18.));
#11514=CARTESIAN_POINT('',(-23.3608890731341,70.,18.));
#11515=CARTESIAN_POINT('',(-23.3608890731341,93.,18.));
#11516=CARTESIAN_POINT('',(-34.7720846553413,89.9695922688626,18.));
#11517=CARTESIAN_POINT('',(-98.5038610616432,53.5514343224043,18.));
#11518=CARTESIAN_POINT('',(-98.,53.8393549290576,18.));
#11519=CARTESIAN_POINT('',(-98.,-54.,18.));
#11520=CARTESIAN_POINT('',(-98.,-53.,18.));
#11521=CARTESIAN_POINT('',(99.,-53.,18.));
#11522=CARTESIAN_POINT('',(98.,-53.,18.));
#11523=CARTESIAN_POINT('',(98.,54.4196774645288,18.));
#11524=CARTESIAN_POINT('',(98.,53.8393549290575,18.));
#11525=CARTESIAN_POINT('',(34.7720846553413,89.9695922688625,18.));
#11526=CARTESIAN_POINT('',(34.7720846553413,89.9695922688625,18.));
#11527=CARTESIAN_POINT('',(23.3608890731341,70.,18.));
#11528=CARTESIAN_POINT('',(23.3608890731341,93.,18.));
#11529=CARTESIAN_POINT('',(-23.3608890731341,93.,18.));
#11530=CARTESIAN_POINT('',(-23.3608890731341,70.,18.));
#11531=CARTESIAN_POINT('',(-23.3608890731341,70.,-19.5));
#11532=CARTESIAN_POINT('',(-23.3608890731341,70.,16.));
#11533=CARTESIAN_POINT('',(23.3608890731341,70.,18.));
#11534=CARTESIAN_POINT('',(23.3608890731341,70.,-19.5));
#11535=CARTESIAN_POINT('',(23.3608890731341,70.,16.));
#11536=CARTESIAN_POINT('',(16.7,252.871508873578,2.25));
#11537=CARTESIAN_POINT('',(0.,0.,-10.));
#11538=CARTESIAN_POINT('',(11.95,91.,-10.));
#11539=CARTESIAN_POINT('',(11.95,91.,-10.));
#11540=CARTESIAN_POINT('',(11.95,93.,-10.));
#11541=CARTESIAN_POINT('',(11.95,93.,-10.));
#11542=CARTESIAN_POINT('',(21.45,93.,-10.));
#11543=CARTESIAN_POINT('',(11.95,91.,-10.));
#11544=CARTESIAN_POINT('',(11.95,91.,-10.));
#11545=CARTESIAN_POINT('',(21.45,93.,-10.));
#11546=CARTESIAN_POINT('',(11.95,93.,-10.));
#11547=CARTESIAN_POINT('',(11.95,93.,-10.));
#11548=CARTESIAN_POINT('',(21.45,93.,-10.));
#11549=CARTESIAN_POINT('',(21.45,93.,-10.));
#11550=CARTESIAN_POINT('',(21.45,93.,-10.));
#11551=CARTESIAN_POINT('',(21.45,93.,-10.));
#11552=CARTESIAN_POINT('',(11.95,91.,-10.));
#11553=CARTESIAN_POINT('',(11.95,91.,-10.));
#11554=CARTESIAN_POINT('',(21.45,91.,-10.));
#11555=CARTESIAN_POINT('',(21.45,91.,-10.));
#11556=CARTESIAN_POINT('',(0.,0.,-10.));
#11557=CARTESIAN_POINT('',(21.45,91.,-10.));
#11558=CARTESIAN_POINT('',(21.45,91.,-10.));
#11559=CARTESIAN_POINT('',(100.,45.,-0.999999999999981));
#11560=CARTESIAN_POINT('',(100.,45.,-0.999999999999981));
#11561=CARTESIAN_POINT('',(-89.2057769855774,43.1142607074149,-2.97659400526523));
#11562=CARTESIAN_POINT('',(-88.4654857122003,45.010422312578,-3.69841423516604));
#11563=CARTESIAN_POINT('',(-87.7870657284301,46.5384454206572,-3.10035991758643));
#11564=CARTESIAN_POINT('',(-87.4255440600997,47.3071091754834,-2.02830468430318));
#11565=CARTESIAN_POINT('',(-87.3190195635691,47.5286116910135,-1.02729338102886));
#11566=CARTESIAN_POINT('',(-87.4152613251417,47.3286072789702,-0.0196396689199601));
#11567=CARTESIAN_POINT('',(-87.7699816121212,46.5757385240168,1.07535850447833));
#11568=CARTESIAN_POINT('',(-88.4491610725409,45.049306604031,1.69708470652154));
#11569=CARTESIAN_POINT('',(-89.1902931236235,43.1564524342015,1.00978060115263));
#11570=CARTESIAN_POINT('',(-89.5113863404715,42.2448072522353,-0.966617488936735));
#11571=CARTESIAN_POINT('',(-89.2057769855774,43.1142607074149,-2.97659400526523));
#11572=CARTESIAN_POINT('',(-88.4654857122003,45.010422312578,-3.69841423516604));
#11573=CARTESIAN_POINT('',(-87.7870657284301,46.5384454206572,-3.10035991758643));
#11574=CARTESIAN_POINT('',(-88.4531835943424,45.,-3.45849999999998));
#11575=CARTESIAN_POINT('',(100.,-45.,-0.999999999999998));
#11576=CARTESIAN_POINT('',(100.,-45.,-0.999999999999998));
#11577=CARTESIAN_POINT('',(-85.0377284925631,-44.0341809562365,-3.30464580025324));
#11578=CARTESIAN_POINT('',(-84.6367079220054,-45.0004313827515,-3.53530206269187));
#11579=CARTESIAN_POINT('',(-85.0384398194153,-45.9640935127574,-3.30514594897927));
#11580=CARTESIAN_POINT('',(-85.9956258403433,-46.3619399338882,-3.04109561515663));
#11581=CARTESIAN_POINT('',(-86.9616603885121,-45.9651262395423,-3.30435802467099));
#11582=CARTESIAN_POINT('',(-87.3630689917843,-45.0048490643555,-3.53521720526126));
#11583=CARTESIAN_POINT('',(-86.9630352002231,-44.0359632017648,-3.30575892934821));
#11584=CARTESIAN_POINT('',(-86.0043630901277,-43.6382195831292,-3.04087071179838));
#11585=CARTESIAN_POINT('',(-85.0377284925631,-44.0341809562365,-3.30464580025324));
#11586=CARTESIAN_POINT('',(-84.6367079220054,-45.0004313827515,-3.53530206269187));
#11587=CARTESIAN_POINT('',(-85.0384398194153,-45.9640935127574,-3.30514594897927));
#11588=CARTESIAN_POINT('',(-84.7705,-45.,-3.45850000000001));
#11589=CARTESIAN_POINT('',(-86.9633633978073,-45.9646396247621,1.305395757827));
#11590=CARTESIAN_POINT('',(-85.9996059504777,-46.3620887842569,1.04088282274147));
#11591=CARTESIAN_POINT('',(-85.0382128002819,-45.9640052382104,1.30494753960044));
#11592=CARTESIAN_POINT('',(-84.6368361000505,-45.0038309158348,1.53509944439508));
#11593=CARTESIAN_POINT('',(-85.0374585920264,-44.0359355160447,1.30564678496467));
#11594=CARTESIAN_POINT('',(-85.9949864015376,-43.6381174804231,1.04097193842946));
#11595=CARTESIAN_POINT('',(-86.9618268618624,-44.0346237983836,1.30435693372585));
#11596=CARTESIAN_POINT('',(-87.3629476862323,-44.9959989188142,1.53530945220605));
#11597=CARTESIAN_POINT('',(-86.9633633978073,-45.9646396247621,1.305395757827));
#11598=CARTESIAN_POINT('',(-85.9996059504777,-46.3620887842569,1.04088282274147));
#11599=CARTESIAN_POINT('',(-85.0382128002819,-45.9640052382104,1.30494753960044));
#11600=CARTESIAN_POINT('',(-86.,-46.2295,1.12897909806555));
#11601=CARTESIAN_POINT('',(-81.7814007771653,-45.7977958726996,-3.36985575619562));
#11602=CARTESIAN_POINT('',(-82.7634636865709,-45.0057753301289,-3.50238278566666));
#11603=CARTESIAN_POINT('',(-83.6964299039392,-44.1791028067848,-3.37161310113771));
#11604=CARTESIAN_POINT('',(-84.5496371201808,-43.3515697232826,-2.91526937701678));
#11605=CARTESIAN_POINT('',(-85.2067211476698,-42.6565727168933,-2.02952198124728));
#11606=CARTESIAN_POINT('',(-85.4002907009017,-42.440828174198,-0.723376679995558));
#11607=CARTESIAN_POINT('',(-84.9747021540008,-42.9084655195374,0.451006011709988));
#11608=CARTESIAN_POINT('',(-84.2198871136265,-43.6803618667492,1.14451235160258));
#11609=CARTESIAN_POINT('',(-83.3216264166229,-44.5204884156284,1.45997187998542));
#11610=CARTESIAN_POINT('',(-82.3670644282385,-45.3344894702309,1.4780846933234));
#11611=CARTESIAN_POINT('',(-81.3868452885324,-46.0954870065943,1.24870660431482));
#11612=CARTESIAN_POINT('',(-80.4322068023091,-46.7710561196856,0.774897296038747));
#11613=CARTESIAN_POINT('',(-79.7140769267187,-47.2349538862615,0.133109695817357));
#11614=CARTESIAN_POINT('',(-79.3553750684629,-47.4559231436917,-0.618354780440565));
#11615=CARTESIAN_POINT('',(-79.3296882542959,-47.4715210430844,-1.26777785219981));
#11616=CARTESIAN_POINT('',(-79.563467223331,-47.3280931151752,-1.85330869336492));
#11617=CARTESIAN_POINT('',(-80.0543328011607,-47.0172524895342,-2.4701260782597));
#11618=CARTESIAN_POINT('',(-80.8167274939703,-46.5063043234212,-2.99929989671904));
#11619=CARTESIAN_POINT('',(-81.7814007771653,-45.7977958726996,-3.36985575619562));
#11620=CARTESIAN_POINT('',(-82.7634636865709,-45.0057753301289,-3.50238278566666));
#11621=CARTESIAN_POINT('',(-83.6964299039392,-44.1791028067848,-3.37161310113771));
#11622=CARTESIAN_POINT('',(-82.7552809045647,-45.,-3.4585));
#11623=CARTESIAN_POINT('',(65.,-24.,5.));
#11624=CARTESIAN_POINT('',(65.,-24.,-5.));
#11625=CARTESIAN_POINT('',(92.5,-24.,-5.));
#11626=CARTESIAN_POINT('',(65.,-51.5,-5.));
#11627=CARTESIAN_POINT('',(65.,-51.5,5.));
#11628=CARTESIAN_POINT('',(65.,-51.5,5.));
#11629=CARTESIAN_POINT('',(65.,-24.,5.));
#11630=CARTESIAN_POINT('',(92.5,-24.,5.));
#11631=CARTESIAN_POINT('',(92.5,-24.,5.));
#11632=CARTESIAN_POINT('',(40.,24.7876522993259,5.));
#11633=CARTESIAN_POINT('',(40.,24.7876522993259,-5.));
#11634=CARTESIAN_POINT('',(66.0472942637338,70.37041726086,-5.));
#11635=CARTESIAN_POINT('',(84.8900713307796,52.0113826814304,-5.));
#11636=CARTESIAN_POINT('',(84.8900713307794,52.0113826814305,-108.435754436789));
#11637=CARTESIAN_POINT('',(84.8900713307795,52.0113826814306,5.));
#11638=CARTESIAN_POINT('',(40.,24.7876522993259,5.));
#11639=CARTESIAN_POINT('',(66.0472942637338,70.37041726086,5.));
#11640=CARTESIAN_POINT('',(66.0472942637338,70.37041726086,5.));
#11641=CARTESIAN_POINT('',(-40.,24.7876522993259,5.));
#11642=CARTESIAN_POINT('',(-40.,24.7876522993259,-5.));
#11643=CARTESIAN_POINT('',(-92.5,24.7876522993259,-5.));
#11644=CARTESIAN_POINT('',(-85.908529540123,50.256396191863,-5.));
#11645=CARTESIAN_POINT('',(-85.908529540123,50.2563961918629,-108.435754436789));
#11646=CARTESIAN_POINT('',(-85.9085295401231,50.2563961918629,5.));
#11647=CARTESIAN_POINT('',(-40.,24.7876522993259,5.));
#11648=CARTESIAN_POINT('',(-92.5,24.7876522993259,5.));
#11649=CARTESIAN_POINT('',(-92.5,24.7876522993259,5.));
#11650=CARTESIAN_POINT('',(-65.,-24.,5.));
#11651=CARTESIAN_POINT('',(-65.,-24.,-5.));
#11652=CARTESIAN_POINT('',(-65.,-51.5,-5.));
#11653=CARTESIAN_POINT('',(-92.5,-24.,-5.));
#11654=CARTESIAN_POINT('',(-92.5,-24.,5.));
#11655=CARTESIAN_POINT('',(-92.5,-24.,5.));
#11656=CARTESIAN_POINT('',(-65.,-24.,5.));
#11657=CARTESIAN_POINT('',(-65.,-51.5,5.));
#11658=CARTESIAN_POINT('',(-65.,-51.5,5.));
#11659=CARTESIAN_POINT('',(32.7875289019139,86.4966197003647,5.));
#11660=CARTESIAN_POINT('',(32.7875289019139,86.4966197003647,-5.));
#11661=CARTESIAN_POINT('',(34.027876247806,88.6672275556759,-5.));
#11662=CARTESIAN_POINT('',(34.027876247806,88.6672275556759,5.));
#11663=CARTESIAN_POINT('',(34.027876247806,88.6672275556759,5.));
#11664=CARTESIAN_POINT('',(33.40770257486,87.5819236280203,6.25));
#11665=CARTESIAN_POINT('',(34.027876247806,88.6672275556759,5.));
#11666=CARTESIAN_POINT('',(34.027876247806,88.6672275556759,-5.));
#11667=CARTESIAN_POINT('',(34.027876247806,88.6672275556759,5.));
#11668=CARTESIAN_POINT('',(92.5,24.7876522993259,5.));
#11669=CARTESIAN_POINT('',(92.5,24.7876522993259,-5.));
#11670=CARTESIAN_POINT('',(92.5,24.7876522993259,5.));
#11671=CARTESIAN_POINT('',(65.,-51.5,5.));
#11672=CARTESIAN_POINT('',(65.,-51.5,-5.));
#11673=CARTESIAN_POINT('',(65.,-51.5,5.));
#11674=CARTESIAN_POINT('',(-92.5,-24.,5.));
#11675=CARTESIAN_POINT('',(-92.5,-24.,-5.));
#11676=CARTESIAN_POINT('',(-92.5,-24.,5.));
#11677=CARTESIAN_POINT('',(-66.0472942637338,70.37041726086,5.));
#11678=CARTESIAN_POINT('',(-66.0472942637338,70.37041726086,-5.));
#11679=CARTESIAN_POINT('',(-34.027876247806,88.6672275556759,-5.));
#11680=CARTESIAN_POINT('',(-34.027876247806,88.6672275556759,5.));
#11681=CARTESIAN_POINT('',(-34.027876247806,88.6672275556759,5.));
#11682=CARTESIAN_POINT('',(-66.0472942637338,70.37041726086,5.));
#11683=CARTESIAN_POINT('',(-32.7875289019139,86.4966197003647,5.));
#11684=CARTESIAN_POINT('',(-32.7875289019139,86.4966197003647,-5.));
#11685=CARTESIAN_POINT('',(-33.40770257486,87.5819236280203,6.25));
#11686=CARTESIAN_POINT('',(-40.,24.7876522993259,-5.));
#11687=CARTESIAN_POINT('',(86.,51.4824889310021,-5.));
#11688=CARTESIAN_POINT('',(-86.,51.4824889310021,-5.));
#11689=CARTESIAN_POINT('',(-23.3608890731341,70.,15.));
#11690=CARTESIAN_POINT('',(-23.3608890731341,91.,15.));
#11691=CARTESIAN_POINT('',(-23.3608890731341,91.,15.));
#11692=CARTESIAN_POINT('',(-23.3608890731341,91.,17.5));
#11693=CARTESIAN_POINT('',(-23.3608890731341,70.,17.5));
#11694=CARTESIAN_POINT('',(-33.7798067786276,88.2331059846136,17.5));
#11695=CARTESIAN_POINT('',(-33.7798067786276,88.2331059846136,15.));
#11696=CARTESIAN_POINT('',(-33.7798067786276,88.2331059846136,15.));
#11697=CARTESIAN_POINT('',(-23.3608890731341,70.,15.));
#11698=CARTESIAN_POINT('',(-33.7798067786276,88.2331059846136,15.));
#11699=CARTESIAN_POINT('',(-89.4806946917841,56.4040271770956,17.5));
#11700=CARTESIAN_POINT('',(-89.4806946917842,56.4040271770956,17.5));
#11701=CARTESIAN_POINT('',(-89.4806946917842,56.4040271770956,15.));
#11702=CARTESIAN_POINT('',(-89.4806946917842,56.4040271770956,15.));
#11703=CARTESIAN_POINT('',(-33.7798067786276,88.2331059846136,15.));
#11704=CARTESIAN_POINT('',(-92.,54.9644241438294,15.));
#11705=CARTESIAN_POINT('',(-92.,52.0628114664733,18.));
#11706=CARTESIAN_POINT('',(-92.,52.0628114664733,15.));
#11707=CARTESIAN_POINT('',(-92.,52.0628114664733,17.5));
#11708=CARTESIAN_POINT('',(-92.,-46.,17.5));
#11709=CARTESIAN_POINT('',(-92.,-46.,17.5));
#11710=CARTESIAN_POINT('',(-92.,-46.,15.));
#11711=CARTESIAN_POINT('',(-92.,-46.,15.));
#11712=CARTESIAN_POINT('',(-92.,54.9644241438294,15.));
#11713=CARTESIAN_POINT('',(-92.,-51.,15.));
#11714=CARTESIAN_POINT('',(-87.,-51.,18.));
#11715=CARTESIAN_POINT('',(-87.,-51.,15.));
#11716=CARTESIAN_POINT('',(-87.,-51.,17.5));
#11717=CARTESIAN_POINT('',(87.,-51.,17.5));
#11718=CARTESIAN_POINT('',(87.,-51.,17.5));
#11719=CARTESIAN_POINT('',(87.,-51.,15.));
#11720=CARTESIAN_POINT('',(87.,-51.,15.));
#11721=CARTESIAN_POINT('',(-92.,-51.,15.));
#11722=CARTESIAN_POINT('',(92.,-51.,15.));
#11723=CARTESIAN_POINT('',(92.,-46.,18.));
#11724=CARTESIAN_POINT('',(92.,-46.,15.));
#11725=CARTESIAN_POINT('',(92.,-46.,17.5));
#11726=CARTESIAN_POINT('',(92.,52.0628114664733,17.5));
#11727=CARTESIAN_POINT('',(92.,52.0628114664733,17.5));
#11728=CARTESIAN_POINT('',(92.,52.0628114664733,15.));
#11729=CARTESIAN_POINT('',(92.,52.0628114664733,15.));
#11730=CARTESIAN_POINT('',(92.,-51.,15.));
#11731=CARTESIAN_POINT('',(92.,54.9644241438294,15.));
#11732=CARTESIAN_POINT('',(89.4806946917842,56.4040271770956,18.));
#11733=CARTESIAN_POINT('',(89.4806946917842,56.4040271770956,15.));
#11734=CARTESIAN_POINT('',(89.4806946917842,56.4040271770956,17.5));
#11735=CARTESIAN_POINT('',(33.7798067786276,88.2331059846136,17.5));
#11736=CARTESIAN_POINT('',(33.7798067786276,88.2331059846136,17.5));
#11737=CARTESIAN_POINT('',(33.7798067786276,88.2331059846136,15.));
#11738=CARTESIAN_POINT('',(33.7798067786276,88.2331059846136,15.));
#11739=CARTESIAN_POINT('',(92.,54.9644241438294,15.));
#11740=CARTESIAN_POINT('',(23.3608890731341,70.,15.));
#11741=CARTESIAN_POINT('',(23.3608890731341,70.,17.5));
#11742=CARTESIAN_POINT('',(23.3608890731341,91.,17.5));
#11743=CARTESIAN_POINT('',(23.3608890731341,91.,15.));
#11744=CARTESIAN_POINT('',(23.3608890731341,91.,15.));
#11745=CARTESIAN_POINT('',(23.3608890731341,70.,15.));
#11746=CARTESIAN_POINT('',(23.3608890731341,91.,15.));
#11747=CARTESIAN_POINT('',(-23.3608890731341,91.,17.5));
#11748=CARTESIAN_POINT('',(23.3608890731341,91.,15.));
#11749=CARTESIAN_POINT('',(-23.3608890731341,70.,15.));
#11750=CARTESIAN_POINT('',(-40.,24.7876522993259,15.));
#11751=CARTESIAN_POINT('',(-90.5,24.7876522993259,15.));
#11752=CARTESIAN_POINT('',(-65.0550163870201,68.6339309766111,15.));
#11753=CARTESIAN_POINT('',(-33.0355983710923,86.930741271427,15.));
#11754=CARTESIAN_POINT('',(-33.0355983710923,86.930741271427,15.));
#11755=CARTESIAN_POINT('',(-23.3608890731341,70.,15.));
#11756=CARTESIAN_POINT('',(-23.3608890731341,89.5,15.));
#11757=CARTESIAN_POINT('',(-23.3608890731341,89.5,15.));
#11758=CARTESIAN_POINT('',(23.3608890731341,89.5,15.));
#11759=CARTESIAN_POINT('',(23.3608890731341,70.,15.));
#11760=CARTESIAN_POINT('',(33.0355983710923,86.930741271427,15.));
#11761=CARTESIAN_POINT('',(-2.18543438532518,107.057045703666,15.));
#11762=CARTESIAN_POINT('',(65.0550163870201,68.6339309766111,15.));
#11763=CARTESIAN_POINT('',(40.,24.7876522993259,15.));
#11764=CARTESIAN_POINT('',(90.5,24.7876522993259,15.));
#11765=CARTESIAN_POINT('',(90.5,70.,15.));
#11766=CARTESIAN_POINT('',(90.5,-24.,15.));
#11767=CARTESIAN_POINT('',(65.,-24.,15.));
#11768=CARTESIAN_POINT('',(65.,-49.5,15.));
#11769=CARTESIAN_POINT('',(-23.3608890731341,-49.5,15.));
#11770=CARTESIAN_POINT('',(-65.,-49.5,15.));
#11771=CARTESIAN_POINT('',(-65.,-24.,15.));
#11772=CARTESIAN_POINT('',(-90.5,-24.,15.));
#11773=CARTESIAN_POINT('',(-90.5,70.,15.));
#11774=CARTESIAN_POINT('',(86.,-45.,15.));
#11775=CARTESIAN_POINT('',(87.2295,-45.,15.));
#11776=CARTESIAN_POINT('',(86.,51.4824889310021,15.));
#11777=CARTESIAN_POINT('',(87.2295,51.4824889310021,15.));
#11778=CARTESIAN_POINT('',(-86.,51.4824889310021,15.));
#11779=CARTESIAN_POINT('',(-84.7705,51.4824889310021,15.));
#11780=CARTESIAN_POINT('',(-86.,-45.,15.));
#11781=CARTESIAN_POINT('',(-84.7705,-45.,15.));
#11782=CARTESIAN_POINT('',(87.,52.0628114664733,15.));
#11783=CARTESIAN_POINT('',(-87.,52.0628114664733,15.));
#11784=CARTESIAN_POINT('',(-87.,-46.,15.));
#11785=CARTESIAN_POINT('',(87.,-46.,15.));
#11786=CARTESIAN_POINT('',(-17.5,35.5,-16.));
#11787=CARTESIAN_POINT('',(1.49999999999999,35.5,8.));
#11788=CARTESIAN_POINT('',(-8.00000000000001,35.5,-4.));
#11789=CARTESIAN_POINT('',(-86.,-45.,18.));
#11790=CARTESIAN_POINT('',(-86.,-45.,18.));
#11791=CARTESIAN_POINT('',(-86.,51.4824889310021,18.));
#11792=CARTESIAN_POINT('',(-84.8900713307795,52.0113826814306,5.));
#11793=CARTESIAN_POINT('',(-84.8160657763643,51.8560757101148,5.14381237581208));
#11794=CARTESIAN_POINT('',(-84.7198894269137,51.5019002857356,5.40946209241764));
#11795=CARTESIAN_POINT('',(-84.8793190776119,50.8328738744474,5.61225327735639));
#11796=CARTESIAN_POINT('',(-85.3806255799396,50.3618700700441,5.41021176055205));
#11797=CARTESIAN_POINT('',(-85.7368386056517,50.2692048875116,5.14392108472152));
#11798=CARTESIAN_POINT('',(-85.9085295401232,50.2563961918629,5.00000000000003));
#11799=CARTESIAN_POINT('',(86.,51.4824889310021,18.));
#11800=CARTESIAN_POINT('',(85.9085295401232,50.2563961918629,5.));
#11801=CARTESIAN_POINT('',(85.736968290154,50.2691952126309,5.14381237581208));
#11802=CARTESIAN_POINT('',(85.3817410749163,50.3614109758294,5.40946209241763));
#11803=CARTESIAN_POINT('',(84.8799627390553,50.8317647301286,5.61225327735636));
#11804=CARTESIAN_POINT('',(84.7197345918238,51.5007039903557,5.41021176055204));
#11805=CARTESIAN_POINT('',(84.8160098349819,51.8559583123499,5.14392108472151));
#11806=CARTESIAN_POINT('',(84.8900713307795,52.0113826814306,5.00000000000002));
#11807=CARTESIAN_POINT('',(86.,-45.,18.));
#11808=CARTESIAN_POINT('',(86.,-45.,18.));
#11809=CARTESIAN_POINT('',(-87.,52.0628114664733,15.));
#11810=CARTESIAN_POINT('',(-87.,52.0628114664733,17.5));
#11811=CARTESIAN_POINT('',(-87.,-46.,15.));
#11812=CARTESIAN_POINT('',(-87.,-46.,17.5));
#11813=CARTESIAN_POINT('',(87.,-46.,15.));
#11814=CARTESIAN_POINT('',(87.,-46.,17.5));
#11815=CARTESIAN_POINT('',(87.,52.0628114664733,15.));
#11816=CARTESIAN_POINT('',(87.,52.0628114664733,17.5));
#11817=CARTESIAN_POINT('',(-66.0472942637338,70.37041726086,5.));
#11818=CARTESIAN_POINT('',(-66.0472942637338,70.37041726086,5.));
#11819=CARTESIAN_POINT('',(-40.,24.7876522993259,5.));
#11820=CARTESIAN_POINT('',(-92.5,24.7876522993259,5.));
#11821=CARTESIAN_POINT('',(-92.5,24.7876522993259,5.));
#11822=CARTESIAN_POINT('',(-92.5,-24.,5.));
#11823=CARTESIAN_POINT('',(-65.,-24.,5.));
#11824=CARTESIAN_POINT('',(-65.,-51.5,5.));
#11825=CARTESIAN_POINT('',(-40.,-51.5,5.));
#11826=CARTESIAN_POINT('',(65.,-51.5,5.));
#11827=CARTESIAN_POINT('',(65.,-24.,5.));
#11828=CARTESIAN_POINT('',(92.5,-24.,5.));
#11829=CARTESIAN_POINT('',(92.5,24.7876522993259,5.));
#11830=CARTESIAN_POINT('',(92.5,24.7876522993259,5.));
#11831=CARTESIAN_POINT('',(40.,24.7876522993259,5.));
#11832=CARTESIAN_POINT('',(66.0472942637338,70.37041726086,5.));
#11833=CARTESIAN_POINT('',(5.73960195604148,104.831955722398,5.));
#11834=CARTESIAN_POINT('',(-99.,54.4196774645288,18.));
#11835=CARTESIAN_POINT('',(-99.,54.4196774645288,-19.5));
#11836=CARTESIAN_POINT('',(-99.,54.4196774645288,17.));
#11837=CARTESIAN_POINT('',(-99.8649100931186,54.921604282722,16.1350899068814));
#11838=CARTESIAN_POINT('',(-99.,54.4196774645288,17.));
#11839=CARTESIAN_POINT('',(99.,-54.,18.));
#11840=CARTESIAN_POINT('',(99.,-54.,-19.5));
#11841=CARTESIAN_POINT('',(99.,-54.,17.));
#11842=CARTESIAN_POINT('',(99.7071067811866,-54.7071067811865,16.2928932188135));
#11843=CARTESIAN_POINT('',(99.,-54.,17.));
#11844=CARTESIAN_POINT('',(99.,54.4196774645288,18.));
#11845=CARTESIAN_POINT('',(99.,54.4196774645288,-19.5));
#11846=CARTESIAN_POINT('',(99.,54.4196774645288,17.));
#11847=CARTESIAN_POINT('',(99.8649100931186,54.921604282722,16.1350899068814));
#11848=CARTESIAN_POINT('',(99.,54.4196774645288,17.));
#11849=CARTESIAN_POINT('',(-99.,-54.,18.));
#11850=CARTESIAN_POINT('',(-99.,-54.,-19.5));
#11851=CARTESIAN_POINT('',(-99.,-54.,17.));
#11852=CARTESIAN_POINT('',(-99.7071067811866,-54.7071067811866,16.2928932188135));
#11853=CARTESIAN_POINT('',(-99.,-54.,17.));
#11854=CARTESIAN_POINT('',(47.3154144309787,82.8019752542126,18.));
#11855=CARTESIAN_POINT('',(34.7720846553413,89.9695922688625,18.));
#11856=CARTESIAN_POINT('',(84.6293498291205,46.0800653209939,31.3706501708795));
#11857=CARTESIAN_POINT('',(23.3608890731341,70.,18.));
#11858=CARTESIAN_POINT('',(23.3608890731341,93.,18.));
#11859=CARTESIAN_POINT('',(98.,0.,18.));
#11860=CARTESIAN_POINT('',(65.3333333333333,-20.3333333333333,50.6666666666667));
#11861=CARTESIAN_POINT('',(-2.15105711021124E-14,93.,18.));
#11862=CARTESIAN_POINT('',(-23.3608890731341,93.,18.));
#11863=CARTESIAN_POINT('',(0.,-53.,18.));
#11864=CARTESIAN_POINT('',(-80.3333333333333,-35.3333333333333,35.6666666666667));
#11865=CARTESIAN_POINT('',(-23.3608890731341,70.,18.));
#11866=CARTESIAN_POINT('',(-34.7720846553413,89.9695922688626,18.));
#11867=CARTESIAN_POINT('',(-98.,0.,18.));
#11868=CARTESIAN_POINT('',(-84.6293498291206,46.0800653209941,31.3706501708794));
#11869=CARTESIAN_POINT('',(-47.3154144309786,82.8019752542126,18.));
#11870=CARTESIAN_POINT('',(90.,-55.,14.5));
#11871=CARTESIAN_POINT('',(90.5,-24.,15.));
#11872=CARTESIAN_POINT('',(90.,24.7876522993259,14.5));
#11873=CARTESIAN_POINT('',(40.,24.7876522993259,14.5));
#11874=CARTESIAN_POINT('',(64.8069469178417,68.1998094055489,14.5));
#11875=CARTESIAN_POINT('',(65.,-24.,15.));
#11876=CARTESIAN_POINT('',(65.,-49.5,15.));
#11877=CARTESIAN_POINT('',(97.023166369859,49.7905411472532,14.5));
#11878=CARTESIAN_POINT('',(32.7875289019139,86.4966197003647,14.5));
#11879=CARTESIAN_POINT('',(-100.,-49.,14.5));
#11880=CARTESIAN_POINT('',(-65.,-49.5,15.));
#11881=CARTESIAN_POINT('',(23.3608890731341,70.,15.));
#11882=CARTESIAN_POINT('',(23.3608890731341,89.,14.5));
#11883=CARTESIAN_POINT('',(-65.,-24.,15.));
#11884=CARTESIAN_POINT('',(-90.5,-24.,15.));
#11885=CARTESIAN_POINT('',(30.,89.,14.5));
#11886=CARTESIAN_POINT('',(-23.3608890731341,89.,14.5));
#11887=CARTESIAN_POINT('',(-90.,55.,14.5));
#11888=CARTESIAN_POINT('',(-90.5,24.7876522993259,15.));
#11889=CARTESIAN_POINT('',(-23.3608890731341,70.,15.));
#11890=CARTESIAN_POINT('',(-32.7875289019139,86.4966197003647,14.5));
#11891=CARTESIAN_POINT('',(-40.,24.7876522993259,14.5));
#11892=CARTESIAN_POINT('',(-65.0550163870201,68.6339309766111,15.));
#11893=CARTESIAN_POINT('',(-27.023166369859,89.7905411472533,14.5));
#11894=CARTESIAN_POINT('',(87.,52.0628114664733,18.));
#11895=CARTESIAN_POINT('',(89.4806946917842,56.4040271770956,17.5));
#11896=CARTESIAN_POINT('',(92.5,52.0628114664733,18.));
#11897=CARTESIAN_POINT('',(92.,-51.,17.5));
#11898=CARTESIAN_POINT('',(92.5,-46.,18.));
#11899=CARTESIAN_POINT('',(92.,54.9644241438294,17.5));
#11900=CARTESIAN_POINT('',(33.7798067786276,88.2331059846136,17.5));
#11901=CARTESIAN_POINT('',(87.,-46.,18.));
#11902=CARTESIAN_POINT('',(87.,-51.5,18.));
#11903=CARTESIAN_POINT('',(23.3608890731341,70.,17.5));
#11904=CARTESIAN_POINT('',(23.3608890731341,91.,17.5));
#11905=CARTESIAN_POINT('',(-92.,-51.,17.5));
#11906=CARTESIAN_POINT('',(-87.,-51.5,18.));
#11907=CARTESIAN_POINT('',(23.3608890731341,91.,17.5));
#11908=CARTESIAN_POINT('',(-23.3608890731341,91.,17.5));
#11909=CARTESIAN_POINT('',(-87.,-46.,18.));
#11910=CARTESIAN_POINT('',(-92.5,-46.,18.));
#11911=CARTESIAN_POINT('',(-23.3608890731341,70.,17.5));
#11912=CARTESIAN_POINT('',(-33.7798067786276,88.2331059846136,17.5));
#11913=CARTESIAN_POINT('',(-92.,54.9644241438294,17.5));
#11914=CARTESIAN_POINT('',(-92.5,52.0628114664733,18.));
#11915=CARTESIAN_POINT('',(-33.7798067786276,88.2331059846136,17.5));
#11916=CARTESIAN_POINT('',(-89.4806946917842,56.4040271770956,17.5));
#11917=CARTESIAN_POINT('',(-87.,52.0628114664733,18.));
#11918=CARTESIAN_POINT('',(-2.07010334799899E-14,89.5,-20.));
#11919=CARTESIAN_POINT('',(23.3608890731341,89.,-19.5));
#11920=CARTESIAN_POINT('',(23.3608890731341,70.,-19.5));
#11921=CARTESIAN_POINT('',(32.7875289019139,86.4966197003647,-19.5));
#11922=CARTESIAN_POINT('',(45.5789281467297,79.763124256777,-20.));
#11923=CARTESIAN_POINT('',(64.8069469178417,68.1998094055488,-19.5));
#11924=CARTESIAN_POINT('',(40.,24.7876522993259,-19.5));
#11925=CARTESIAN_POINT('',(90.,24.7876522993259,-19.5));
#11926=CARTESIAN_POINT('',(90.5,0.,-20.));
#11927=CARTESIAN_POINT('',(90.,-24.,-19.5));
#11928=CARTESIAN_POINT('',(65.,-24.,-20.));
#11929=CARTESIAN_POINT('',(65.,-49.,-19.5));
#11930=CARTESIAN_POINT('',(0.,-49.5,-20.));
#11931=CARTESIAN_POINT('',(-65.,-49.,-19.5));
#11932=CARTESIAN_POINT('',(-65.,-24.,-20.));
#11933=CARTESIAN_POINT('',(-90.,-24.,-19.5));
#11934=CARTESIAN_POINT('',(-90.5,0.,-20.));
#11935=CARTESIAN_POINT('',(-90.,24.7876522993259,-19.5));
#11936=CARTESIAN_POINT('',(-40.,24.7876522993259,-19.5));
#11937=CARTESIAN_POINT('',(-64.8069469178417,68.1998094055489,-19.5));
#11938=CARTESIAN_POINT('',(-45.5789281467297,79.763124256777,-20.));
#11939=CARTESIAN_POINT('',(-32.7875289019139,86.4966197003647,-19.5));
#11940=CARTESIAN_POINT('',(-23.3608890731341,70.,-19.5));
#11941=CARTESIAN_POINT('',(-23.3608890731341,89.,-19.5));
#11942=CARTESIAN_POINT('',(-2.07010334799899E-14,89.5,-20.));
#11943=CARTESIAN_POINT('',(30.,95.,-19.5));
#11944=CARTESIAN_POINT('',(23.3608890731341,94.5,-20.));
#11945=CARTESIAN_POINT('',(23.3608890731341,70.,-20.));
#11946=CARTESIAN_POINT('',(35.5162930628765,91.2719569820492,-20.));
#11947=CARTESIAN_POINT('',(100.,55.,-19.5));
#11948=CARTESIAN_POINT('',(99.2480694691784,54.853799035591,-20.));
#11949=CARTESIAN_POINT('',(99.,54.4196774645288,-20.));
#11950=CARTESIAN_POINT('',(99.5,54.4196774645288,-20.));
#11951=CARTESIAN_POINT('',(100.,-55.,-19.5));
#11952=CARTESIAN_POINT('',(99.5,-54.,-20.));
#11953=CARTESIAN_POINT('',(99.,-54.,-20.));
#11954=CARTESIAN_POINT('',(99.,-54.5,-20.));
#11955=CARTESIAN_POINT('',(-100.,-55.,-19.5));
#11956=CARTESIAN_POINT('',(-99.,-54.5,-20.));
#11957=CARTESIAN_POINT('',(-99.,-54.,-20.));
#11958=CARTESIAN_POINT('',(-99.5,-54.,-20.));
#11959=CARTESIAN_POINT('',(-100.,55.,-19.5));
#11960=CARTESIAN_POINT('',(-99.5,54.4196774645288,-20.));
#11961=CARTESIAN_POINT('',(-99.,54.4196774645288,-20.));
#11962=CARTESIAN_POINT('',(-99.2480694691784,54.853799035591,-20.));
#11963=CARTESIAN_POINT('',(-30.,95.,-19.5));
#11964=CARTESIAN_POINT('',(-35.5162930628765,91.2719569820492,-20.));
#11965=CARTESIAN_POINT('',(-23.3608890731341,70.,-20.));
#11966=CARTESIAN_POINT('',(-23.3608890731341,94.5,-20.));
#11967=CARTESIAN_POINT('',(30.,95.,-19.5));
#11968=CARTESIAN_POINT('',(-6.93889390390723E-14,-2.10585580995887E-13,
5.29090660172928E-14));
#11969=CARTESIAN_POINT('',(125.767964026414,-0.288668950194512,1.13185140705766));
#11970=CARTESIAN_POINT('',(-125.767964026414,-0.288668950194512,1.13185140705764));
#11971=CARTESIAN_POINT('',(98.9999999999999,54.4196774645288,-23.));
#11972=CARTESIAN_POINT('',(98.9999999999999,54.4196774645288,-20.));
#11973=CARTESIAN_POINT('',(99.9999999999999,54.4196774645288,-20.));
#11974=CARTESIAN_POINT('',(99.4961389383568,55.2879206066532,-20.));
#11975=CARTESIAN_POINT('',(99.9999999999999,54.4196774645288,-23.));
#11976=CARTESIAN_POINT('',(99.9999999999999,54.4196774645288,-23.));
#11977=CARTESIAN_POINT('',(98.9999999999999,54.4196774645288,-23.));
#11978=CARTESIAN_POINT('',(99.4961389383568,55.2879206066532,-23.));
#11979=CARTESIAN_POINT('',(99.4961389383568,55.2879206066532,-23.));
#11980=CARTESIAN_POINT('',(99.4961389383568,55.2879206066532,-23.));
#11981=CARTESIAN_POINT('',(99.4961389383568,55.2879206066532,-20.));
#11982=CARTESIAN_POINT('',(35.7643625320548,91.7060785531113,-20.));
#11983=CARTESIAN_POINT('',(99.4961389383568,55.2879206066532,-23.));
#11984=CARTESIAN_POINT('',(35.7643625320548,91.7060785531113,-23.));
#11985=CARTESIAN_POINT('',(35.7643625320548,91.7060785531113,-23.));
#11986=CARTESIAN_POINT('',(23.360889073134,69.9999999999998,-23.));
#11987=CARTESIAN_POINT('',(23.360889073134,69.9999999999998,-20.));
#11988=CARTESIAN_POINT('',(23.360889073134,94.9999999999998,-20.));
#11989=CARTESIAN_POINT('',(23.360889073134,69.9999999999998,-23.));
#11990=CARTESIAN_POINT('',(23.360889073134,94.9999999999998,-23.));
#11991=CARTESIAN_POINT('',(23.360889073134,94.9999999999998,-23.));
#11992=CARTESIAN_POINT('',(13.9499999999999,94.9999999999998,-23.));
#11993=CARTESIAN_POINT('',(13.9499999999999,94.9999999999998,-20.));
#11994=CARTESIAN_POINT('',(-23.3608890731342,94.9999999999997,-20.));
#11995=CARTESIAN_POINT('',(23.360889073134,94.9999999999998,-23.));
#11996=CARTESIAN_POINT('',(-23.3608890731342,94.9999999999997,-23.));
#11997=CARTESIAN_POINT('',(-23.3608890731342,94.9999999999997,-23.));
#11998=CARTESIAN_POINT('',(-23.3608890731342,69.9999999999996,-23.));
#11999=CARTESIAN_POINT('',(-23.3608890731342,69.9999999999996,-20.));
#12000=CARTESIAN_POINT('',(-35.764362532055,91.7060785531111,-20.));
#12001=CARTESIAN_POINT('',(-23.3608890731342,69.9999999999996,-23.));
#12002=CARTESIAN_POINT('',(-35.764362532055,91.7060785531111,-23.));
#12003=CARTESIAN_POINT('',(-35.764362532055,91.7060785531111,-23.));
#12004=CARTESIAN_POINT('',(-35.764362532055,91.7060785531111,-23.));
#12005=CARTESIAN_POINT('',(-35.764362532055,91.7060785531111,-20.));
#12006=CARTESIAN_POINT('',(-99.4961389383569,55.2879206066527,-20.));
#12007=CARTESIAN_POINT('',(-35.764362532055,91.7060785531111,-23.));
#12008=CARTESIAN_POINT('',(-99.4961389383569,55.2879206066527,-23.));
#12009=CARTESIAN_POINT('',(-99.4961389383569,55.2879206066527,-23.));
#12010=CARTESIAN_POINT('',(-99.0000000000001,54.4196774645282,-23.));
#12011=CARTESIAN_POINT('',(-99.0000000000001,54.4196774645282,-20.));
#12012=CARTESIAN_POINT('',(-100.,54.4196774645282,-20.));
#12013=CARTESIAN_POINT('',(-99.0000000000001,54.4196774645282,-23.));
#12014=CARTESIAN_POINT('',(-100.,54.4196774645282,-23.));
#12015=CARTESIAN_POINT('',(-100.,54.4196774645282,-23.));
#12016=CARTESIAN_POINT('',(-100.,54.4196774645282,-23.));
#12017=CARTESIAN_POINT('',(-100.,54.4196774645282,-20.));
#12018=CARTESIAN_POINT('',(-100.,-54.0000000000006,-20.));
#12019=CARTESIAN_POINT('',(-100.,54.4196774645282,-23.));
#12020=CARTESIAN_POINT('',(-100.,-54.0000000000006,-23.));
#12021=CARTESIAN_POINT('',(-100.,-54.0000000000006,-23.));
#12022=CARTESIAN_POINT('',(-99.0000000000001,-54.0000000000006,-23.));
#12023=CARTESIAN_POINT('',(-99.0000000000001,-54.0000000000006,-20.));
#12024=CARTESIAN_POINT('',(-99.0000000000001,-55.0000000000006,-20.));
#12025=CARTESIAN_POINT('',(-99.0000000000001,-54.0000000000006,-23.));
#12026=CARTESIAN_POINT('',(-99.0000000000001,-55.0000000000006,-23.));
#12027=CARTESIAN_POINT('',(-99.0000000000001,-55.0000000000006,-23.));
#12028=CARTESIAN_POINT('',(-99.0000000000001,-55.0000000000006,-23.));
#12029=CARTESIAN_POINT('',(-99.0000000000001,-55.0000000000006,-20.));
#12030=CARTESIAN_POINT('',(98.9999999999999,-55.0000000000001,-20.));
#12031=CARTESIAN_POINT('',(-99.0000000000001,-55.0000000000006,-23.));
#12032=CARTESIAN_POINT('',(98.9999999999999,-55.0000000000001,-23.));
#12033=CARTESIAN_POINT('',(98.9999999999999,-55.0000000000001,-23.));
#12034=CARTESIAN_POINT('',(98.9999999999999,-54.0000000000001,-23.));
#12035=CARTESIAN_POINT('',(98.9999999999999,-54.0000000000001,-20.));
#12036=CARTESIAN_POINT('',(99.9999999999999,-54.0000000000001,-20.));
#12037=CARTESIAN_POINT('',(98.9999999999999,-54.0000000000001,-23.));
#12038=CARTESIAN_POINT('',(99.9999999999999,-54.0000000000001,-23.));
#12039=CARTESIAN_POINT('',(99.9999999999999,-54.0000000000001,-23.));
#12040=CARTESIAN_POINT('',(99.9999999999999,-54.0000000000001,-23.));
#12041=CARTESIAN_POINT('',(99.9999999999999,-54.0000000000001,-20.));
#12042=CARTESIAN_POINT('',(99.9999999999999,-54.0000000000001,-23.));
#12043=CARTESIAN_POINT('',(98.9999999999999,54.4196774645288,-23.));
#12044=CARTESIAN_POINT('',(48.895,-41.91,-23.));
#12045=CARTESIAN_POINT('',(48.895,-45.38,-23.));
#12046=CARTESIAN_POINT('',(-48.895,-41.91,-23.));
#12047=CARTESIAN_POINT('',(-48.895,-45.38,-23.));
#12048=CARTESIAN_POINT('',(-48.895,41.91,-23.));
#12049=CARTESIAN_POINT('',(-48.895,38.44,-23.));
#12050=CARTESIAN_POINT('',(48.895,41.91,-23.));
#12051=CARTESIAN_POINT('',(48.895,38.44,-23.));
#12052=CARTESIAN_POINT('',(-86.0000000000001,-45.0000000000005,-23.));
#12053=CARTESIAN_POINT('',(-86.0000000000001,-48.4700000000005,-23.));
#12054=CARTESIAN_POINT('',(-86.0000000000001,51.4824889310016,-23.));
#12055=CARTESIAN_POINT('',(-86.0000000000001,48.0124889310016,-23.));
#12056=CARTESIAN_POINT('',(85.9999999999999,-45.,-23.));
#12057=CARTESIAN_POINT('',(85.9999999999999,-48.47,-23.));
#12058=CARTESIAN_POINT('',(85.9999999999999,51.482488931002,-23.));
#12059=CARTESIAN_POINT('',(85.9999999999999,48.012488931002,-23.));
#12060=CARTESIAN_POINT('',(98.9999999999999,54.4196774645288,-20.));
#12061=CARTESIAN_POINT('',(48.895,-41.91,-20.));
#12062=CARTESIAN_POINT('',(50.495,-41.91,-20.));
#12063=CARTESIAN_POINT('',(-48.895,-41.91,-20.));
#12064=CARTESIAN_POINT('',(-47.295,-41.91,-20.));
#12065=CARTESIAN_POINT('',(-48.895,41.91,-20.));
#12066=CARTESIAN_POINT('',(-47.295,41.91,-20.));
#12067=CARTESIAN_POINT('',(48.895,41.91,-20.));
#12068=CARTESIAN_POINT('',(50.495,41.91,-20.));
#12069=CARTESIAN_POINT('',(-86.0000000000001,-45.0000000000005,-20.));
#12070=CARTESIAN_POINT('',(-84.4000000000001,-45.0000000000005,-20.));
#12071=CARTESIAN_POINT('',(-86.0000000000001,51.4824889310015,-20.));
#12072=CARTESIAN_POINT('',(-84.4000000000001,51.4824889310015,-20.));
#12073=CARTESIAN_POINT('',(86.,-45.,-20.));
#12074=CARTESIAN_POINT('',(87.6,-45.,-20.));
#12075=CARTESIAN_POINT('',(86.,51.482488931002,-20.));
#12076=CARTESIAN_POINT('',(87.6,51.482488931002,-20.));
#12077=CARTESIAN_POINT('',(85.9999999999999,51.482488931002,-23.));
#12078=CARTESIAN_POINT('',(86.,51.482488931002,-21.13));
#12079=CARTESIAN_POINT('',(86.,53.082488931002,-21.13));
#12080=CARTESIAN_POINT('',(86.,51.482488931002,-21.13));
#12081=CARTESIAN_POINT('',(85.9999999999999,-45.,-23.));
#12082=CARTESIAN_POINT('',(86.,-45.,-21.13));
#12083=CARTESIAN_POINT('',(86.,-43.4,-21.13));
#12084=CARTESIAN_POINT('',(86.,-45.,-21.13));
#12085=CARTESIAN_POINT('',(-86.0000000000001,51.4824889310016,-23.));
#12086=CARTESIAN_POINT('',(-86.0000000000001,51.4824889310015,-21.13));
#12087=CARTESIAN_POINT('',(-86.0000000000001,53.0824889310015,-21.13));
#12088=CARTESIAN_POINT('',(-86.0000000000001,51.4824889310015,-21.13));
#12089=CARTESIAN_POINT('',(-86.0000000000001,-45.0000000000005,-23.));
#12090=CARTESIAN_POINT('',(-86.0000000000001,-45.0000000000005,-21.13));
#12091=CARTESIAN_POINT('',(-86.0000000000001,-43.4000000000005,-21.13));
#12092=CARTESIAN_POINT('',(-86.0000000000001,-45.0000000000005,-21.13));
#12093=CARTESIAN_POINT('',(48.895,41.91,-23.));
#12094=CARTESIAN_POINT('',(48.895,41.91,-21.13));
#12095=CARTESIAN_POINT('',(48.895,43.51,-21.13));
#12096=CARTESIAN_POINT('',(48.895,41.91,-21.13));
#12097=CARTESIAN_POINT('',(-48.895,41.91,-23.));
#12098=CARTESIAN_POINT('',(-48.895,41.91,-21.13));
#12099=CARTESIAN_POINT('',(-48.895,43.51,-21.13));
#12100=CARTESIAN_POINT('',(-48.895,41.91,-21.13));
#12101=CARTESIAN_POINT('',(-48.895,-41.91,-23.));
#12102=CARTESIAN_POINT('',(-48.895,-41.91,-21.13));
#12103=CARTESIAN_POINT('',(-48.895,-40.31,-21.13));
#12104=CARTESIAN_POINT('',(-48.895,-41.91,-21.13));
#12105=CARTESIAN_POINT('',(48.895,-41.91,-23.));
#12106=CARTESIAN_POINT('',(48.895,-41.91,-21.13));
#12107=CARTESIAN_POINT('',(48.895,-40.31,-21.13));
#12108=CARTESIAN_POINT('',(48.895,-41.91,-21.13));
#12109=CARTESIAN_POINT('',(0.,0.,0.));
#12110=CARTESIAN_POINT('',(-87.0000000000001,52.062811466473,18.0000000000001));
#12111=CARTESIAN_POINT('',(-87.0000000000001,52.062811466473,15.0000000000001));
#12112=CARTESIAN_POINT('',(-89.4806946917842,56.4040271770953,15.0000000000001));
#12113=CARTESIAN_POINT('',(-92.0000000000001,52.062811466473,15.0000000000001));
#12114=CARTESIAN_POINT('',(-92.0000000000001,52.062811466473,18.0000000000001));
#12115=CARTESIAN_POINT('',(-92.0000000000001,52.062811466473,18.0000000000001));
#12116=CARTESIAN_POINT('',(-87.0000000000001,52.062811466473,18.0000000000001));
#12117=CARTESIAN_POINT('',(-89.4806946917842,56.4040271770953,18.0000000000001));
#12118=CARTESIAN_POINT('',(-89.4806946917842,56.4040271770953,18.0000000000001));
#12119=CARTESIAN_POINT('',(-92.0000000000001,52.062811466473,18.0000000000001));
#12120=CARTESIAN_POINT('',(-92.0000000000001,52.062811466473,15.0000000000001));
#12121=CARTESIAN_POINT('',(-92.0000000000001,-46.0000000000004,15.0000000000001));
#12122=CARTESIAN_POINT('',(-92.0000000000001,-46.0000000000004,18.0000000000001));
#12123=CARTESIAN_POINT('',(-92.0000000000001,-46.0000000000004,18.0000000000001));
#12124=CARTESIAN_POINT('',(-92.0000000000001,52.062811466473,18.0000000000001));
#12125=CARTESIAN_POINT('',(-87.0000000000001,-46.0000000000004,18.0000000000001));
#12126=CARTESIAN_POINT('',(-87.0000000000001,-46.0000000000004,15.0000000000001));
#12127=CARTESIAN_POINT('',(-87.0000000000001,-51.0000000000004,15.0000000000001));
#12128=CARTESIAN_POINT('',(-87.0000000000001,-51.0000000000004,18.0000000000001));
#12129=CARTESIAN_POINT('',(-87.0000000000001,-51.0000000000004,18.0000000000001));
#12130=CARTESIAN_POINT('',(-87.0000000000001,-46.0000000000004,18.0000000000001));
#12131=CARTESIAN_POINT('',(-87.0000000000001,-51.0000000000004,18.0000000000001));
#12132=CARTESIAN_POINT('',(-87.0000000000001,-51.0000000000004,15.0000000000001));
#12133=CARTESIAN_POINT('',(87.,-50.9999999999999,15.0000000000001));
#12134=CARTESIAN_POINT('',(87.,-50.9999999999999,18.0000000000001));
#12135=CARTESIAN_POINT('',(87.,-50.9999999999999,18.0000000000001));
#12136=CARTESIAN_POINT('',(-87.0000000000001,-51.0000000000004,18.0000000000001));
#12137=CARTESIAN_POINT('',(87.,-45.9999999999999,18.0000000000001));
#12138=CARTESIAN_POINT('',(87.,-45.9999999999999,15.0000000000001));
#12139=CARTESIAN_POINT('',(92.,-45.9999999999999,15.0000000000001));
#12140=CARTESIAN_POINT('',(92.,-45.9999999999999,18.0000000000001));
#12141=CARTESIAN_POINT('',(92.,-45.9999999999999,18.0000000000001));
#12142=CARTESIAN_POINT('',(87.,-45.9999999999999,18.0000000000001));
#12143=CARTESIAN_POINT('',(92.,-45.9999999999999,18.0000000000001));
#12144=CARTESIAN_POINT('',(92.,-45.9999999999999,15.0000000000001));
#12145=CARTESIAN_POINT('',(92.,52.0628114664734,15.0000000000001));
#12146=CARTESIAN_POINT('',(92.,52.0628114664734,18.0000000000001));
#12147=CARTESIAN_POINT('',(92.,52.0628114664734,18.0000000000001));
#12148=CARTESIAN_POINT('',(92.,-45.9999999999999,18.0000000000001));
#12149=CARTESIAN_POINT('',(87.,52.0628114664734,18.0000000000001));
#12150=CARTESIAN_POINT('',(87.,52.0628114664734,15.0000000000001));
#12151=CARTESIAN_POINT('',(89.4806946917841,56.4040271770957,15.0000000000001));
#12152=CARTESIAN_POINT('',(89.4806946917841,56.4040271770957,18.0000000000001));
#12153=CARTESIAN_POINT('',(89.4806946917841,56.4040271770957,18.0000000000001));
#12154=CARTESIAN_POINT('',(87.,52.0628114664734,18.0000000000001));
#12155=CARTESIAN_POINT('',(89.4806946917841,56.4040271770957,18.0000000000001));
#12156=CARTESIAN_POINT('',(89.4806946917841,56.4040271770957,15.0000000000001));
#12157=CARTESIAN_POINT('',(33.7798067786275,88.2331059846137,15.0000000000001));
#12158=CARTESIAN_POINT('',(33.7798067786275,88.2331059846137,18.0000000000001));
#12159=CARTESIAN_POINT('',(33.7798067786275,88.2331059846137,18.0000000000001));
#12160=CARTESIAN_POINT('',(89.4806946917841,56.4040271770957,18.0000000000001));
#12161=CARTESIAN_POINT('',(23.360889073134,70.,18.0000000000001));
#12162=CARTESIAN_POINT('',(23.360889073134,70.,15.0000000000001));
#12163=CARTESIAN_POINT('',(23.360889073134,91.,15.0000000000001));
#12164=CARTESIAN_POINT('',(23.360889073134,91.,18.0000000000001));
#12165=CARTESIAN_POINT('',(23.360889073134,91.,18.0000000000001));
#12166=CARTESIAN_POINT('',(23.360889073134,70.,18.0000000000001));
#12167=CARTESIAN_POINT('',(23.360889073134,90.9999999999999,18.0000000000001));
#12168=CARTESIAN_POINT('',(23.360889073134,90.9999999999999,15.0000000000001));
#12169=CARTESIAN_POINT('',(-23.3608890731341,90.9999999999998,15.0000000000001));
#12170=CARTESIAN_POINT('',(-23.3608890731341,90.9999999999998,18.0000000000001));
#12171=CARTESIAN_POINT('',(-23.3608890731341,90.9999999999998,18.0000000000001));
#12172=CARTESIAN_POINT('',(23.360889073134,90.9999999999999,18.0000000000001));
#12173=CARTESIAN_POINT('',(-23.3608890731341,69.9999999999998,18.0000000000001));
#12174=CARTESIAN_POINT('',(-23.3608890731341,69.9999999999998,15.0000000000001));
#12175=CARTESIAN_POINT('',(-33.7798067786277,88.2331059846135,15.0000000000001));
#12176=CARTESIAN_POINT('',(-33.7798067786277,88.2331059846135,18.0000000000001));
#12177=CARTESIAN_POINT('',(-33.7798067786277,88.2331059846135,18.0000000000001));
#12178=CARTESIAN_POINT('',(-23.3608890731341,69.9999999999998,18.0000000000001));
#12179=CARTESIAN_POINT('',(-33.7798067786277,88.2331059846135,18.0000000000001));
#12180=CARTESIAN_POINT('',(-33.7798067786277,88.2331059846135,15.0000000000001));
#12181=CARTESIAN_POINT('',(-33.7798067786277,88.2331059846135,18.0000000000001));
#12182=CARTESIAN_POINT('',(-87.0000000000001,52.062811466473,18.0000000000001));
#12183=CARTESIAN_POINT('',(70.,45.,18.0000000000001));
#12184=CARTESIAN_POINT('',(78.,45.,18.0000000000001));
#12185=CARTESIAN_POINT('',(-86.0000000000001,-45.0000000000004,18.0000000000001));
#12186=CARTESIAN_POINT('',(-86.0000000000001,-41.5300000000004,18.0000000000001));
#12187=CARTESIAN_POINT('',(86.,-44.9999999999999,18.0000000000001));
#12188=CARTESIAN_POINT('',(86.,-41.5299999999999,18.0000000000001));
#12189=CARTESIAN_POINT('',(86.,51.4824889310022,18.0000000000001));
#12190=CARTESIAN_POINT('',(86.,54.9524889310022,18.0000000000001));
#12191=CARTESIAN_POINT('',(-86.0000000000001,51.4824889310017,18.0000000000001));
#12192=CARTESIAN_POINT('',(-86.0000000000001,54.9524889310017,18.0000000000001));
#12193=CARTESIAN_POINT('',(-87.0000000000001,52.062811466473,15.0000000000001));
#12194=CARTESIAN_POINT('',(70.,45.,15.0000000000001));
#12195=CARTESIAN_POINT('',(78.,45.,15.0000000000001));
#12196=CARTESIAN_POINT('',(-86.0000000000001,-45.0000000000004,15.0000000000001));
#12197=CARTESIAN_POINT('',(-84.4000000000001,-45.0000000000004,15.0000000000001));
#12198=CARTESIAN_POINT('',(86.,-44.9999999999999,15.0000000000001));
#12199=CARTESIAN_POINT('',(87.6,-44.9999999999999,15.0000000000001));
#12200=CARTESIAN_POINT('',(86.,51.4824889310022,15.0000000000001));
#12201=CARTESIAN_POINT('',(87.6,51.4824889310022,15.0000000000001));
#12202=CARTESIAN_POINT('',(-86.0000000000001,51.4824889310017,15.0000000000001));
#12203=CARTESIAN_POINT('',(-84.4000000000001,51.4824889310017,15.0000000000001));
#12204=CARTESIAN_POINT('',(-86.0000000000001,51.4824889310017,16.1300000000001));
#12205=CARTESIAN_POINT('',(-86.0000000000001,51.4824889310017,16.1300000000001));
#12206=CARTESIAN_POINT('',(-86.0000000000001,49.8824889310017,16.1300000000001));
#12207=CARTESIAN_POINT('',(-86.0000000000001,51.4824889310017,18.0000000000001));
#12208=CARTESIAN_POINT('',(86.,51.4824889310022,16.1300000000001));
#12209=CARTESIAN_POINT('',(86.,51.4824889310022,16.1300000000001));
#12210=CARTESIAN_POINT('',(86.,49.8824889310022,16.1300000000001));
#12211=CARTESIAN_POINT('',(86.,51.4824889310022,18.0000000000001));
#12212=CARTESIAN_POINT('',(86.,-44.9999999999999,16.1300000000001));
#12213=CARTESIAN_POINT('',(86.,-44.9999999999999,16.1300000000001));
#12214=CARTESIAN_POINT('',(86.,-46.5999999999999,16.1300000000001));
#12215=CARTESIAN_POINT('',(86.,-44.9999999999999,18.0000000000001));
#12216=CARTESIAN_POINT('',(-86.0000000000001,-45.0000000000004,16.1300000000001));
#12217=CARTESIAN_POINT('',(-86.0000000000001,-45.0000000000004,16.1300000000001));
#12218=CARTESIAN_POINT('',(-86.0000000000001,-46.6000000000004,16.1300000000001));
#12219=CARTESIAN_POINT('',(-86.0000000000001,-45.0000000000004,18.0000000000001));
#12220=CARTESIAN_POINT('',(70.,45.,-214.441390462198));
#12221=CARTESIAN_POINT('',(0.,0.,0.));
#12222=MECHANICAL_DESIGN_GEOMETRIC_PRESENTATION_REPRESENTATION('',(#6523,
#6524,#6525,#6526,#6527,#6528,#6529,#6530,#6531,#6532,#6533,#6534,#6535,
#6536,#6537,#6538,#6539,#6540,#6541,#6542,#6543,#6544,#6545,#6546,#6547,
#6548,#6549,#6550,#6551,#6552,#6553,#6554,#6555,#6556,#6557,#6558,#6559,
#6560,#6561,#6562,#6563,#6564,#6565,#6566,#6567,#6568,#6569,#6570,#6571,
#6572,#6573,#6574,#6575,#6576,#6577,#6578,#6579,#6580,#6581,#6582,#6583,
#6584,#6585,#6586,#6587,#6588,#6589,#6590,#6591,#6592,#6593,#6594,#6595,
#6596,#6597,#6598,#6599,#6600,#6601,#6602,#6603,#6604,#6605,#6606,#6607,
#6608,#6609,#6610,#6611,#6612,#6613,#6614,#6615,#6616,#6617,#6618,#6619,
#6620,#6621,#6622,#6623,#6624,#6625,#6626,#6627,#6628,#6629,#6630,#6631,
#6632,#6633,#6634,#6635,#6636,#6637,#6638,#6639,#6640,#6641,#6642,#6643,
#6644,#6645,#6646,#6647,#6648,#6649,#6650,#6651,#6652,#6653,#6654,#6655,
#6656,#6657,#6658,#6659,#6660,#6661,#6662,#6663,#6664,#6665,#6666,#6667,
#6668,#6669,#6670,#6671,#6672,#6673,#6674,#6675,#6676,#6677,#6678,#6679,
#6680),#12223);
#12223=(
GEOMETRIC_REPRESENTATION_CONTEXT(3)
GLOBAL_UNCERTAINTY_ASSIGNED_CONTEXT((#12230))
GLOBAL_UNIT_ASSIGNED_CONTEXT((#12239,#12238,#12237))
REPRESENTATION_CONTEXT('CURIOSITY_PIC64GX1000_tild_maze',
'TOP_LEVEL_ASSEMBLY_PART')
);
#12224=(
GEOMETRIC_REPRESENTATION_CONTEXT(3)
GLOBAL_UNCERTAINTY_ASSIGNED_CONTEXT((#12231))
GLOBAL_UNIT_ASSIGNED_CONTEXT((#12239,#12238,#12237))
REPRESENTATION_CONTEXT(
'CURIOSITY-PIC64GX1000_BRD_Rev3P0_25-0119_PCB_031425','COMPONENT_PART')
);
#12225=(
GEOMETRIC_REPRESENTATION_CONTEXT(3)
GLOBAL_UNCERTAINTY_ASSIGNED_CONTEXT((#12232))
GLOBAL_UNIT_ASSIGNED_CONTEXT((#12239,#12238,#12237))
REPRESENTATION_CONTEXT('CURIOSITY-PIC64GX1000_Housing','COMPONENT_PART')
);
#12226=(
GEOMETRIC_REPRESENTATION_CONTEXT(3)
GLOBAL_UNCERTAINTY_ASSIGNED_CONTEXT((#12233))
GLOBAL_UNIT_ASSIGNED_CONTEXT((#12239,#12238,#12237))
REPRESENTATION_CONTEXT('rhinogripv2','COMPONENT_PART')
);
#12227=(
GEOMETRIC_REPRESENTATION_CONTEXT(3)
GLOBAL_UNCERTAINTY_ASSIGNED_CONTEXT((#12234))
GLOBAL_UNIT_ASSIGNED_CONTEXT((#12239,#12238,#12237))
REPRESENTATION_CONTEXT('rhinogripv2_mir','COMPONENT_PART')
);
#12228=(
GEOMETRIC_REPRESENTATION_CONTEXT(3)
GLOBAL_UNCERTAINTY_ASSIGNED_CONTEXT((#12235))
GLOBAL_UNIT_ASSIGNED_CONTEXT((#12239,#12238,#12237))
REPRESENTATION_CONTEXT('CURIOSITY-PIC64GX1000_Bottom','COMPONENT_PART')
);
#12229=(
GEOMETRIC_REPRESENTATION_CONTEXT(3)
GLOBAL_UNCERTAINTY_ASSIGNED_CONTEXT((#12236))
GLOBAL_UNIT_ASSIGNED_CONTEXT((#12239,#12238,#12237))
REPRESENTATION_CONTEXT('CURIOSITY-PIC64GX1000_Top','COMPONENT_PART')
);
#12230=UNCERTAINTY_MEASURE_WITH_UNIT(LENGTH_MEASURE(0.005),#12239,
'DISTANCE_ACCURACY_VALUE','Maximum Tolerance applied to model');
#12231=UNCERTAINTY_MEASURE_WITH_UNIT(LENGTH_MEASURE(0.005),#12239,
'DISTANCE_ACCURACY_VALUE','Maximum Tolerance applied to model');
#12232=UNCERTAINTY_MEASURE_WITH_UNIT(LENGTH_MEASURE(0.005),#12239,
'DISTANCE_ACCURACY_VALUE','Maximum Tolerance applied to model');
#12233=UNCERTAINTY_MEASURE_WITH_UNIT(LENGTH_MEASURE(0.005),#12239,
'DISTANCE_ACCURACY_VALUE','Maximum Tolerance applied to model');
#12234=UNCERTAINTY_MEASURE_WITH_UNIT(LENGTH_MEASURE(0.005),#12239,
'DISTANCE_ACCURACY_VALUE','Maximum Tolerance applied to model');
#12235=UNCERTAINTY_MEASURE_WITH_UNIT(LENGTH_MEASURE(0.005),#12239,
'DISTANCE_ACCURACY_VALUE','Maximum Tolerance applied to model');
#12236=UNCERTAINTY_MEASURE_WITH_UNIT(LENGTH_MEASURE(0.005),#12239,
'DISTANCE_ACCURACY_VALUE','Maximum Tolerance applied to model');
#12237=(
NAMED_UNIT(*)
SI_UNIT($,.STERADIAN.)
SOLID_ANGLE_UNIT()
);
#12238=(
NAMED_UNIT(*)
PLANE_ANGLE_UNIT()
SI_UNIT($,.RADIAN.)
);
#12239=(
LENGTH_UNIT()
NAMED_UNIT(*)
SI_UNIT(.MILLI.,.METRE.)
);
#12240=PRODUCT_DEFINITION_SHAPE('','',#12253);
#12241=PRODUCT_DEFINITION_SHAPE('','',#12254);
#12242=PRODUCT_DEFINITION_SHAPE(' ','NAUO PRDDFN',#89);
#12243=PRODUCT_DEFINITION_SHAPE('','',#12255);
#12244=PRODUCT_DEFINITION_SHAPE(' ','NAUO PRDDFN',#90);
#12245=PRODUCT_DEFINITION_SHAPE('','',#12256);
#12246=PRODUCT_DEFINITION_SHAPE(' ','NAUO PRDDFN',#91);
#12247=PRODUCT_DEFINITION_SHAPE('','',#12257);
#12248=PRODUCT_DEFINITION_SHAPE(' ','NAUO PRDDFN',#92);
#12249=PRODUCT_DEFINITION_SHAPE('','',#12258);
#12250=PRODUCT_DEFINITION_SHAPE(' ','NAUO PRDDFN',#93);
#12251=PRODUCT_DEFINITION_SHAPE('','',#12259);
#12252=PRODUCT_DEFINITION_SHAPE(' ','NAUO PRDDFN',#94);
#12253=PRODUCT_DEFINITION('','',#12267,#12260);
#12254=PRODUCT_DEFINITION('','',#12268,#12261);
#12255=PRODUCT_DEFINITION('','',#12269,#12262);
#12256=PRODUCT_DEFINITION('','',#12270,#12263);
#12257=PRODUCT_DEFINITION('','',#12271,#12264);
#12258=PRODUCT_DEFINITION('','',#12272,#12265);
#12259=PRODUCT_DEFINITION('','',#12273,#12266);
#12260=PRODUCT_DEFINITION_CONTEXT('',#12303,'design');
#12261=PRODUCT_DEFINITION_CONTEXT('',#12303,'design');
#12262=PRODUCT_DEFINITION_CONTEXT('',#12303,'design');
#12263=PRODUCT_DEFINITION_CONTEXT('',#12303,'design');
#12264=PRODUCT_DEFINITION_CONTEXT('',#12303,'design');
#12265=PRODUCT_DEFINITION_CONTEXT('',#12303,'design');
#12266=PRODUCT_DEFINITION_CONTEXT('',#12303,'design');
#12267=PRODUCT_DEFINITION_FORMATION_WITH_SPECIFIED_SOURCE('','',#12281,
 .NOT_KNOWN.);
#12268=PRODUCT_DEFINITION_FORMATION_WITH_SPECIFIED_SOURCE('','',#12282,
 .NOT_KNOWN.);
#12269=PRODUCT_DEFINITION_FORMATION_WITH_SPECIFIED_SOURCE('','',#12283,
 .NOT_KNOWN.);
#12270=PRODUCT_DEFINITION_FORMATION_WITH_SPECIFIED_SOURCE('','',#12284,
 .NOT_KNOWN.);
#12271=PRODUCT_DEFINITION_FORMATION_WITH_SPECIFIED_SOURCE('','',#12285,
 .NOT_KNOWN.);
#12272=PRODUCT_DEFINITION_FORMATION_WITH_SPECIFIED_SOURCE('','',#12286,
 .NOT_KNOWN.);
#12273=PRODUCT_DEFINITION_FORMATION_WITH_SPECIFIED_SOURCE('','',#12287,
 .NOT_KNOWN.);
#12274=PRODUCT_RELATED_PRODUCT_CATEGORY('','',(#12281));
#12275=PRODUCT_RELATED_PRODUCT_CATEGORY('','',(#12282));
#12276=PRODUCT_RELATED_PRODUCT_CATEGORY('','',(#12283));
#12277=PRODUCT_RELATED_PRODUCT_CATEGORY('','',(#12284));
#12278=PRODUCT_RELATED_PRODUCT_CATEGORY('','',(#12285));
#12279=PRODUCT_RELATED_PRODUCT_CATEGORY('','',(#12286));
#12280=PRODUCT_RELATED_PRODUCT_CATEGORY('','',(#12287));
#12281=PRODUCT('CURIOSITY_PIC64GX1000_tild_maze',
'CURIOSITY_PIC64GX1000_tild_maze','CURIOSITY_PIC64GX1000_tild_maze',(#12295));
#12282=PRODUCT('CURIOSITY-PIC64GX1000_BRD_Rev3P0_25-0119_PCB_031425',
'CURIOSITY-PIC64GX1000_BRD_Rev3P0_25-0119_PCB_031425',
'CURIOSITY-PIC64GX1000_BRD_Rev3P0_25-0119_PCB_031425',(#12296));
#12283=PRODUCT('CURIOSITY-PIC64GX1000_Housing',
'CURIOSITY-PIC64GX1000_Housing','CURIOSITY-PIC64GX1000_Housing',(#12297));
#12284=PRODUCT('rhinogripv2','rhinogripv2','rhinogripv2',(#12298));
#12285=PRODUCT('rhinogripv2_mir','rhinogripv2_mir','rhinogripv2_mir',(#12299));
#12286=PRODUCT('CURIOSITY-PIC64GX1000_Bottom',
'CURIOSITY-PIC64GX1000_Bottom','CURIOSITY-PIC64GX1000_Bottom',(#12300));
#12287=PRODUCT('CURIOSITY-PIC64GX1000_Top','CURIOSITY-PIC64GX1000_Top',
'CURIOSITY-PIC64GX1000_Top',(#12301));
#12288=PRODUCT_CATEGORY('','');
#12289=PRODUCT_CATEGORY('','');
#12290=PRODUCT_CATEGORY('','');
#12291=PRODUCT_CATEGORY('','');
#12292=PRODUCT_CATEGORY('','');
#12293=PRODUCT_CATEGORY('','');
#12294=PRODUCT_CATEGORY('','');
#12295=PRODUCT_CONTEXT('',#12303,'mechanical');
#12296=PRODUCT_CONTEXT('',#12303,'mechanical');
#12297=PRODUCT_CONTEXT('',#12303,'mechanical');
#12298=PRODUCT_CONTEXT('',#12303,'mechanical');
#12299=PRODUCT_CONTEXT('',#12303,'mechanical');
#12300=PRODUCT_CONTEXT('',#12303,'mechanical');
#12301=PRODUCT_CONTEXT('',#12303,'mechanical');
#12302=APPLICATION_PROTOCOL_DEFINITION('international standard',
'automotive_design',2010,#12303);
#12303=APPLICATION_CONTEXT(
'core data for automotive mechanical design processes');
ENDSEC;
END-ISO-10303-21;
